#
# There is insufficient memory for the Java Runtime Environment to continue.
# Native memory allocation (malloc) failed to allocate 1819696 bytes. Error detail: Chunk::new
# Possible reasons:
#   The system is out of physical RAM or swap space
#   This process is running with CompressedOops enabled, and the Java Heap may be blocking the growth of the native heap
# Possible solutions:
#   Reduce memory load on the system
#   Increase physical memory or swap space
#   Check if swap backing store is full
#   Decrease Java heap size (-Xmx/-Xms)
#   Decrease number of Java threads
#   Decrease Java thread stack sizes (-Xss)
#   Set larger code cache with -XX:ReservedCodeCacheSize=
#   JVM is running with Unscaled Compressed Oops mode in which the Java heap is
#     placed in the first 4GB address space. The Java Heap base address is the
#     maximum limit for the native heap growth. Please use -XX:HeapBaseMinAddress
#     to set the Java Heap base and to place the Java Heap above 4GB virtual address.
# This output file may be truncated or incomplete.
#
#  Out of Memory Error (arena.cpp:168), pid=23480, tid=21560
#
# JRE version: OpenJDK Runtime Environment (21.0.7) (build 21.0.7+-13880790-b1038.58)
# Java VM: OpenJDK 64-Bit Server VM (21.0.7+-13880790-b1038.58, mixed mode, tiered, compressed oops, compressed class ptrs, g1 gc, windows-amd64)
# No core dump will be written. Minidumps are not enabled by default on client versions of Windows
#

---------------  S U M M A R Y ------------

Command Line: --add-opens=java.base/java.lang=ALL-UNNAMED --add-opens=java.base/java.lang.invoke=ALL-UNNAMED --add-opens=java.base/java.util=ALL-UNNAMED --add-opens=java.prefs/java.util.prefs=ALL-UNNAMED --add-exports=jdk.compiler/com.sun.tools.javac.api=ALL-UNNAMED --add-exports=jdk.compiler/com.sun.tools.javac.util=ALL-UNNAMED --add-opens=java.base/java.util=ALL-UNNAMED --add-opens=java.prefs/java.util.prefs=ALL-UNNAMED --add-opens=java.base/java.nio.charset=ALL-UNNAMED --add-opens=java.base/java.net=ALL-UNNAMED --add-opens=java.base/java.util.concurrent.atomic=ALL-UNNAMED --add-opens=java.xml/javax.xml.namespace=ALL-UNNAMED -Xmx2048m -Dfile.encoding=UTF-8 -Duser.country=US -Duser.language=en -Duser.variant -javaagent:C:\Users\deepa\.gradle\wrapper\dists\gradle-8.13-bin\5xuhj0ry160q40clulazy9h7d\gradle-8.13\lib\agents\gradle-instrumentation-agent-8.13.jar org.gradle.launcher.daemon.bootstrap.GradleDaemon 8.13

Host: Intel(R) Core(TM) i5-10500H CPU @ 2.50GHz, 12 cores, 7G,  Windows 11 , 64 bit Build 26100 (10.0.26100.4768)
Time: Mon Sep  8 22:22:55 2025 W. Europe Daylight Time elapsed time: 43.127535 seconds (0d 0h 0m 43s)

---------------  T H R E A D  ---------------

Current thread (0x000001ca9d15ed00):  JavaThread "C2 CompilerThread2" daemon [_thread_in_native, id=21560, stack(0x000000ac0fb00000,0x000000ac0fc00000) (1024K)]


Current CompileTask:
C2:43127 9575       4       org.gradle.internal.serialize.HierarchicalNameSerializer::readFirstOccurrenceOfName (60 bytes)

Stack: [0x000000ac0fb00000,0x000000ac0fc00000]
Native frames: (J=compiled Java code, j=interpreted, Vv=VM code, C=native code)
V  [jvm.dll+0x6d25c9]
V  [jvm.dll+0x860923]
V  [jvm.dll+0x862e7e]
V  [jvm.dll+0x863563]
V  [jvm.dll+0x27f156]
V  [jvm.dll+0xc002d]
V  [jvm.dll+0xc0563]
V  [jvm.dll+0x3b6d01]
V  [jvm.dll+0x382c27]
V  [jvm.dll+0x38209a]
V  [jvm.dll+0x247e72]
V  [jvm.dll+0x247441]
V  [jvm.dll+0x1c5fb4]
V  [jvm.dll+0x256bac]
V  [jvm.dll+0x2550f6]
V  [jvm.dll+0x3f1d16]
V  [jvm.dll+0x808d08]
V  [jvm.dll+0x6d0e1d]
C  [ucrtbase.dll+0x37b0]
C  [KERNEL32.DLL+0x2e8d7]
C  [ntdll.dll+0x3c34c]


---------------  P R O C E S S  ---------------

Threads class SMR info:
_java_thread_list=0x000001ca9ade3b60, length=100, elements={
0x000001caf80b6cc0, 0x000001caff1aecf0, 0x000001caff1bab20, 0x000001caff1dbd30,
0x000001caff1f0600, 0x000001caff1f1bd0, 0x000001caff1f51b0, 0x000001caff1ff7e0,
0x000001caff228650, 0x000001caff242d00, 0x000001caff201220, 0x000001caff1fdda0,
0x000001caff1ff150, 0x000001caff1fe430, 0x000001caff200b90, 0x000001caff1ffe70,
0x000001caff200500, 0x000001ca9828ade0, 0x000001ca9828b470, 0x000001ca9828dbd0,
0x000001ca9828c190, 0x000001ca9828bb00, 0x000001ca9828a750, 0x000001ca9828e260,
0x000001ca9828f610, 0x000001ca9828e8f0, 0x000001ca9828ef80, 0x000001ca9828fca0,
0x000001ca9828c820, 0x000001ca98290330, 0x000001ca9828ceb0, 0x000001ca982909c0,
0x000001ca982916e0, 0x000001ca98291050, 0x000001ca98291d70, 0x000001ca9b15eea0,
0x000001ca9b15e810, 0x000001ca9b15d460, 0x000001ca9b15f530, 0x000001ca9b15daf0,
0x000001ca9b15cdd0, 0x000001ca9b163040, 0x000001ca9b163d60, 0x000001ca9b1643f0,
0x000001ca9b160f70, 0x000001ca9b161600, 0x000001ca9b161c90, 0x000001ca9b162320,
0x000001ca9a038ba0, 0x000001ca9a036440, 0x000001ca9a036ad0, 0x000001ca9a0377f0,
0x000001ca9a037160, 0x000001ca9a035720, 0x000001ca9a039230, 0x000001ca9a035db0,
0x000001ca9a0398c0, 0x000001ca9a038510, 0x000001ca9a03b300, 0x000001ca9a039f50,
0x000001ca9a03a5e0, 0x000001ca9a03ac70, 0x000001ca9a037e80, 0x000001ca9a03b990,
0x000001ca9a03c020, 0x000001ca98d604c0, 0x000001ca98d5f7a0, 0x000001ca98d60b50,
0x000001ca98d632b0, 0x000001ca98d611e0, 0x000001ca98d61870, 0x000001ca98d5fe30,
0x000001ca98d64660, 0x000001ca98d64cf0, 0x000001ca98d63fd0, 0x000001ca98d65380,
0x000001ca98d65a10, 0x000001ca98d660a0, 0x000001ca98d66730, 0x000001ca98d66dc0,
0x000001ca98d63940, 0x000001ca9bdd90b0, 0x000001ca9bdd8a20, 0x000001ca9bdda460,
0x000001ca9bddb180, 0x000001ca9bddaaf0, 0x000001ca9bdd8390, 0x000001ca9be8f8c0,
0x000001ca9d15ed00, 0x000001ca9bdd7d00, 0x000001ca9bdddf70, 0x000001ca9bddd8e0,
0x000001ca9bddb810, 0x000001ca9bdde600, 0x000001ca9bddec90, 0x000001ca9bddf320,
0x000001ca9bddcbc0, 0x000001ca9bddc530, 0x000001ca9bddbea0, 0x000001ca9bddd250
}

Java Threads: ( => current thread )
  0x000001caf80b6cc0 JavaThread "main"                              [_thread_blocked, id=15840, stack(0x000000ac09000000,0x000000ac09100000) (1024K)]
  0x000001caff1aecf0 JavaThread "Common-Cleaner"             daemon [_thread_blocked, id=20648, stack(0x000000ac09800000,0x000000ac09900000) (1024K)]
  0x000001caff1bab20 JavaThread "Reference Handler"          daemon [_thread_blocked, id=7976, stack(0x000000ac09900000,0x000000ac09a00000) (1024K)]
  0x000001caff1dbd30 JavaThread "Finalizer"                  daemon [_thread_blocked, id=26896, stack(0x000000ac09a00000,0x000000ac09b00000) (1024K)]
  0x000001caff1f0600 JavaThread "Signal Dispatcher"          daemon [_thread_blocked, id=8488, stack(0x000000ac09b00000,0x000000ac09c00000) (1024K)]
  0x000001caff1f1bd0 JavaThread "Attach Listener"            daemon [_thread_blocked, id=11584, stack(0x000000ac09c00000,0x000000ac09d00000) (1024K)]
  0x000001caff1f51b0 JavaThread "Service Thread"             daemon [_thread_blocked, id=17248, stack(0x000000ac09d00000,0x000000ac09e00000) (1024K)]
  0x000001caff1ff7e0 JavaThread "Monitor Deflation Thread"   daemon [_thread_blocked, id=25672, stack(0x000000ac09e00000,0x000000ac09f00000) (1024K)]
  0x000001caff228650 JavaThread "C2 CompilerThread0"         daemon [_thread_in_native, id=4556, stack(0x000000ac09f00000,0x000000ac0a000000) (1024K)]
  0x000001caff242d00 JavaThread "C1 CompilerThread0"         daemon [_thread_blocked, id=26032, stack(0x000000ac0a000000,0x000000ac0a100000) (1024K)]
  0x000001caff201220 JavaThread "Notification Thread"        daemon [_thread_blocked, id=20756, stack(0x000000ac0a100000,0x000000ac0a200000) (1024K)]
  0x000001caff1fdda0 JavaThread "Daemon health stats"               [_thread_blocked, id=18404, stack(0x000000ac0ab00000,0x000000ac0ac00000) (1024K)]
  0x000001caff1ff150 JavaThread "Incoming local TCP Connector on port 53827"        [_thread_in_native, id=4428, stack(0x000000ac0ac00000,0x000000ac0ad00000) (1024K)]
  0x000001caff1fe430 JavaThread "Daemon periodic checks"            [_thread_blocked, id=26268, stack(0x000000ac0ad00000,0x000000ac0ae00000) (1024K)]
  0x000001caff200b90 JavaThread "Daemon"                            [_thread_blocked, id=21112, stack(0x000000ac0ae00000,0x000000ac0af00000) (1024K)]
  0x000001caff1ffe70 JavaThread "Handler for socket connection from /127.0.0.1:53827 to /127.0.0.1:53828"        [_thread_in_native, id=25584, stack(0x000000ac0af00000,0x000000ac0b000000) (1024K)]
  0x000001caff200500 JavaThread "Cancel handler"                    [_thread_blocked, id=16848, stack(0x000000ac0b000000,0x000000ac0b100000) (1024K)]
  0x000001ca9828ade0 JavaThread "Daemon worker"                     [_thread_blocked, id=20152, stack(0x000000ac0b100000,0x000000ac0b200000) (1024K)]
  0x000001ca9828b470 JavaThread "Asynchronous log dispatcher for DefaultDaemonConnection: socket connection from /127.0.0.1:53827 to /127.0.0.1:53828"        [_thread_blocked, id=25300, stack(0x000000ac0b200000,0x000000ac0b300000) (1024K)]
  0x000001ca9828dbd0 JavaThread "Stdin handler"                     [_thread_blocked, id=7992, stack(0x000000ac0b300000,0x000000ac0b400000) (1024K)]
  0x000001ca9828c190 JavaThread "Daemon client event forwarder"        [_thread_blocked, id=25976, stack(0x000000ac0b400000,0x000000ac0b500000) (1024K)]
  0x000001ca9828bb00 JavaThread "Cache worker for journal cache (C:\Users\deepa\.gradle\caches\journal-1)"        [_thread_blocked, id=19032, stack(0x000000ac0b800000,0x000000ac0b900000) (1024K)]
  0x000001ca9828a750 JavaThread "File lock request listener"        [_thread_in_native, id=1664, stack(0x000000ac0b900000,0x000000ac0ba00000) (1024K)]
  0x000001ca9828e260 JavaThread "Cache worker for file hash cache (C:\Users\deepa\.gradle\caches\8.13\fileHashes)"        [_thread_blocked, id=19820, stack(0x000000ac0ba00000,0x000000ac0bb00000) (1024K)]
  0x000001ca9828f610 JavaThread "Cache worker for file hash cache (E:\Mob_Sys\MyApplication2\.gradle\8.13\fileHashes)"        [_thread_blocked, id=22348, stack(0x000000ac0bb00000,0x000000ac0bc00000) (1024K)]
  0x000001ca9828e8f0 JavaThread "Cache worker for Build Output Cleanup Cache (E:\Mob_Sys\MyApplication2\.gradle\buildOutputCleanup)"        [_thread_blocked, id=6680, stack(0x000000ac0bc00000,0x000000ac0bd00000) (1024K)]
  0x000001ca9828ef80 JavaThread "File watcher server"        daemon [_thread_in_native, id=6156, stack(0x000000ac0bd00000,0x000000ac0be00000) (1024K)]
  0x000001ca9828fca0 JavaThread "File watcher consumer"      daemon [_thread_blocked, id=3152, stack(0x000000ac0be00000,0x000000ac0bf00000) (1024K)]
  0x000001ca9828c820 JavaThread "jar transforms"                    [_thread_blocked, id=20784, stack(0x000000ac0bf00000,0x000000ac0c000000) (1024K)]
  0x000001ca98290330 JavaThread "jar transforms Thread 2"           [_thread_blocked, id=22768, stack(0x000000ac0c000000,0x000000ac0c100000) (1024K)]
  0x000001ca9828ceb0 JavaThread "jar transforms Thread 3"           [_thread_blocked, id=11328, stack(0x000000ac0c100000,0x000000ac0c200000) (1024K)]
  0x000001ca982909c0 JavaThread "jar transforms Thread 4"           [_thread_blocked, id=10340, stack(0x000000ac0c200000,0x000000ac0c300000) (1024K)]
  0x000001ca982916e0 JavaThread "jar transforms Thread 5"           [_thread_blocked, id=2068, stack(0x000000ac0c300000,0x000000ac0c400000) (1024K)]
  0x000001ca98291050 JavaThread "jar transforms Thread 6"           [_thread_blocked, id=20996, stack(0x000000ac0c400000,0x000000ac0c500000) (1024K)]
  0x000001ca98291d70 JavaThread "jar transforms Thread 7"           [_thread_blocked, id=27072, stack(0x000000ac0c500000,0x000000ac0c600000) (1024K)]
  0x000001ca9b15eea0 JavaThread "jar transforms Thread 8"           [_thread_blocked, id=8812, stack(0x000000ac0c600000,0x000000ac0c700000) (1024K)]
  0x000001ca9b15e810 JavaThread "jar transforms Thread 9"           [_thread_blocked, id=11756, stack(0x000000ac0c700000,0x000000ac0c800000) (1024K)]
  0x000001ca9b15d460 JavaThread "jar transforms Thread 10"          [_thread_blocked, id=26080, stack(0x000000ac0c800000,0x000000ac0c900000) (1024K)]
  0x000001ca9b15f530 JavaThread "jar transforms Thread 11"          [_thread_blocked, id=25184, stack(0x000000ac0c900000,0x000000ac0ca00000) (1024K)]
  0x000001ca9b15daf0 JavaThread "jar transforms Thread 12"          [_thread_blocked, id=26932, stack(0x000000ac0ca00000,0x000000ac0cb00000) (1024K)]
  0x000001ca9b15cdd0 JavaThread "Cache worker for checksums cache (E:\Mob_Sys\MyApplication2\.gradle\8.13\checksums)"        [_thread_blocked, id=24260, stack(0x000000ac0cc00000,0x000000ac0cd00000) (1024K)]
  0x000001ca9b163040 JavaThread "Cache worker for file content cache (C:\Users\deepa\.gradle\caches\8.13\fileContent)"        [_thread_blocked, id=21716, stack(0x000000ac0cd00000,0x000000ac0ce00000) (1024K)]
  0x000001ca9b163d60 JavaThread "Cache worker for cache directory md-supplier (C:\Users\deepa\.gradle\caches\8.13\md-supplier)"        [_thread_blocked, id=26252, stack(0x000000ac0cb00000,0x000000ac0cc00000) (1024K)]
  0x000001ca9b1643f0 JavaThread "Cache worker for cache directory md-rule (C:\Users\deepa\.gradle\caches\8.13\md-rule)"        [_thread_blocked, id=24236, stack(0x000000ac0ce00000,0x000000ac0cf00000) (1024K)]
  0x000001ca9b160f70 JavaThread "Unconstrained build operations"        [_thread_blocked, id=3676, stack(0x000000ac0a200000,0x000000ac0a300000) (1024K)]
  0x000001ca9b161600 JavaThread "Unconstrained build operations Thread 2"        [_thread_blocked, id=22084, stack(0x000000ac0cf00000,0x000000ac0d000000) (1024K)]
  0x000001ca9b161c90 JavaThread "Unconstrained build operations Thread 3"        [_thread_blocked, id=12052, stack(0x000000ac0d000000,0x000000ac0d100000) (1024K)]
  0x000001ca9b162320 JavaThread "Unconstrained build operations Thread 4"        [_thread_blocked, id=9860, stack(0x000000ac0d100000,0x000000ac0d200000) (1024K)]
  0x000001ca9a038ba0 JavaThread "Unconstrained build operations Thread 5"        [_thread_blocked, id=25592, stack(0x000000ac0d200000,0x000000ac0d300000) (1024K)]
  0x000001ca9a036440 JavaThread "Unconstrained build operations Thread 6"        [_thread_blocked, id=8128, stack(0x000000ac0d300000,0x000000ac0d400000) (1024K)]
  0x000001ca9a036ad0 JavaThread "Unconstrained build operations Thread 7"        [_thread_blocked, id=17432, stack(0x000000ac0d400000,0x000000ac0d500000) (1024K)]
  0x000001ca9a0377f0 JavaThread "Unconstrained build operations Thread 8"        [_thread_blocked, id=21248, stack(0x000000ac0d500000,0x000000ac0d600000) (1024K)]
  0x000001ca9a037160 JavaThread "Unconstrained build operations Thread 9"        [_thread_blocked, id=27116, stack(0x000000ac0d600000,0x000000ac0d700000) (1024K)]
  0x000001ca9a035720 JavaThread "Unconstrained build operations Thread 10"        [_thread_blocked, id=25560, stack(0x000000ac0d700000,0x000000ac0d800000) (1024K)]
  0x000001ca9a039230 JavaThread "Unconstrained build operations Thread 11"        [_thread_blocked, id=15752, stack(0x000000ac0d800000,0x000000ac0d900000) (1024K)]
  0x000001ca9a035db0 JavaThread "Unconstrained build operations Thread 12"        [_thread_blocked, id=3656, stack(0x000000ac0d900000,0x000000ac0da00000) (1024K)]
  0x000001ca9a0398c0 JavaThread "Unconstrained build operations Thread 13"        [_thread_blocked, id=11156, stack(0x000000ac0da00000,0x000000ac0db00000) (1024K)]
  0x000001ca9a038510 JavaThread "Unconstrained build operations Thread 14"        [_thread_blocked, id=11640, stack(0x000000ac0db00000,0x000000ac0dc00000) (1024K)]
  0x000001ca9a03b300 JavaThread "Unconstrained build operations Thread 15"        [_thread_blocked, id=15148, stack(0x000000ac0dc00000,0x000000ac0dd00000) (1024K)]
  0x000001ca9a039f50 JavaThread "Unconstrained build operations Thread 16"        [_thread_blocked, id=1908, stack(0x000000ac0dd00000,0x000000ac0de00000) (1024K)]
  0x000001ca9a03a5e0 JavaThread "Unconstrained build operations Thread 17"        [_thread_blocked, id=23852, stack(0x000000ac0de00000,0x000000ac0df00000) (1024K)]
  0x000001ca9a03ac70 JavaThread "Unconstrained build operations Thread 18"        [_thread_blocked, id=16312, stack(0x000000ac0df00000,0x000000ac0e000000) (1024K)]
  0x000001ca9a037e80 JavaThread "Unconstrained build operations Thread 19"        [_thread_blocked, id=14968, stack(0x000000ac0e000000,0x000000ac0e100000) (1024K)]
  0x000001ca9a03b990 JavaThread "Unconstrained build operations Thread 20"        [_thread_blocked, id=23904, stack(0x000000ac0e100000,0x000000ac0e200000) (1024K)]
  0x000001ca9a03c020 JavaThread "Unconstrained build operations Thread 21"        [_thread_blocked, id=21328, stack(0x000000ac0e200000,0x000000ac0e300000) (1024K)]
  0x000001ca98d604c0 JavaThread "Unconstrained build operations Thread 22"        [_thread_blocked, id=27416, stack(0x000000ac0e300000,0x000000ac0e400000) (1024K)]
  0x000001ca98d5f7a0 JavaThread "Unconstrained build operations Thread 23"        [_thread_blocked, id=22320, stack(0x000000ac0e500000,0x000000ac0e600000) (1024K)]
  0x000001ca98d60b50 JavaThread "Unconstrained build operations Thread 24"        [_thread_blocked, id=18956, stack(0x000000ac0e600000,0x000000ac0e700000) (1024K)]
  0x000001ca98d632b0 JavaThread "Unconstrained build operations Thread 25"        [_thread_blocked, id=27420, stack(0x000000ac0e700000,0x000000ac0e800000) (1024K)]
  0x000001ca98d611e0 JavaThread "Unconstrained build operations Thread 26"        [_thread_blocked, id=26056, stack(0x000000ac0e800000,0x000000ac0e900000) (1024K)]
  0x000001ca98d61870 JavaThread "Unconstrained build operations Thread 27"        [_thread_blocked, id=10232, stack(0x000000ac0e900000,0x000000ac0ea00000) (1024K)]
  0x000001ca98d5fe30 JavaThread "Unconstrained build operations Thread 28"        [_thread_blocked, id=25464, stack(0x000000ac0ea00000,0x000000ac0eb00000) (1024K)]
  0x000001ca98d64660 JavaThread "Unconstrained build operations Thread 29"        [_thread_blocked, id=6992, stack(0x000000ac0eb00000,0x000000ac0ec00000) (1024K)]
  0x000001ca98d64cf0 JavaThread "Unconstrained build operations Thread 30"        [_thread_blocked, id=25108, stack(0x000000ac0ec00000,0x000000ac0ed00000) (1024K)]
  0x000001ca98d63fd0 JavaThread "Unconstrained build operations Thread 31"        [_thread_blocked, id=26004, stack(0x000000ac0ed00000,0x000000ac0ee00000) (1024K)]
  0x000001ca98d65380 JavaThread "Unconstrained build operations Thread 32"        [_thread_blocked, id=3200, stack(0x000000ac0ee00000,0x000000ac0ef00000) (1024K)]
  0x000001ca98d65a10 JavaThread "Unconstrained build operations Thread 33"        [_thread_blocked, id=4100, stack(0x000000ac0f000000,0x000000ac0f100000) (1024K)]
  0x000001ca98d660a0 JavaThread "Unconstrained build operations Thread 34"        [_thread_blocked, id=19348, stack(0x000000ac0f100000,0x000000ac0f200000) (1024K)]
  0x000001ca98d66730 JavaThread "Unconstrained build operations Thread 35"        [_thread_blocked, id=14412, stack(0x000000ac0f200000,0x000000ac0f300000) (1024K)]
  0x000001ca98d66dc0 JavaThread "Unconstrained build operations Thread 36"        [_thread_blocked, id=16664, stack(0x000000ac0f300000,0x000000ac0f400000) (1024K)]
  0x000001ca98d63940 JavaThread "Unconstrained build operations Thread 37"        [_thread_blocked, id=6928, stack(0x000000ac0f400000,0x000000ac0f500000) (1024K)]
  0x000001ca9bdd90b0 JavaThread "Unconstrained build operations Thread 38"        [_thread_blocked, id=23968, stack(0x000000ac0f500000,0x000000ac0f600000) (1024K)]
  0x000001ca9bdd8a20 JavaThread "Unconstrained build operations Thread 39"        [_thread_blocked, id=24372, stack(0x000000ac0f600000,0x000000ac0f700000) (1024K)]
  0x000001ca9bdda460 JavaThread "Unconstrained build operations Thread 40"        [_thread_blocked, id=21972, stack(0x000000ac0f700000,0x000000ac0f800000) (1024K)]
  0x000001ca9bddb180 JavaThread "Unconstrained build operations Thread 41"        [_thread_blocked, id=8160, stack(0x000000ac0f800000,0x000000ac0f900000) (1024K)]
  0x000001ca9bddaaf0 JavaThread "Unconstrained build operations Thread 42"        [_thread_blocked, id=12756, stack(0x000000ac0f900000,0x000000ac0fa00000) (1024K)]
  0x000001ca9bdd8390 JavaThread "Unconstrained build operations Thread 43"        [_thread_blocked, id=16144, stack(0x000000ac0fa00000,0x000000ac0fb00000) (1024K)]
  0x000001ca9be8f8c0 JavaThread "C2 CompilerThread1"         daemon [_thread_in_vm, id=16464, stack(0x000000ac0ef00000,0x000000ac0f000000) (1024K)]
=>0x000001ca9d15ed00 JavaThread "C2 CompilerThread2"         daemon [_thread_in_native, id=21560, stack(0x000000ac0fb00000,0x000000ac0fc00000) (1024K)]
  0x000001ca9bdd7d00 JavaThread "Unconstrained build operations Thread 44"        [_thread_in_native, id=18848, stack(0x000000ac0fc00000,0x000000ac0fd00000) (1024K)]
  0x000001ca9bdddf70 JavaThread "Unconstrained build operations Thread 45"        [_thread_blocked, id=27584, stack(0x000000ac0fd00000,0x000000ac0fe00000) (1024K)]
  0x000001ca9bddd8e0 JavaThread "Unconstrained build operations Thread 46"        [_thread_blocked, id=18244, stack(0x000000ac0fe00000,0x000000ac0ff00000) (1024K)]
  0x000001ca9bddb810 JavaThread "Unconstrained build operations Thread 47"        [_thread_blocked, id=17548, stack(0x000000ac0ff00000,0x000000ac10000000) (1024K)]
  0x000001ca9bdde600 JavaThread "Unconstrained build operations Thread 48"        [_thread_blocked, id=21296, stack(0x000000ac10000000,0x000000ac10100000) (1024K)]
  0x000001ca9bddec90 JavaThread "Unconstrained build operations Thread 49"        [_thread_blocked, id=7980, stack(0x000000ac10100000,0x000000ac10200000) (1024K)]
  0x000001ca9bddf320 JavaThread "Unconstrained build operations Thread 50"        [_thread_blocked, id=26708, stack(0x000000ac10200000,0x000000ac10300000) (1024K)]
  0x000001ca9bddcbc0 JavaThread "Unconstrained build operations Thread 51"        [_thread_blocked, id=21604, stack(0x000000ac10300000,0x000000ac10400000) (1024K)]
  0x000001ca9bddc530 JavaThread "Unconstrained build operations Thread 52"        [_thread_blocked, id=6804, stack(0x000000ac10400000,0x000000ac10500000) (1024K)]
  0x000001ca9bddbea0 JavaThread "Unconstrained build operations Thread 53"        [_thread_blocked, id=4720, stack(0x000000ac10500000,0x000000ac10600000) (1024K)]
  0x000001ca9bddd250 JavaThread "Unconstrained build operations Thread 54"        [_thread_blocked, id=10408, stack(0x000000ac10600000,0x000000ac10700000) (1024K)]
Total: 100

Other Threads:
  0x000001caff001030 VMThread "VM Thread"                           [id=12960, stack(0x000000ac09700000,0x000000ac09800000) (1024K)]
  0x000001cafef9db00 WatcherThread "VM Periodic Task Thread"        [id=22940, stack(0x000000ac09600000,0x000000ac09700000) (1024K)]
  0x000001cafa523080 WorkerThread "GC Thread#0"                     [id=8212, stack(0x000000ac09100000,0x000000ac09200000) (1024K)]
  0x000001caff793e10 WorkerThread "GC Thread#1"                     [id=12268, stack(0x000000ac0a300000,0x000000ac0a400000) (1024K)]
  0x000001caff7941b0 WorkerThread "GC Thread#2"                     [id=20216, stack(0x000000ac0a400000,0x000000ac0a500000) (1024K)]
  0x000001ca973f7df0 WorkerThread "GC Thread#3"                     [id=25380, stack(0x000000ac0a500000,0x000000ac0a600000) (1024K)]
  0x000001ca974bc460 WorkerThread "GC Thread#4"                     [id=17932, stack(0x000000ac0a600000,0x000000ac0a700000) (1024K)]
  0x000001caffaa2820 WorkerThread "GC Thread#5"                     [id=11476, stack(0x000000ac0a700000,0x000000ac0a800000) (1024K)]
  0x000001ca97dc1d90 WorkerThread "GC Thread#6"                     [id=24252, stack(0x000000ac0a800000,0x000000ac0a900000) (1024K)]
  0x000001ca97dc2130 WorkerThread "GC Thread#7"                     [id=9940, stack(0x000000ac0a900000,0x000000ac0aa00000) (1024K)]
  0x000001ca97dc24d0 WorkerThread "GC Thread#8"                     [id=22780, stack(0x000000ac0aa00000,0x000000ac0ab00000) (1024K)]
  0x000001caff7a9ac0 WorkerThread "GC Thread#9"                     [id=19308, stack(0x000000ac0b500000,0x000000ac0b600000) (1024K)]
  0x000001cafa534db0 ConcurrentGCThread "G1 Main Marker"            [id=27588, stack(0x000000ac09200000,0x000000ac09300000) (1024K)]
  0x000001cafa535f60 WorkerThread "G1 Conc#0"                       [id=10152, stack(0x000000ac09300000,0x000000ac09400000) (1024K)]
  0x000001caff7ab080 WorkerThread "G1 Conc#1"                       [id=12612, stack(0x000000ac0b600000,0x000000ac0b700000) (1024K)]
  0x000001caff7aace0 WorkerThread "G1 Conc#2"                       [id=5040, stack(0x000000ac0b700000,0x000000ac0b800000) (1024K)]
  0x000001cafa58e410 ConcurrentGCThread "G1 Refine#0"               [id=1224, stack(0x000000ac09400000,0x000000ac09500000) (1024K)]
  0x000001cafee6e560 ConcurrentGCThread "G1 Service"                [id=16288, stack(0x000000ac09500000,0x000000ac09600000) (1024K)]
Total: 18

Threads with active compile tasks:
C2 CompilerThread0  43176 9613   !   4       com.google.common.collect.MapMakerInternalMap$Segment::put (298 bytes)
C2 CompilerThread1  43176 9629       4       java.util.HashMap::merge (346 bytes)
C2 CompilerThread2  43176 9575       4       org.gradle.internal.serialize.HierarchicalNameSerializer::readFirstOccurrenceOfName (60 bytes)
Total: 3

VM state: not at safepoint (normal execution)

VM Mutex/Monitor currently owned by a thread: None

Heap address: 0x0000000080000000, size: 2048 MB, Compressed Oops mode: 32-bit

CDS archive(s) not mapped
Compressed class space mapped at: 0x0000000100000000-0x0000000140000000, reserved size: 1073741824
Narrow klass base: 0x0000000000000000, Narrow klass shift: 3, Narrow klass range: 0x140000000

GC Precious Log:
 CardTable entry size: 512
 Card Set container configuration: InlinePtr #cards 5 size 8 Array Of Cards #cards 12 size 40 Howl #buckets 4 coarsen threshold 1843 Howl Bitmap #cards 512 size 80 coarsen threshold 460 Card regions per heap region 1 cards per card region 2048
 CPUs: 12 total, 12 available
 Memory: 8013M
 Large Page Support: Disabled
 NUMA Support: Disabled
 Compressed Oops: Enabled (32-bit)
 Heap Region Size: 1M
 Heap Min Capacity: 8M
 Heap Initial Capacity: 126M
 Heap Max Capacity: 2G
 Pre-touch: Disabled
 Parallel Workers: 10
 Concurrent Workers: 3
 Concurrent Refinement Workers: 10
 Periodic GC: Disabled

Heap:
 garbage-first heap   total 187392K, used 135032K [0x0000000080000000, 0x0000000100000000)
  region size 1024K, 7 young (7168K), 2 survivors (2048K)
 Metaspace       used 84082K, committed 85888K, reserved 1179648K
  class space    used 11554K, committed 12480K, reserved 1048576K

Heap Regions: E=young(eden), S=young(survivor), O=old, HS=humongous(starts), HC=humongous(continues), CS=collection set, F=free, TAMS=top-at-mark-start, PB=parsable bottom
|   0|0x0000000080000000, 0x0000000080100000, 0x0000000080100000|100%|HS|  |TAMS 0x0000000080100000| PB 0x0000000080000000| Complete 
|   1|0x0000000080100000, 0x0000000080200000, 0x0000000080200000|100%|HC|  |TAMS 0x0000000080200000| PB 0x0000000080100000| Complete 
|   2|0x0000000080200000, 0x0000000080300000, 0x0000000080300000|100%|HC|  |TAMS 0x0000000080300000| PB 0x0000000080200000| Complete 
|   3|0x0000000080300000, 0x0000000080400000, 0x0000000080400000|100%| O|  |TAMS 0x0000000080400000| PB 0x0000000080300000| Untracked 
|   4|0x0000000080400000, 0x0000000080500000, 0x0000000080500000|100%| O|  |TAMS 0x0000000080500000| PB 0x0000000080400000| Untracked 
|   5|0x0000000080500000, 0x0000000080600000, 0x0000000080600000|100%| O|  |TAMS 0x0000000080600000| PB 0x0000000080500000| Untracked 
|   6|0x0000000080600000, 0x0000000080700000, 0x0000000080700000|100%|HS|  |TAMS 0x0000000080700000| PB 0x0000000080600000| Complete 
|   7|0x0000000080700000, 0x0000000080800000, 0x0000000080800000|100%| O|  |TAMS 0x0000000080800000| PB 0x0000000080700000| Untracked 
|   8|0x0000000080800000, 0x0000000080900000, 0x0000000080900000|100%| O|  |TAMS 0x0000000080900000| PB 0x0000000080800000| Untracked 
|   9|0x0000000080900000, 0x0000000080a00000, 0x0000000080a00000|100%| O|  |TAMS 0x0000000080a00000| PB 0x0000000080900000| Untracked 
|  10|0x0000000080a00000, 0x0000000080b00000, 0x0000000080b00000|100%| O|  |TAMS 0x0000000080b00000| PB 0x0000000080a00000| Untracked 
|  11|0x0000000080b00000, 0x0000000080c00000, 0x0000000080c00000|100%| O|  |TAMS 0x0000000080c00000| PB 0x0000000080b00000| Untracked 
|  12|0x0000000080c00000, 0x0000000080d00000, 0x0000000080d00000|100%| O|  |TAMS 0x0000000080d00000| PB 0x0000000080c00000| Untracked 
|  13|0x0000000080d00000, 0x0000000080e00000, 0x0000000080e00000|100%| O|  |TAMS 0x0000000080e00000| PB 0x0000000080d00000| Untracked 
|  14|0x0000000080e00000, 0x0000000080f00000, 0x0000000080f00000|100%| O|  |TAMS 0x0000000080f00000| PB 0x0000000080e00000| Untracked 
|  15|0x0000000080f00000, 0x0000000081000000, 0x0000000081000000|100%| O|  |TAMS 0x0000000081000000| PB 0x0000000080f00000| Untracked 
|  16|0x0000000081000000, 0x0000000081100000, 0x0000000081100000|100%| O|  |TAMS 0x0000000081100000| PB 0x0000000081000000| Untracked 
|  17|0x0000000081100000, 0x0000000081200000, 0x0000000081200000|100%| O|  |TAMS 0x0000000081200000| PB 0x0000000081100000| Untracked 
|  18|0x0000000081200000, 0x0000000081300000, 0x0000000081300000|100%| O|  |TAMS 0x0000000081300000| PB 0x0000000081200000| Untracked 
|  19|0x0000000081300000, 0x0000000081400000, 0x0000000081400000|100%| O|  |TAMS 0x0000000081400000| PB 0x0000000081300000| Untracked 
|  20|0x0000000081400000, 0x0000000081500000, 0x0000000081500000|100%| O|  |TAMS 0x0000000081500000| PB 0x0000000081400000| Untracked 
|  21|0x0000000081500000, 0x0000000081600000, 0x0000000081600000|100%| O|  |TAMS 0x0000000081600000| PB 0x0000000081500000| Untracked 
|  22|0x0000000081600000, 0x0000000081700000, 0x0000000081700000|100%| O|  |TAMS 0x0000000081700000| PB 0x0000000081600000| Untracked 
|  23|0x0000000081700000, 0x0000000081800000, 0x0000000081800000|100%|HS|  |TAMS 0x0000000081800000| PB 0x0000000081700000| Complete 
|  24|0x0000000081800000, 0x0000000081900000, 0x0000000081900000|100%|HC|  |TAMS 0x0000000081900000| PB 0x0000000081800000| Complete 
|  25|0x0000000081900000, 0x0000000081a00000, 0x0000000081a00000|100%|HC|  |TAMS 0x0000000081a00000| PB 0x0000000081900000| Complete 
|  26|0x0000000081a00000, 0x0000000081b00000, 0x0000000081b00000|100%|HC|  |TAMS 0x0000000081b00000| PB 0x0000000081a00000| Complete 
|  27|0x0000000081b00000, 0x0000000081c00000, 0x0000000081c00000|100%|HC|  |TAMS 0x0000000081c00000| PB 0x0000000081b00000| Complete 
|  28|0x0000000081c00000, 0x0000000081d00000, 0x0000000081d00000|100%|HC|  |TAMS 0x0000000081d00000| PB 0x0000000081c00000| Complete 
|  29|0x0000000081d00000, 0x0000000081e00000, 0x0000000081e00000|100%|HS|  |TAMS 0x0000000081e00000| PB 0x0000000081d00000| Complete 
|  30|0x0000000081e00000, 0x0000000081f00000, 0x0000000081f00000|100%|HS|  |TAMS 0x0000000081f00000| PB 0x0000000081e00000| Complete 
|  31|0x0000000081f00000, 0x0000000082000000, 0x0000000082000000|100%|HC|  |TAMS 0x0000000082000000| PB 0x0000000081f00000| Complete 
|  32|0x0000000082000000, 0x0000000082100000, 0x0000000082100000|100%|HC|  |TAMS 0x0000000082100000| PB 0x0000000082000000| Complete 
|  33|0x0000000082100000, 0x0000000082200000, 0x0000000082200000|100%|HC|  |TAMS 0x0000000082200000| PB 0x0000000082100000| Complete 
|  34|0x0000000082200000, 0x0000000082300000, 0x0000000082300000|100%|HS|  |TAMS 0x0000000082300000| PB 0x0000000082200000| Complete 
|  35|0x0000000082300000, 0x0000000082400000, 0x0000000082400000|100%|HC|  |TAMS 0x0000000082400000| PB 0x0000000082300000| Complete 
|  36|0x0000000082400000, 0x0000000082500000, 0x0000000082500000|100%|HS|  |TAMS 0x0000000082500000| PB 0x0000000082400000| Complete 
|  37|0x0000000082500000, 0x0000000082600000, 0x0000000082600000|100%|HS|  |TAMS 0x0000000082600000| PB 0x0000000082500000| Complete 
|  38|0x0000000082600000, 0x0000000082700000, 0x0000000082700000|100%|HC|  |TAMS 0x0000000082700000| PB 0x0000000082600000| Complete 
|  39|0x0000000082700000, 0x0000000082800000, 0x0000000082800000|100%|HC|  |TAMS 0x0000000082800000| PB 0x0000000082700000| Complete 
|  40|0x0000000082800000, 0x0000000082900000, 0x0000000082900000|100%|HC|  |TAMS 0x0000000082900000| PB 0x0000000082800000| Complete 
|  41|0x0000000082900000, 0x0000000082a00000, 0x0000000082a00000|100%|HC|  |TAMS 0x0000000082a00000| PB 0x0000000082900000| Complete 
|  42|0x0000000082a00000, 0x0000000082b00000, 0x0000000082b00000|100%|HC|  |TAMS 0x0000000082b00000| PB 0x0000000082a00000| Complete 
|  43|0x0000000082b00000, 0x0000000082c00000, 0x0000000082c00000|100%|HS|  |TAMS 0x0000000082c00000| PB 0x0000000082b00000| Complete 
|  44|0x0000000082c00000, 0x0000000082d00000, 0x0000000082d00000|100%|HS|  |TAMS 0x0000000082d00000| PB 0x0000000082c00000| Complete 
|  45|0x0000000082d00000, 0x0000000082e00000, 0x0000000082e00000|100%|HC|  |TAMS 0x0000000082e00000| PB 0x0000000082d00000| Complete 
|  46|0x0000000082e00000, 0x0000000082f00000, 0x0000000082f00000|100%|HC|  |TAMS 0x0000000082f00000| PB 0x0000000082e00000| Complete 
|  47|0x0000000082f00000, 0x0000000083000000, 0x0000000083000000|100%|HC|  |TAMS 0x0000000083000000| PB 0x0000000082f00000| Complete 
|  48|0x0000000083000000, 0x0000000083100000, 0x0000000083100000|100%|HS|  |TAMS 0x0000000083100000| PB 0x0000000083000000| Complete 
|  49|0x0000000083100000, 0x0000000083200000, 0x0000000083200000|100%|HC|  |TAMS 0x0000000083200000| PB 0x0000000083100000| Complete 
|  50|0x0000000083200000, 0x0000000083300000, 0x0000000083300000|100%|HS|  |TAMS 0x0000000083300000| PB 0x0000000083200000| Complete 
|  51|0x0000000083300000, 0x0000000083400000, 0x0000000083400000|100%| O|  |TAMS 0x0000000083400000| PB 0x0000000083300000| Untracked 
|  52|0x0000000083400000, 0x0000000083500000, 0x0000000083500000|100%| O|  |TAMS 0x0000000083500000| PB 0x0000000083400000| Untracked 
|  53|0x0000000083500000, 0x0000000083600000, 0x0000000083600000|100%| O|  |TAMS 0x0000000083600000| PB 0x0000000083500000| Untracked 
|  54|0x0000000083600000, 0x0000000083700000, 0x0000000083700000|100%| O|  |TAMS 0x0000000083700000| PB 0x0000000083600000| Untracked 
|  55|0x0000000083700000, 0x0000000083800000, 0x0000000083800000|100%| O|  |TAMS 0x0000000083800000| PB 0x0000000083700000| Untracked 
|  56|0x0000000083800000, 0x0000000083900000, 0x0000000083900000|100%| O|  |TAMS 0x0000000083900000| PB 0x0000000083800000| Untracked 
|  57|0x0000000083900000, 0x0000000083a00000, 0x0000000083a00000|100%| O|  |TAMS 0x0000000083a00000| PB 0x0000000083900000| Untracked 
|  58|0x0000000083a00000, 0x0000000083b00000, 0x0000000083b00000|100%| O|  |TAMS 0x0000000083b00000| PB 0x0000000083a00000| Untracked 
|  59|0x0000000083b00000, 0x0000000083c00000, 0x0000000083c00000|100%| O|  |TAMS 0x0000000083c00000| PB 0x0000000083b00000| Untracked 
|  60|0x0000000083c00000, 0x0000000083d00000, 0x0000000083d00000|100%| O|  |TAMS 0x0000000083d00000| PB 0x0000000083c00000| Untracked 
|  61|0x0000000083d00000, 0x0000000083e00000, 0x0000000083e00000|100%|HS|  |TAMS 0x0000000083e00000| PB 0x0000000083d00000| Complete 
|  62|0x0000000083e00000, 0x0000000083f00000, 0x0000000083f00000|100%|HC|  |TAMS 0x0000000083f00000| PB 0x0000000083e00000| Complete 
|  63|0x0000000083f00000, 0x0000000084000000, 0x0000000084000000|100%| O|  |TAMS 0x0000000084000000| PB 0x0000000083f00000| Untracked 
|  64|0x0000000084000000, 0x0000000084100000, 0x0000000084100000|100%| O|  |TAMS 0x0000000084100000| PB 0x0000000084000000| Untracked 
|  65|0x0000000084100000, 0x0000000084200000, 0x0000000084200000|100%|HS|  |TAMS 0x0000000084200000| PB 0x0000000084100000| Complete 
|  66|0x0000000084200000, 0x0000000084300000, 0x0000000084300000|100%|HS|  |TAMS 0x0000000084300000| PB 0x0000000084200000| Complete 
|  67|0x0000000084300000, 0x0000000084400000, 0x0000000084400000|100%| O|  |TAMS 0x0000000084400000| PB 0x0000000084300000| Untracked 
|  68|0x0000000084400000, 0x0000000084500000, 0x0000000084500000|100%| O|  |TAMS 0x0000000084500000| PB 0x0000000084400000| Untracked 
|  69|0x0000000084500000, 0x0000000084600000, 0x0000000084600000|100%| O|  |TAMS 0x0000000084600000| PB 0x0000000084500000| Untracked 
|  70|0x0000000084600000, 0x0000000084700000, 0x0000000084700000|100%| O|  |TAMS 0x0000000084600000| PB 0x0000000084600000| Untracked 
|  71|0x0000000084700000, 0x0000000084800000, 0x0000000084800000|100%|HS|  |TAMS 0x0000000084800000| PB 0x0000000084700000| Complete 
|  72|0x0000000084800000, 0x0000000084900000, 0x0000000084900000|100%|HC|  |TAMS 0x0000000084900000| PB 0x0000000084800000| Complete 
|  73|0x0000000084900000, 0x0000000084a00000, 0x0000000084a00000|100%|HC|  |TAMS 0x0000000084a00000| PB 0x0000000084900000| Complete 
|  74|0x0000000084a00000, 0x0000000084b00000, 0x0000000084b00000|100%|HC|  |TAMS 0x0000000084b00000| PB 0x0000000084a00000| Complete 
|  75|0x0000000084b00000, 0x0000000084c00000, 0x0000000084c00000|100%|HC|  |TAMS 0x0000000084c00000| PB 0x0000000084b00000| Complete 
|  76|0x0000000084c00000, 0x0000000084d00000, 0x0000000084d00000|100%|HC|  |TAMS 0x0000000084d00000| PB 0x0000000084c00000| Complete 
|  77|0x0000000084d00000, 0x0000000084e00000, 0x0000000084e00000|100%|HS|  |TAMS 0x0000000084e00000| PB 0x0000000084d00000| Complete 
|  78|0x0000000084e00000, 0x0000000084f00000, 0x0000000084f00000|100%|HC|  |TAMS 0x0000000084f00000| PB 0x0000000084e00000| Complete 
|  79|0x0000000084f00000, 0x0000000085000000, 0x0000000085000000|100%|HC|  |TAMS 0x0000000085000000| PB 0x0000000084f00000| Complete 
|  80|0x0000000085000000, 0x0000000085100000, 0x0000000085100000|100%|HC|  |TAMS 0x0000000085100000| PB 0x0000000085000000| Complete 
|  81|0x0000000085100000, 0x0000000085200000, 0x0000000085200000|100%|HC|  |TAMS 0x0000000085200000| PB 0x0000000085100000| Complete 
|  82|0x0000000085200000, 0x0000000085300000, 0x0000000085300000|100%|HC|  |TAMS 0x0000000085300000| PB 0x0000000085200000| Complete 
|  83|0x0000000085300000, 0x0000000085400000, 0x0000000085400000|100%| O|  |TAMS 0x0000000085300000| PB 0x0000000085300000| Untracked 
|  84|0x0000000085400000, 0x0000000085500000, 0x0000000085500000|100%| O|  |TAMS 0x0000000085500000| PB 0x0000000085400000| Untracked 
|  85|0x0000000085500000, 0x0000000085600000, 0x0000000085600000|100%| O|  |TAMS 0x0000000085600000| PB 0x0000000085500000| Untracked 
|  86|0x0000000085600000, 0x0000000085700000, 0x0000000085700000|100%| O|  |TAMS 0x0000000085700000| PB 0x0000000085600000| Untracked 
|  87|0x0000000085700000, 0x0000000085800000, 0x0000000085800000|100%| O|  |TAMS 0x0000000085800000| PB 0x0000000085700000| Untracked 
|  88|0x0000000085800000, 0x0000000085900000, 0x0000000085900000|100%| O|  |TAMS 0x0000000085900000| PB 0x0000000085800000| Untracked 
|  89|0x0000000085900000, 0x0000000085a00000, 0x0000000085a00000|100%| O|  |TAMS 0x0000000085a00000| PB 0x0000000085900000| Untracked 
|  90|0x0000000085a00000, 0x0000000085b00000, 0x0000000085b00000|100%| O|  |TAMS 0x0000000085b00000| PB 0x0000000085a00000| Untracked 
|  91|0x0000000085b00000, 0x0000000085c00000, 0x0000000085c00000|100%| O|  |TAMS 0x0000000085c00000| PB 0x0000000085b00000| Untracked 
|  92|0x0000000085c00000, 0x0000000085d00000, 0x0000000085d00000|100%| O|  |TAMS 0x0000000085d00000| PB 0x0000000085c00000| Untracked 
|  93|0x0000000085d00000, 0x0000000085e00000, 0x0000000085e00000|100%| O|  |TAMS 0x0000000085e00000| PB 0x0000000085d00000| Untracked 
|  94|0x0000000085e00000, 0x0000000085f00000, 0x0000000085f00000|100%| O|  |TAMS 0x0000000085f00000| PB 0x0000000085e00000| Untracked 
|  95|0x0000000085f00000, 0x0000000086000000, 0x0000000086000000|100%| O|  |TAMS 0x0000000086000000| PB 0x0000000085f00000| Untracked 
|  96|0x0000000086000000, 0x0000000086100000, 0x0000000086100000|100%| O|  |TAMS 0x0000000086100000| PB 0x0000000086000000| Untracked 
|  97|0x0000000086100000, 0x0000000086200000, 0x0000000086200000|100%| O|  |TAMS 0x0000000086200000| PB 0x0000000086100000| Untracked 
|  98|0x0000000086200000, 0x0000000086300000, 0x0000000086300000|100%| O|  |TAMS 0x0000000086300000| PB 0x0000000086200000| Untracked 
|  99|0x0000000086300000, 0x0000000086400000, 0x0000000086400000|100%| O|  |TAMS 0x0000000086400000| PB 0x0000000086300000| Untracked 
| 100|0x0000000086400000, 0x0000000086500000, 0x0000000086500000|100%| O|  |TAMS 0x0000000086500000| PB 0x0000000086400000| Untracked 
| 101|0x0000000086500000, 0x0000000086600000, 0x0000000086600000|100%| O|  |TAMS 0x0000000086600000| PB 0x0000000086500000| Untracked 
| 102|0x0000000086600000, 0x0000000086700000, 0x0000000086700000|100%| O|  |TAMS 0x0000000086700000| PB 0x0000000086600000| Untracked 
| 103|0x0000000086700000, 0x0000000086800000, 0x0000000086800000|100%| O|  |TAMS 0x0000000086800000| PB 0x0000000086700000| Untracked 
| 104|0x0000000086800000, 0x0000000086900000, 0x0000000086900000|100%| O|  |TAMS 0x0000000086900000| PB 0x0000000086800000| Untracked 
| 105|0x0000000086900000, 0x0000000086a00000, 0x0000000086a00000|100%| O|  |TAMS 0x0000000086a00000| PB 0x0000000086900000| Untracked 
| 106|0x0000000086a00000, 0x0000000086b00000, 0x0000000086b00000|100%| O|  |TAMS 0x0000000086b00000| PB 0x0000000086a00000| Untracked 
| 107|0x0000000086b00000, 0x0000000086c00000, 0x0000000086c00000|100%| O|  |TAMS 0x0000000086c00000| PB 0x0000000086b00000| Untracked 
| 108|0x0000000086c00000, 0x0000000086c00000, 0x0000000086d00000|  0%| F|  |TAMS 0x0000000086c00000| PB 0x0000000086c00000| Untracked 
| 109|0x0000000086d00000, 0x0000000086d00000, 0x0000000086e00000|  0%| F|  |TAMS 0x0000000086d00000| PB 0x0000000086d00000| Untracked 
| 110|0x0000000086e00000, 0x0000000086e00000, 0x0000000086f00000|  0%| F|  |TAMS 0x0000000086e00000| PB 0x0000000086e00000| Untracked 
| 111|0x0000000086f00000, 0x0000000086f00000, 0x0000000087000000|  0%| F|  |TAMS 0x0000000086f00000| PB 0x0000000086f00000| Untracked 
| 112|0x0000000087000000, 0x0000000087000000, 0x0000000087100000|  0%| F|  |TAMS 0x0000000087000000| PB 0x0000000087000000| Untracked 
| 113|0x0000000087100000, 0x0000000087100000, 0x0000000087200000|  0%| F|  |TAMS 0x0000000087100000| PB 0x0000000087100000| Untracked 
| 114|0x0000000087200000, 0x0000000087200000, 0x0000000087300000|  0%| F|  |TAMS 0x0000000087200000| PB 0x0000000087200000| Untracked 
| 115|0x0000000087300000, 0x0000000087400000, 0x0000000087400000|100%| O|  |TAMS 0x0000000087300000| PB 0x0000000087300000| Untracked 
| 116|0x0000000087400000, 0x0000000087500000, 0x0000000087500000|100%| O|  |TAMS 0x0000000087400000| PB 0x0000000087400000| Untracked 
| 117|0x0000000087500000, 0x0000000087600000, 0x0000000087600000|100%| O|  |TAMS 0x0000000087500000| PB 0x0000000087500000| Untracked 
| 118|0x0000000087600000, 0x0000000087700000, 0x0000000087700000|100%| O|  |TAMS 0x0000000087600000| PB 0x0000000087600000| Untracked 
| 119|0x0000000087700000, 0x00000000877de188, 0x0000000087800000| 86%| O|  |TAMS 0x0000000087700000| PB 0x0000000087700000| Untracked 
| 120|0x0000000087800000, 0x0000000087800000, 0x0000000087900000|  0%| F|  |TAMS 0x0000000087800000| PB 0x0000000087800000| Untracked 
| 121|0x0000000087900000, 0x0000000087900000, 0x0000000087a00000|  0%| F|  |TAMS 0x0000000087900000| PB 0x0000000087900000| Untracked 
| 122|0x0000000087a00000, 0x0000000087a00000, 0x0000000087b00000|  0%| F|  |TAMS 0x0000000087a00000| PB 0x0000000087a00000| Untracked 
| 123|0x0000000087b00000, 0x0000000087b00000, 0x0000000087c00000|  0%| F|  |TAMS 0x0000000087b00000| PB 0x0000000087b00000| Untracked 
| 124|0x0000000087c00000, 0x0000000087c00000, 0x0000000087d00000|  0%| F|  |TAMS 0x0000000087c00000| PB 0x0000000087c00000| Untracked 
| 125|0x0000000087d00000, 0x0000000087d00000, 0x0000000087e00000|  0%| F|  |TAMS 0x0000000087d00000| PB 0x0000000087d00000| Untracked 
| 126|0x0000000087e00000, 0x0000000087e00000, 0x0000000087f00000|  0%| F|  |TAMS 0x0000000087e00000| PB 0x0000000087e00000| Untracked 
| 127|0x0000000087f00000, 0x0000000087f00000, 0x0000000088000000|  0%| F|  |TAMS 0x0000000087f00000| PB 0x0000000087f00000| Untracked 
| 128|0x0000000088000000, 0x0000000088000000, 0x0000000088100000|  0%| F|  |TAMS 0x0000000088000000| PB 0x0000000088000000| Untracked 
| 129|0x0000000088100000, 0x0000000088100000, 0x0000000088200000|  0%| F|  |TAMS 0x0000000088100000| PB 0x0000000088100000| Untracked 
| 130|0x0000000088200000, 0x0000000088200000, 0x0000000088300000|  0%| F|  |TAMS 0x0000000088200000| PB 0x0000000088200000| Untracked 
| 131|0x0000000088300000, 0x0000000088300000, 0x0000000088400000|  0%| F|  |TAMS 0x0000000088300000| PB 0x0000000088300000| Untracked 
| 132|0x0000000088400000, 0x0000000088400000, 0x0000000088500000|  0%| F|  |TAMS 0x0000000088400000| PB 0x0000000088400000| Untracked 
| 133|0x0000000088500000, 0x0000000088500000, 0x0000000088600000|  0%| F|  |TAMS 0x0000000088500000| PB 0x0000000088500000| Untracked 
| 134|0x0000000088600000, 0x0000000088600000, 0x0000000088700000|  0%| F|  |TAMS 0x0000000088600000| PB 0x0000000088600000| Untracked 
| 135|0x0000000088700000, 0x0000000088700000, 0x0000000088800000|  0%| F|  |TAMS 0x0000000088700000| PB 0x0000000088700000| Untracked 
| 136|0x0000000088800000, 0x0000000088800000, 0x0000000088900000|  0%| F|  |TAMS 0x0000000088800000| PB 0x0000000088800000| Untracked 
| 137|0x0000000088900000, 0x0000000088900000, 0x0000000088a00000|  0%| F|  |TAMS 0x0000000088900000| PB 0x0000000088900000| Untracked 
| 138|0x0000000088a00000, 0x0000000088a00000, 0x0000000088b00000|  0%| F|  |TAMS 0x0000000088a00000| PB 0x0000000088a00000| Untracked 
| 139|0x0000000088b00000, 0x0000000088b00000, 0x0000000088c00000|  0%| F|  |TAMS 0x0000000088b00000| PB 0x0000000088b00000| Untracked 
| 140|0x0000000088c00000, 0x0000000088c00000, 0x0000000088d00000|  0%| F|  |TAMS 0x0000000088c00000| PB 0x0000000088c00000| Untracked 
| 141|0x0000000088d00000, 0x0000000088d00000, 0x0000000088e00000|  0%| F|  |TAMS 0x0000000088d00000| PB 0x0000000088d00000| Untracked 
| 142|0x0000000088e00000, 0x0000000088e00000, 0x0000000088f00000|  0%| F|  |TAMS 0x0000000088e00000| PB 0x0000000088e00000| Untracked 
| 143|0x0000000088f00000, 0x0000000088f00000, 0x0000000089000000|  0%| F|  |TAMS 0x0000000088f00000| PB 0x0000000088f00000| Untracked 
| 144|0x0000000089000000, 0x0000000089000000, 0x0000000089100000|  0%| F|  |TAMS 0x0000000089000000| PB 0x0000000089000000| Untracked 
| 145|0x0000000089100000, 0x0000000089100000, 0x0000000089200000|  0%| F|  |TAMS 0x0000000089100000| PB 0x0000000089100000| Untracked 
| 146|0x0000000089200000, 0x0000000089200000, 0x0000000089300000|  0%| F|  |TAMS 0x0000000089200000| PB 0x0000000089200000| Untracked 
| 147|0x0000000089300000, 0x0000000089300000, 0x0000000089400000|  0%| F|  |TAMS 0x0000000089300000| PB 0x0000000089300000| Untracked 
| 148|0x0000000089400000, 0x0000000089400000, 0x0000000089500000|  0%| F|  |TAMS 0x0000000089400000| PB 0x0000000089400000| Untracked 
| 149|0x0000000089500000, 0x0000000089500000, 0x0000000089600000|  0%| F|  |TAMS 0x0000000089500000| PB 0x0000000089500000| Untracked 
| 150|0x0000000089600000, 0x0000000089600000, 0x0000000089700000|  0%| F|  |TAMS 0x0000000089600000| PB 0x0000000089600000| Untracked 
| 151|0x0000000089700000, 0x0000000089700000, 0x0000000089800000|  0%| F|  |TAMS 0x0000000089700000| PB 0x0000000089700000| Untracked 
| 152|0x0000000089800000, 0x0000000089800000, 0x0000000089900000|  0%| F|  |TAMS 0x0000000089800000| PB 0x0000000089800000| Untracked 
| 153|0x0000000089900000, 0x0000000089900000, 0x0000000089a00000|  0%| F|  |TAMS 0x0000000089900000| PB 0x0000000089900000| Untracked 
| 154|0x0000000089a00000, 0x0000000089a00000, 0x0000000089b00000|  0%| F|  |TAMS 0x0000000089a00000| PB 0x0000000089a00000| Untracked 
| 155|0x0000000089b00000, 0x0000000089b00000, 0x0000000089c00000|  0%| F|  |TAMS 0x0000000089b00000| PB 0x0000000089b00000| Untracked 
| 156|0x0000000089c00000, 0x0000000089c00000, 0x0000000089d00000|  0%| F|  |TAMS 0x0000000089c00000| PB 0x0000000089c00000| Untracked 
| 157|0x0000000089d00000, 0x0000000089d00000, 0x0000000089e00000|  0%| F|  |TAMS 0x0000000089d00000| PB 0x0000000089d00000| Untracked 
| 158|0x0000000089e00000, 0x0000000089e00000, 0x0000000089f00000|  0%| F|  |TAMS 0x0000000089e00000| PB 0x0000000089e00000| Untracked 
| 159|0x0000000089f00000, 0x0000000089f00000, 0x000000008a000000|  0%| F|  |TAMS 0x0000000089f00000| PB 0x0000000089f00000| Untracked 
| 160|0x000000008a000000, 0x000000008a000000, 0x000000008a100000|  0%| F|  |TAMS 0x000000008a000000| PB 0x000000008a000000| Untracked 
| 161|0x000000008a100000, 0x000000008a100000, 0x000000008a200000|  0%| F|  |TAMS 0x000000008a100000| PB 0x000000008a100000| Untracked 
| 162|0x000000008a200000, 0x000000008a232338, 0x000000008a300000| 19%| E|  |TAMS 0x000000008a200000| PB 0x000000008a200000| Complete 
| 163|0x000000008a300000, 0x000000008a400000, 0x000000008a400000|100%| E|CS|TAMS 0x000000008a300000| PB 0x000000008a300000| Complete 
| 164|0x000000008a400000, 0x000000008a500000, 0x000000008a500000|100%| E|CS|TAMS 0x000000008a400000| PB 0x000000008a400000| Complete 
| 165|0x000000008a500000, 0x000000008a600000, 0x000000008a600000|100%| E|CS|TAMS 0x000000008a500000| PB 0x000000008a500000| Complete 
| 166|0x000000008a600000, 0x000000008a700000, 0x000000008a700000|100%| S|CS|TAMS 0x000000008a600000| PB 0x000000008a600000| Complete 
| 167|0x000000008a700000, 0x000000008a800000, 0x000000008a800000|100%| S|CS|TAMS 0x000000008a700000| PB 0x000000008a700000| Complete 
| 168|0x000000008a800000, 0x000000008a900000, 0x000000008a900000|100%| E|CS|TAMS 0x000000008a800000| PB 0x000000008a800000| Complete 
| 169|0x000000008a900000, 0x000000008aa00000, 0x000000008aa00000|100%| E|CS|TAMS 0x000000008a900000| PB 0x000000008a900000| Complete 
|2035|0x00000000ff300000, 0x00000000ff400000, 0x00000000ff400000|100%| O|  |TAMS 0x00000000ff379da0| PB 0x00000000ff300000| Untracked 
|2036|0x00000000ff400000, 0x00000000ff500000, 0x00000000ff500000|100%| O|  |TAMS 0x00000000ff500000| PB 0x00000000ff400000| Untracked 
|2037|0x00000000ff500000, 0x00000000ff600000, 0x00000000ff600000|100%| O|  |TAMS 0x00000000ff600000| PB 0x00000000ff500000| Untracked 
|2038|0x00000000ff600000, 0x00000000ff700000, 0x00000000ff700000|100%| O|  |TAMS 0x00000000ff700000| PB 0x00000000ff600000| Untracked 
|2039|0x00000000ff700000, 0x00000000ff800000, 0x00000000ff800000|100%| O|  |TAMS 0x00000000ff800000| PB 0x00000000ff700000| Untracked 
|2040|0x00000000ff800000, 0x00000000ff900000, 0x00000000ff900000|100%| O|  |TAMS 0x00000000ff900000| PB 0x00000000ff800000| Untracked 
|2041|0x00000000ff900000, 0x00000000ffa00000, 0x00000000ffa00000|100%| O|  |TAMS 0x00000000ffa00000| PB 0x00000000ff900000| Untracked 
|2042|0x00000000ffa00000, 0x00000000ffb00000, 0x00000000ffb00000|100%| O|  |TAMS 0x00000000ffb00000| PB 0x00000000ffa00000| Untracked 
|2043|0x00000000ffb00000, 0x00000000ffc00000, 0x00000000ffc00000|100%| O|  |TAMS 0x00000000ffc00000| PB 0x00000000ffb00000| Untracked 
|2044|0x00000000ffc00000, 0x00000000ffd00000, 0x00000000ffd00000|100%| O|  |TAMS 0x00000000ffd00000| PB 0x00000000ffc00000| Untracked 
|2045|0x00000000ffd00000, 0x00000000ffe00000, 0x00000000ffe00000|100%| O|  |TAMS 0x00000000ffe00000| PB 0x00000000ffd00000| Untracked 
|2046|0x00000000ffe00000, 0x00000000fff00000, 0x00000000fff00000|100%| O|  |TAMS 0x00000000fff00000| PB 0x00000000ffe00000| Untracked 
|2047|0x00000000fff00000, 0x0000000100000000, 0x0000000100000000|100%| O|  |TAMS 0x0000000100000000| PB 0x00000000fff00000| Untracked 

Card table byte_map: [0x000001cafdf70000,0x000001cafe370000] _byte_map_base: 0x000001cafdb70000

Marking Bits: (CMBitMap*) 0x000001cafa523690
 Bits: [0x000001ca8f000000, 0x000001ca91000000)

Polling page: 0x000001caf8070000

Metaspace:

Usage:
  Non-class:     70.83 MB used.
      Class:     11.28 MB used.
       Both:     82.11 MB used.

Virtual space:
  Non-class space:      128.00 MB reserved,      71.69 MB ( 56%) committed,  2 nodes.
      Class space:        1.00 GB reserved,      12.19 MB (  1%) committed,  1 nodes.
             Both:        1.12 GB reserved,      83.88 MB (  7%) committed. 

Chunk freelists:
   Non-Class:  7.59 MB
       Class:  3.84 MB
        Both:  11.44 MB

MaxMetaspaceSize: unlimited
CompressedClassSpaceSize: 1.00 GB
Initial GC threshold: 21.00 MB
Current GC threshold: 139.62 MB
CDS: off
 - commit_granule_bytes: 65536.
 - commit_granule_words: 8192.
 - virtual_space_node_default_size: 8388608.
 - enlarge_chunks_in_place: 1.
 - use_allocation_guard: 0.


Internal statistics:

num_allocs_failed_limit: 6.
num_arena_births: 3372.
num_arena_deaths: 0.
num_vsnodes_births: 3.
num_vsnodes_deaths: 0.
num_space_committed: 1342.
num_space_uncommitted: 0.
num_chunks_returned_to_freelist: 6.
num_chunks_taken_from_freelist: 6669.
num_chunk_merges: 6.
num_chunk_splits: 4301.
num_chunks_enlarged: 2630.
num_inconsistent_stats: 0.

CodeHeap 'non-profiled nmethods': size=120000Kb used=4919Kb max_used=4919Kb free=115080Kb
 bounds [0x000001ca87ad0000, 0x000001ca87fa0000, 0x000001ca8f000000]
CodeHeap 'profiled nmethods': size=120000Kb used=15940Kb max_used=15940Kb free=104059Kb
 bounds [0x000001ca80000000, 0x000001ca80fa0000, 0x000001ca87530000]
CodeHeap 'non-nmethods': size=5760Kb used=2849Kb max_used=2926Kb free=2910Kb
 bounds [0x000001ca87530000, 0x000001ca87810000, 0x000001ca87ad0000]
 total_blobs=9514 nmethods=8548 adapters=870
 compilation: enabled
              stopped_count=0, restarted_count=0
 full_count=0

Compilation events (20 events):
Event: 40.668 Thread 0x000001caff242d00 9612       3       sun.nio.ch.FileChannelImpl::setUninterruptible (6 bytes)
Event: 40.668 Thread 0x000001caff242d00 nmethod 9612 0x000001ca8076da90 code [0x000001ca8076dc20, 0x000001ca8076dd38]
Event: 40.673 Thread 0x000001caff242d00 9615       3       com.esotericsoftware.kryo.io.Input::readInt_slow (201 bytes)
Event: 40.674 Thread 0x000001caff242d00 nmethod 9615 0x000001ca80f80410 code [0x000001ca80f80600, 0x000001ca80f80b08]
Event: 40.680 Thread 0x000001caff242d00 9616   !   3       sun.nio.ch.IOUtil::readIntoNativeBuffer (169 bytes)
Event: 40.686 Thread 0x000001caff242d00 nmethod 9616 0x000001ca80f80d10 code [0x000001ca80f81060, 0x000001ca80f82400]
Event: 40.696 Thread 0x000001caff242d00 9617   !   3       sun.nio.ch.IOUtil::read (133 bytes)
Event: 40.699 Thread 0x000001caff242d00 nmethod 9617 0x000001ca80f82d10 code [0x000001ca80f82f80, 0x000001ca80f83878]
Event: 40.917 Thread 0x000001ca9be8f8c0 nmethod 9545 0x000001ca87f86710 code [0x000001ca87f86be0, 0x000001ca87f897d8]
Event: 40.917 Thread 0x000001ca9be8f8c0 9620       4       com.google.common.collect.MapMakerInternalMap$Segment::getEntry (80 bytes)
Event: 40.920 Thread 0x000001caff242d00 9630       3       java.lang.AbstractStringBuilder::append (45 bytes)
Event: 40.922 Thread 0x000001caff242d00 nmethod 9630 0x000001ca80f83c90 code [0x000001ca80f83ea0, 0x000001ca80f843c8]
Event: 40.922 Thread 0x000001caff242d00 9631       3       java.lang.String::<init> (99 bytes)
Event: 40.928 Thread 0x000001caff242d00 nmethod 9631 0x000001ca80f84610 code [0x000001ca80f84a00, 0x000001ca80f86480]
Event: 40.928 Thread 0x000001caff242d00 9632 %     3       com.google.common.collect.MapMakerInternalMap$Segment::expand @ 56 (276 bytes)
Event: 40.940 Thread 0x000001ca9be8f8c0 nmethod 9620 0x000001ca87f8b990 code [0x000001ca87f8bb60, 0x000001ca87f8c030]
Event: 40.940 Thread 0x000001ca9be8f8c0 9619       4       com.google.common.collect.Interners$InternerImpl::intern (54 bytes)
Event: 40.950 Thread 0x000001caff242d00 nmethod 9632% 0x000001ca80f86d90 code [0x000001ca80f875c0, 0x000001ca80f8c6b8]
Event: 40.951 Thread 0x000001caff242d00 9633       3       org.gradle.internal.serialize.kryo.KryoBackedDecoder::readString (5 bytes)
Event: 40.952 Thread 0x000001caff242d00 nmethod 9633 0x000001ca80f8e610 code [0x000001ca80f8e840, 0x000001ca80f8ee40]

GC Heap History (20 events):
Event: 17.492 GC heap after
{Heap after GC invocations=14 (full 0):
 garbage-first heap   total 111616K, used 69380K [0x0000000080000000, 0x0000000100000000)
  region size 1024K, 4 young (4096K), 4 survivors (4096K)
 Metaspace       used 48651K, committed 49664K, reserved 1114112K
  class space    used 6479K, committed 6976K, reserved 1048576K
}
Event: 18.960 GC heap before
{Heap before GC invocations=14 (full 0):
 garbage-first heap   total 111616K, used 98052K [0x0000000080000000, 0x0000000100000000)
  region size 1024K, 33 young (33792K), 4 survivors (4096K)
 Metaspace       used 51858K, committed 53184K, reserved 1114112K
  class space    used 7034K, committed 7680K, reserved 1048576K
}
Event: 18.972 GC heap after
{Heap after GC invocations=15 (full 0):
 garbage-first heap   total 111616K, used 70871K [0x0000000080000000, 0x0000000100000000)
  region size 1024K, 2 young (2048K), 2 survivors (2048K)
 Metaspace       used 51858K, committed 53184K, reserved 1114112K
  class space    used 7034K, committed 7680K, reserved 1048576K
}
Event: 20.402 GC heap before
{Heap before GC invocations=15 (full 0):
 garbage-first heap   total 111616K, used 101591K [0x0000000080000000, 0x0000000100000000)
  region size 1024K, 32 young (32768K), 2 survivors (2048K)
 Metaspace       used 55658K, committed 57152K, reserved 1114112K
  class space    used 7662K, committed 8384K, reserved 1048576K
}
Event: 20.412 GC heap after
{Heap after GC invocations=16 (full 0):
 garbage-first heap   total 111616K, used 72368K [0x0000000080000000, 0x0000000100000000)
  region size 1024K, 4 young (4096K), 4 survivors (4096K)
 Metaspace       used 55658K, committed 57152K, reserved 1114112K
  class space    used 7662K, committed 8384K, reserved 1048576K
}
Event: 22.218 GC heap before
{Heap before GC invocations=17 (full 0):
 garbage-first heap   total 121856K, used 99699K [0x0000000080000000, 0x0000000100000000)
  region size 1024K, 30 young (30720K), 4 survivors (4096K)
 Metaspace       used 57475K, committed 59008K, reserved 1114112K
  class space    used 7973K, committed 8768K, reserved 1048576K
}
Event: 22.233 GC heap after
{Heap after GC invocations=18 (full 0):
 garbage-first heap   total 146432K, used 76561K [0x0000000080000000, 0x0000000100000000)
  region size 1024K, 4 young (4096K), 4 survivors (4096K)
 Metaspace       used 57475K, committed 59008K, reserved 1114112K
  class space    used 7973K, committed 8768K, reserved 1048576K
}
Event: 24.797 GC heap before
{Heap before GC invocations=18 (full 0):
 garbage-first heap   total 146432K, used 145169K [0x0000000080000000, 0x0000000100000000)
  region size 1024K, 56 young (57344K), 4 survivors (4096K)
 Metaspace       used 61115K, committed 62784K, reserved 1114112K
  class space    used 8396K, committed 9216K, reserved 1048576K
}
Event: 24.824 GC heap after
{Heap after GC invocations=19 (full 0):
 garbage-first heap   total 155648K, used 93310K [0x0000000080000000, 0x0000000100000000)
  region size 1024K, 8 young (8192K), 8 survivors (8192K)
 Metaspace       used 61115K, committed 62784K, reserved 1114112K
  class space    used 8396K, committed 9216K, reserved 1048576K
}
Event: 27.938 GC heap before
{Heap before GC invocations=19 (full 0):
 garbage-first heap   total 155648K, used 137342K [0x0000000080000000, 0x0000000100000000)
  region size 1024K, 51 young (52224K), 8 survivors (8192K)
 Metaspace       used 67363K, committed 69056K, reserved 1114112K
  class space    used 9291K, committed 10112K, reserved 1048576K
}
Event: 27.956 GC heap after
{Heap after GC invocations=20 (full 0):
 garbage-first heap   total 155648K, used 95069K [0x0000000080000000, 0x0000000100000000)
  region size 1024K, 5 young (5120K), 5 survivors (5120K)
 Metaspace       used 67363K, committed 69056K, reserved 1114112K
  class space    used 9291K, committed 10112K, reserved 1048576K
}
Event: 30.276 GC heap before
{Heap before GC invocations=21 (full 0):
 garbage-first heap   total 158720K, used 141149K [0x0000000080000000, 0x0000000100000000)
  region size 1024K, 50 young (51200K), 5 survivors (5120K)
 Metaspace       used 72040K, committed 73792K, reserved 1114112K
  class space    used 10058K, committed 10944K, reserved 1048576K
}
Event: 30.292 GC heap after
{Heap after GC invocations=22 (full 0):
 garbage-first heap   total 158720K, used 97343K [0x0000000080000000, 0x0000000100000000)
  region size 1024K, 5 young (5120K), 5 survivors (5120K)
 Metaspace       used 72040K, committed 73792K, reserved 1114112K
  class space    used 10058K, committed 10944K, reserved 1048576K
}
Event: 34.879 GC heap before
{Heap before GC invocations=22 (full 0):
 garbage-first heap   total 158720K, used 142399K [0x0000000080000000, 0x0000000100000000)
  region size 1024K, 50 young (51200K), 5 survivors (5120K)
 Metaspace       used 82280K, committed 84032K, reserved 1179648K
  class space    used 11370K, committed 12224K, reserved 1048576K
}
Event: 34.888 GC heap after
{Heap after GC invocations=23 (full 0):
 garbage-first heap   total 158720K, used 101146K [0x0000000080000000, 0x0000000100000000)
  region size 1024K, 7 young (7168K), 7 survivors (7168K)
 Metaspace       used 82280K, committed 84032K, reserved 1179648K
  class space    used 11370K, committed 12224K, reserved 1048576K
}
Event: 38.600 GC heap before
{Heap before GC invocations=23 (full 0):
 garbage-first heap   total 158720K, used 141082K [0x0000000080000000, 0x0000000100000000)
  region size 1024K, 47 young (48128K), 7 survivors (7168K)
 Metaspace       used 83824K, committed 85632K, reserved 1179648K
  class space    used 11537K, committed 12480K, reserved 1048576K
}
Event: 38.608 GC heap after
{Heap after GC invocations=24 (full 0):
 garbage-first heap   total 158720K, used 105413K [0x0000000080000000, 0x0000000100000000)
  region size 1024K, 5 young (5120K), 5 survivors (5120K)
 Metaspace       used 83824K, committed 85632K, reserved 1179648K
  class space    used 11537K, committed 12480K, reserved 1048576K
}
Event: 40.639 GC heap before
{Heap before GC invocations=25 (full 0):
 garbage-first heap   total 178176K, used 141253K [0x0000000080000000, 0x0000000100000000)
  region size 1024K, 41 young (41984K), 5 survivors (5120K)
 Metaspace       used 84073K, committed 85888K, reserved 1179648K
  class space    used 11554K, committed 12480K, reserved 1048576K
}
Event: 40.659 GC heap after
{Heap after GC invocations=26 (full 0):
 garbage-first heap   total 178176K, used 111081K [0x0000000080000000, 0x0000000100000000)
  region size 1024K, 6 young (6144K), 6 survivors (6144K)
 Metaspace       used 84073K, committed 85888K, reserved 1179648K
  class space    used 11554K, committed 12480K, reserved 1048576K
}
Event: 41.218 GC heap before
{Heap before GC invocations=26 (full 0):
 garbage-first heap   total 178176K, used 160233K [0x0000000080000000, 0x0000000100000000)
  region size 1024K, 55 young (56320K), 6 survivors (6144K)
 Metaspace       used 84079K, committed 85888K, reserved 1179648K
  class space    used 11554K, committed 12480K, reserved 1048576K
}

Dll operation events (3 events):
Event: 0.060 Loaded shared library C:\Program Files\Android\Android Studio\jbr\bin\java.dll
Event: 0.094 Loaded shared library C:\Program Files\Android\Android Studio\jbr\bin\zip.dll
Event: 2.641 Loaded shared library C:\Program Files\Android\Android Studio\jbr\bin\verify.dll

Deoptimization events (20 events):
Event: 40.553 Thread 0x000001ca9bdd7d00 Uncommon trap: trap_request=0xffffff45 fr.pc=0x000001ca87f7ef98 relative=0x0000000000000998
Event: 40.553 Thread 0x000001ca9bdd7d00 Uncommon trap: reason=unstable_if action=reinterpret pc=0x000001ca87f7ef98 method=com.google.common.collect.MapMakerInternalMap$Segment.getEntry(Ljava/lang/Object;I)Lcom/google/common/collect/MapMakerInternalMap$InternalEntry; @ 63 c2
Event: 40.553 Thread 0x000001ca9bdd7d00 DEOPT PACKING pc=0x000001ca87f7ef98 sp=0x000000ac0fcf9ea0
Event: 40.553 Thread 0x000001ca9bdd7d00 DEOPT UNPACKING pc=0x000001ca875846a2 sp=0x000000ac0fcf9da8 mode 2
Event: 40.554 Thread 0x000001ca9bdd7d00 Uncommon trap: trap_request=0xffffff45 fr.pc=0x000001ca87c1dbb0 relative=0x00000000000002d0
Event: 40.554 Thread 0x000001ca9bdd7d00 Uncommon trap: reason=unstable_if action=reinterpret pc=0x000001ca87c1dbb0 method=com.google.common.collect.MapMakerInternalMap$Segment.getEntry(Ljava/lang/Object;I)Lcom/google/common/collect/MapMakerInternalMap$InternalEntry; @ 63 c2
Event: 40.554 Thread 0x000001ca9bdd7d00 DEOPT PACKING pc=0x000001ca87c1dbb0 sp=0x000000ac0fcf9df0
Event: 40.554 Thread 0x000001ca9bdd7d00 DEOPT UNPACKING pc=0x000001ca875846a2 sp=0x000000ac0fcf9da0 mode 2
Event: 40.918 Thread 0x000001ca9bdd7d00 Uncommon trap: trap_request=0xffffff45 fr.pc=0x000001ca87efc408 relative=0x0000000000000c88
Event: 40.918 Thread 0x000001ca9bdd7d00 Uncommon trap: reason=unstable_if action=reinterpret pc=0x000001ca87efc408 method=com.esotericsoftware.kryo.io.Input.readUtf8(I)V @ 48 c2
Event: 40.918 Thread 0x000001ca9bdd7d00 DEOPT PACKING pc=0x000001ca87efc408 sp=0x000000ac0fcf9bd0
Event: 40.919 Thread 0x000001ca9bdd7d00 DEOPT UNPACKING pc=0x000001ca875846a2 sp=0x000000ac0fcf9a40 mode 2
Event: 40.919 Thread 0x000001ca9bdd7d00 Uncommon trap: trap_request=0xffffff45 fr.pc=0x000001ca87b33390 relative=0x00000000000005b0
Event: 40.919 Thread 0x000001ca9bdd7d00 Uncommon trap: reason=unstable_if action=reinterpret pc=0x000001ca87b33390 method=java.lang.AbstractStringBuilder.inflateIfNeededFor(Ljava/lang/String;)V @ 14 c2
Event: 40.919 Thread 0x000001ca9bdd7d00 DEOPT PACKING pc=0x000001ca87b33390 sp=0x000000ac0fcf9d30
Event: 40.919 Thread 0x000001ca9bdd7d00 DEOPT UNPACKING pc=0x000001ca875846a2 sp=0x000000ac0fcf9c28 mode 2
Event: 40.919 Thread 0x000001ca9bdd7d00 Uncommon trap: trap_request=0xffffff45 fr.pc=0x000001ca87bae9c0 relative=0x0000000000000500
Event: 40.919 Thread 0x000001ca9bdd7d00 Uncommon trap: reason=unstable_if action=reinterpret pc=0x000001ca87bae9c0 method=java.lang.String.<init>(Ljava/lang/AbstractStringBuilder;Ljava/lang/Void;)V @ 19 c2
Event: 40.919 Thread 0x000001ca9bdd7d00 DEOPT PACKING pc=0x000001ca87bae9c0 sp=0x000000ac0fcf9d40
Event: 40.919 Thread 0x000001ca9bdd7d00 DEOPT UNPACKING pc=0x000001ca875846a2 sp=0x000000ac0fcf9cf0 mode 2

Classes loaded (20 events):
Event: 34.891 Loading class sun/security/ssl/Alert$Level
Event: 34.891 Loading class sun/security/ssl/Alert$Level done
Event: 34.905 Loading class com/sun/org/apache/xerces/internal/dom/DeferredCommentImpl
Event: 34.905 Loading class com/sun/org/apache/xerces/internal/dom/CommentImpl
Event: 34.905 Loading class com/sun/org/apache/xerces/internal/dom/CommentImpl done
Event: 34.905 Loading class com/sun/org/apache/xerces/internal/dom/DeferredCommentImpl done
Event: 36.586 Loading class java/util/Collections$ReverseComparator
Event: 36.596 Loading class java/util/Collections$ReverseComparator done
Event: 36.596 Loading class java/util/Collections$ReverseComparator2
Event: 36.597 Loading class java/util/Collections$ReverseComparator2 done
Event: 37.075 Loading class java/util/LinkedList$LLSpliterator
Event: 37.076 Loading class java/util/LinkedList$LLSpliterator done
Event: 38.535 Loading class java/util/zip/ZipFile$ZipEntryIterator
Event: 38.535 Loading class java/util/zip/ZipFile$ZipEntryIterator done
Event: 38.539 Loading class java/util/zip/ZipInputStream
Event: 38.539 Loading class java/util/zip/ZipInputStream done
Event: 38.612 Loading class java/nio/file/StandardCopyOption
Event: 38.612 Loading class java/nio/file/StandardCopyOption done
Event: 38.613 Loading class sun/nio/fs/WindowsFileCopy
Event: 38.621 Loading class sun/nio/fs/WindowsFileCopy done

Classes unloaded (0 events):
No events

Classes redefined (0 events):
No events

Internal exceptions (20 events):
Event: 30.438 Thread 0x000001ca9828ade0 Exception <a 'java/lang/NoSuchMethodError'{0x0000000089423530}: static Lorg/gradle/api/internal/catalog/VersionModel;.<clinit>()V> (0x0000000089423530) 
thrown [s\src\hotspot\share\prims\jni.cpp, line 1144]
Event: 30.866 Thread 0x000001ca9828ade0 Exception <a 'java/lang/NoSuchMethodError'{0x00000000890257f0}: 'int java.lang.invoke.DirectMethodHandle$Holder.invokeSpecialIFC(java.lang.Object, java.lang.Object, java.lang.Object)'> (0x00000000890257f0) 
thrown [s\src\hotspot\share\interpreter\linkResolver.cpp, line 784]
Event: 31.138 Thread 0x000001ca9828ade0 Exception <a 'java/lang/NoSuchMethodError'{0x0000000088dc80d0}: 'void java.lang.invoke.DirectMethodHandle$Holder.invokeStatic(java.lang.Object, java.lang.Object, java.lang.Object, int, java.lang.Object)'> (0x0000000088dc80d0) 
thrown [s\src\hotspot\share\interpreter\linkResolver.cpp, line 784]
Event: 31.400 Thread 0x000001ca9828ade0 Exception <a 'sun/nio/fs/WindowsException'{0x0000000088a656b0}> (0x0000000088a656b0) 
thrown [s\src\hotspot\share\prims\jni.cpp, line 537]
Event: 33.888 Thread 0x000001ca9828ade0 Implicit null exception at 0x000001ca87b6d880 to 0x000001ca87b6d8ac
Event: 33.905 Thread 0x000001ca9828c190 Exception <a 'java/lang/NoSuchMethodError'{0x00000000871091a0}: static Lorg/gradle/internal/build/event/types/DefaultFileDownloadDescriptor;.<clinit>()V> (0x00000000871091a0) 
thrown [s\src\hotspot\share\prims\jni.cpp, line 1144]
Event: 34.104 Thread 0x000001ca9828ade0 Exception <a 'java/lang/NoSuchMethodError'{0x0000000087137368}: 'void java.lang.invoke.DirectMethodHandle$Holder.invokeVirtual(java.lang.Object, java.lang.Object, long)'> (0x0000000087137368) 
thrown [s\src\hotspot\share\interpreter\linkResolver.cpp, line 784]
Event: 34.147 Thread 0x000001ca9828c190 Exception <a 'java/lang/NoSuchMethodError'{0x0000000087009328}: static Lorg/gradle/internal/build/event/types/DefaultStatusEvent;.<clinit>()V> (0x0000000087009328) 
thrown [s\src\hotspot\share\prims\jni.cpp, line 1144]
Event: 34.154 Thread 0x000001ca9828c190 Exception <a 'java/lang/NoSuchMethodError'{0x0000000087014860}: static Lorg/gradle/internal/build/event/types/DefaultOperationFinishedProgressEvent;.<clinit>()V> (0x0000000087014860) 
thrown [s\src\hotspot\share\prims\jni.cpp, line 1144]
Event: 34.165 Thread 0x000001ca9828c190 Exception <a 'java/lang/NoSuchMethodError'{0x00000000870ccac0}: static Lorg/gradle/internal/build/event/types/DefaultFileDownloadSuccessResult;.<clinit>()V> (0x00000000870ccac0) 
thrown [s\src\hotspot\share\prims\jni.cpp, line 1144]
Event: 34.166 Thread 0x000001ca9828c190 Exception <a 'java/lang/NoSuchMethodError'{0x00000000870cd8e8}: static Lorg/gradle/internal/build/event/types/DefaultSuccessResult;.<clinit>()V> (0x00000000870cd8e8) 
thrown [s\src\hotspot\share\prims\jni.cpp, line 1144]
Event: 34.166 Thread 0x000001ca9828c190 Exception <a 'java/lang/NoSuchMethodError'{0x00000000870ce7d0}: static Lorg/gradle/internal/build/event/types/AbstractOperationResult;.<clinit>()V> (0x00000000870ce7d0) 
thrown [s\src\hotspot\share\prims\jni.cpp, line 1144]
Event: 34.166 Thread 0x000001ca9828c190 Exception <a 'java/lang/NoSuchMethodError'{0x00000000870cfc80}: static Lorg/gradle/internal/build/event/types/AbstractResult;.<clinit>()V> (0x00000000870cfc80) 
thrown [s\src\hotspot\share\prims\jni.cpp, line 1144]
Event: 34.248 Thread 0x000001ca9828ade0 Exception <a 'java/lang/NoSuchMethodError'{0x0000000086f82d58}: 'int java.lang.invoke.DirectMethodHandle$Holder.invokeSpecial(java.lang.Object, java.lang.Object, int)'> (0x0000000086f82d58) 
thrown [s\src\hotspot\share\interpreter\linkResolver.cpp, line 784]
Event: 34.891 Thread 0x000001caff1dbd30 Implicit null exception at 0x000001ca87c07407 to 0x000001ca87c074e8
Event: 37.079 Thread 0x000001ca9828ade0 Exception <a 'java/lang/IncompatibleClassChangeError'{0x0000000088ae3178}: Found class java.lang.Object, but interface was expected> (0x0000000088ae3178) 
thrown [s\src\hotspot\share\interpreter\linkResolver.cpp, line 851]
Event: 38.224 Thread 0x000001ca9bddaaf0 Exception <a 'java/lang/IncompatibleClassChangeError'{0x0000000087c6b680}: Found class java.lang.Object, but interface was expected> (0x0000000087c6b680) 
thrown [s\src\hotspot\share\interpreter\linkResolver.cpp, line 851]
Event: 38.224 Thread 0x000001ca9bdd90b0 Exception <a 'java/lang/IncompatibleClassChangeError'{0x0000000087c44528}: Found class java.lang.Object, but interface was expected> (0x0000000087c44528) 
thrown [s\src\hotspot\share\interpreter\linkResolver.cpp, line 851]
Event: 38.537 Thread 0x000001ca9bdd90b0 Implicit null exception at 0x000001ca87bc8315 to 0x000001ca87bc930c
Event: 38.537 Thread 0x000001ca9bddaaf0 Implicit null exception at 0x000001ca87bc8315 to 0x000001ca87bc930c

ZGC Phase Switch (0 events):
No events

VM Operations (20 events):
Event: 36.962 Executing VM operation: ICBufferFull done
Event: 37.970 Executing VM operation: Cleanup
Event: 37.970 Executing VM operation: Cleanup done
Event: 38.197 Executing VM operation: HandshakeAllThreads (Deoptimize)
Event: 38.198 Executing VM operation: HandshakeAllThreads (Deoptimize) done
Event: 38.204 Executing VM operation: HandshakeAllThreads (Deoptimize)
Event: 38.205 Executing VM operation: HandshakeAllThreads (Deoptimize) done
Event: 38.570 Executing VM operation: ICBufferFull
Event: 38.570 Executing VM operation: ICBufferFull done
Event: 38.600 Executing VM operation: G1CollectForAllocation (G1 Evacuation Pause)
Event: 38.608 Executing VM operation: G1CollectForAllocation (G1 Evacuation Pause) done
Event: 38.643 Executing VM operation: G1PauseRemark
Event: 39.661 Executing VM operation: G1PauseRemark done
Event: 39.728 Executing VM operation: G1PauseCleanup
Event: 39.729 Executing VM operation: G1PauseCleanup done
Event: 40.305 Executing VM operation: ICBufferFull
Event: 40.305 Executing VM operation: ICBufferFull done
Event: 40.639 Executing VM operation: G1CollectForAllocation (G1 Evacuation Pause)
Event: 40.660 Executing VM operation: G1CollectForAllocation (G1 Evacuation Pause) done
Event: 41.218 Executing VM operation: G1CollectForAllocation (G1 Evacuation Pause)

Memory protections (0 events):
No events

Nmethod flushes (20 events):
Event: 38.647 Thread 0x000001caff001030 flushing  nmethod 0x000001ca87d5c290
Event: 38.647 Thread 0x000001caff001030 flushing  nmethod 0x000001ca87dad710
Event: 38.647 Thread 0x000001caff001030 flushing  nmethod 0x000001ca800ebc90
Event: 38.647 Thread 0x000001caff001030 flushing  nmethod 0x000001ca801a5710
Event: 38.647 Thread 0x000001caff001030 flushing  nmethod 0x000001ca801e7c10
Event: 38.647 Thread 0x000001caff001030 flushing  nmethod 0x000001ca801e8110
Event: 38.647 Thread 0x000001caff001030 flushing  nmethod 0x000001ca801e8590
Event: 38.647 Thread 0x000001caff001030 flushing  nmethod 0x000001ca80246a10
Event: 38.647 Thread 0x000001caff001030 flushing  nmethod 0x000001ca80322390
Event: 38.647 Thread 0x000001caff001030 flushing  nmethod 0x000001ca80323190
Event: 38.647 Thread 0x000001caff001030 flushing  nmethod 0x000001ca803a8090
Event: 38.647 Thread 0x000001caff001030 flushing  nmethod 0x000001ca803b0e90
Event: 38.647 Thread 0x000001caff001030 flushing  nmethod 0x000001ca80433c10
Event: 38.647 Thread 0x000001caff001030 flushing  nmethod 0x000001ca8047fe10
Event: 38.647 Thread 0x000001caff001030 flushing  nmethod 0x000001ca805d4d10
Event: 38.647 Thread 0x000001caff001030 flushing  nmethod 0x000001ca805d5b90
Event: 38.647 Thread 0x000001caff001030 flushing  nmethod 0x000001ca8065a490
Event: 38.647 Thread 0x000001caff001030 flushing  nmethod 0x000001ca8065dd10
Event: 38.647 Thread 0x000001caff001030 flushing  nmethod 0x000001ca8074f310
Event: 38.647 Thread 0x000001caff001030 flushing  nmethod 0x000001ca80974890

Events (20 events):
Event: 38.004 Thread 0x000001ca9828ade0 Thread added: 0x000001ca9bdda460
Event: 38.011 Thread 0x000001ca9828ade0 Thread added: 0x000001ca9bddb180
Event: 38.018 Thread 0x000001ca9828ade0 Thread added: 0x000001ca9bddaaf0
Event: 38.024 Thread 0x000001ca9828ade0 Thread added: 0x000001ca9bdd8390
Event: 38.278 Thread 0x000001caff242d00 Thread added: 0x000001ca99a2d260
Event: 38.518 Thread 0x000001ca99a2d260 Thread exited: 0x000001ca99a2d260
Event: 38.518 Thread 0x000001ca9be8f8c0 Thread exited: 0x000001ca9be8f8c0
Event: 38.542 Thread 0x000001caff242d00 Thread added: 0x000001ca9be8f8c0
Event: 38.584 Thread 0x000001caff242d00 Thread added: 0x000001ca9d15ed00
Event: 40.066 Thread 0x000001ca9828ade0 Thread added: 0x000001ca9bdd7d00
Event: 40.067 Thread 0x000001ca9828ade0 Thread added: 0x000001ca9bdddf70
Event: 40.071 Thread 0x000001ca9828ade0 Thread added: 0x000001ca9bddd8e0
Event: 40.073 Thread 0x000001ca9828ade0 Thread added: 0x000001ca9bddb810
Event: 40.074 Thread 0x000001ca9828ade0 Thread added: 0x000001ca9bdde600
Event: 40.076 Thread 0x000001ca9828ade0 Thread added: 0x000001ca9bddec90
Event: 40.078 Thread 0x000001ca9828ade0 Thread added: 0x000001ca9bddf320
Event: 40.079 Thread 0x000001ca9828ade0 Thread added: 0x000001ca9bddcbc0
Event: 40.081 Thread 0x000001ca9828ade0 Thread added: 0x000001ca9bddc530
Event: 40.083 Thread 0x000001ca9828ade0 Thread added: 0x000001ca9bddbea0
Event: 40.084 Thread 0x000001ca9828ade0 Thread added: 0x000001ca9bddd250


Dynamic libraries:
0x00007ff6e3df0000 - 0x00007ff6e3dfa000 	C:\Program Files\Android\Android Studio\jbr\bin\java.exe
0x00007ff9cbca0000 - 0x00007ff9cbf07000 	C:\Windows\SYSTEM32\ntdll.dll
0x00007ff9cac80000 - 0x00007ff9cad49000 	C:\Windows\System32\KERNEL32.DLL
0x00007ff9c9440000 - 0x00007ff9c9830000 	C:\Windows\System32\KERNELBASE.dll
0x00007ff9c8e60000 - 0x00007ff9c8fab000 	C:\Windows\System32\ucrtbase.dll
0x00007ff9a40c0000 - 0x00007ff9a40d8000 	C:\Program Files\Android\Android Studio\jbr\bin\jli.dll
0x00007ff9ca240000 - 0x00007ff9ca405000 	C:\Windows\System32\USER32.dll
0x00007ff9c9370000 - 0x00007ff9c9397000 	C:\Windows\System32\win32u.dll
0x00007ff9cba40000 - 0x00007ff9cba6b000 	C:\Windows\System32\GDI32.dll
0x00007ff9c98f0000 - 0x00007ff9c9a28000 	C:\Windows\System32\gdi32full.dll
0x00007ff9c9840000 - 0x00007ff9c98e3000 	C:\Windows\System32\msvcp_win.dll
0x00007ff9a3fc0000 - 0x00007ff9a3fdb000 	C:\Program Files\Android\Android Studio\jbr\bin\VCRUNTIME140.dll
0x00007ff9ab2f0000 - 0x00007ff9ab58a000 	C:\Windows\WinSxS\amd64_microsoft.windows.common-controls_6595b64144ccf1df_6.0.26100.4768_none_3e0c112ce331287c\COMCTL32.dll
0x00007ff9cad60000 - 0x00007ff9cae09000 	C:\Windows\System32\msvcrt.dll
0x00007ff9cb280000 - 0x00007ff9cb2af000 	C:\Windows\System32\IMM32.DLL
0x00007ff9b6ac0000 - 0x00007ff9b6acc000 	C:\Program Files\Android\Android Studio\jbr\bin\vcruntime140_1.dll
0x00007ff985570000 - 0x00007ff9855fd000 	C:\Program Files\Android\Android Studio\jbr\bin\msvcp140.dll
0x00007ff9444d0000 - 0x00007ff94515e000 	C:\Program Files\Android\Android Studio\jbr\bin\server\jvm.dll
0x00007ff9c9c60000 - 0x00007ff9c9d14000 	C:\Windows\System32\ADVAPI32.dll
0x00007ff9caea0000 - 0x00007ff9caf46000 	C:\Windows\System32\sechost.dll
0x00007ff9caf50000 - 0x00007ff9cb068000 	C:\Windows\System32\RPCRT4.dll
0x00007ff9cb750000 - 0x00007ff9cb7c4000 	C:\Windows\System32\WS2_32.dll
0x00007ff9c8c30000 - 0x00007ff9c8c8e000 	C:\Windows\SYSTEM32\POWRPROF.dll
0x00007ff9ac210000 - 0x00007ff9ac245000 	C:\Windows\SYSTEM32\WINMM.dll
0x00007ff9bb6f0000 - 0x00007ff9bb6fb000 	C:\Windows\SYSTEM32\VERSION.dll
0x00007ff9c8c10000 - 0x00007ff9c8c24000 	C:\Windows\SYSTEM32\UMPDC.dll
0x00007ff9c7b20000 - 0x00007ff9c7b3b000 	C:\Windows\SYSTEM32\kernel.appcore.dll
0x00007ff9a4030000 - 0x00007ff9a403a000 	C:\Program Files\Android\Android Studio\jbr\bin\jimage.dll
0x00007ff9ab700000 - 0x00007ff9ab941000 	C:\Windows\SYSTEM32\DBGHELP.DLL
0x00007ff9c9e30000 - 0x00007ff9ca1b5000 	C:\Windows\System32\combase.dll
0x00007ff9cbb70000 - 0x00007ff9cbc50000 	C:\Windows\System32\OLEAUT32.dll
0x00007ff99ace0000 - 0x00007ff99ad23000 	C:\Windows\SYSTEM32\dbgcore.DLL
0x00007ff9c93a0000 - 0x00007ff9c9439000 	C:\Windows\System32\bcryptPrimitives.dll
0x00007ff9c3130000 - 0x00007ff9c313e000 	C:\Program Files\Android\Android Studio\jbr\bin\instrument.dll
0x00007ff9a3fa0000 - 0x00007ff9a3fc0000 	C:\Program Files\Android\Android Studio\jbr\bin\java.dll
0x00007ff9a3f80000 - 0x00007ff9a3f98000 	C:\Program Files\Android\Android Studio\jbr\bin\zip.dll
0x00007ff9ca4c0000 - 0x00007ff9cac0d000 	C:\Windows\System32\SHELL32.dll
0x00007ff9c9130000 - 0x00007ff9c92a3000 	C:\Windows\System32\wintypes.dll
0x00007ff9c6990000 - 0x00007ff9c71f0000 	C:\Windows\SYSTEM32\windows.storage.dll
0x00007ff9c9d30000 - 0x00007ff9c9e25000 	C:\Windows\System32\SHCORE.dll
0x00007ff9cb1f0000 - 0x00007ff9cb25a000 	C:\Windows\System32\shlwapi.dll
0x00007ff9c8cf0000 - 0x00007ff9c8d19000 	C:\Windows\SYSTEM32\profapi.dll
0x00007ff9a3f70000 - 0x00007ff9a3f80000 	C:\Program Files\Android\Android Studio\jbr\bin\net.dll
0x00007ff9c13d0000 - 0x00007ff9c14ee000 	C:\Windows\SYSTEM32\WINHTTP.dll
0x00007ff9c80c0000 - 0x00007ff9c812b000 	C:\Windows\system32\mswsock.dll
0x00007ff99a950000 - 0x00007ff99a966000 	C:\Program Files\Android\Android Studio\jbr\bin\nio.dll
0x00007ff99a430000 - 0x00007ff99a440000 	C:\Program Files\Android\Android Studio\jbr\bin\verify.dll
0x00007ff99f0d0000 - 0x00007ff99f0f7000 	C:\Users\deepa\.gradle\native\1def1411415f61bf3af743bc5b6707747c0891f09f0c88961ee8f79bc544acac\windows-amd64\native-platform.dll
0x00007ff991f90000 - 0x00007ff992008000 	C:\Users\deepa\.gradle\native\0.2.7\x86_64-windows-gnu\gradle-fileevents.dll
0x00007ff99acb0000 - 0x00007ff99acb9000 	C:\Program Files\Android\Android Studio\jbr\bin\management.dll
0x00007ff99a870000 - 0x00007ff99a87b000 	C:\Program Files\Android\Android Studio\jbr\bin\management_ext.dll
0x00007ff9cac70000 - 0x00007ff9cac78000 	C:\Windows\System32\PSAPI.DLL
0x00007ff9c7500000 - 0x00007ff9c7533000 	C:\Windows\SYSTEM32\IPHLPAPI.DLL
0x00007ff9cb1e0000 - 0x00007ff9cb1ea000 	C:\Windows\System32\NSI.dll
0x00007ff99ee90000 - 0x00007ff99ee99000 	C:\Program Files\Android\Android Studio\jbr\bin\extnet.dll
0x00007ff9c83a0000 - 0x00007ff9c83bb000 	C:\Windows\SYSTEM32\CRYPTSP.dll
0x00007ff9c7a70000 - 0x00007ff9c7aab000 	C:\Windows\system32\rsaenh.dll
0x00007ff9c8160000 - 0x00007ff9c818b000 	C:\Windows\SYSTEM32\USERENV.dll
0x00007ff9c8cc0000 - 0x00007ff9c8ce6000 	C:\Windows\SYSTEM32\bcrypt.dll
0x00007ff9c83c0000 - 0x00007ff9c83cc000 	C:\Windows\SYSTEM32\CRYPTBASE.dll
0x00007ff996cc0000 - 0x00007ff996cc8000 	C:\Windows\system32\wshunix.dll
0x00007ff9c7540000 - 0x00007ff9c7666000 	C:\Windows\SYSTEM32\DNSAPI.dll
0x00007ff9bbcc0000 - 0x00007ff9bbccb000 	C:\Windows\System32\rasadhlp.dll
0x00007ff9bb9d0000 - 0x00007ff9bba56000 	C:\Windows\System32\fwpuclnt.dll

dbghelp: loaded successfully - version: 4.0.5 - missing functions: none
symbol engine: initialized successfully - sym options: 0x614 - pdb path: .;C:\Program Files\Android\Android Studio\jbr\bin;C:\Windows\SYSTEM32;C:\Windows\WinSxS\amd64_microsoft.windows.common-controls_6595b64144ccf1df_6.0.26100.4768_none_3e0c112ce331287c;C:\Program Files\Android\Android Studio\jbr\bin\server;C:\Users\deepa\.gradle\native\1def1411415f61bf3af743bc5b6707747c0891f09f0c88961ee8f79bc544acac\windows-amd64;C:\Users\deepa\.gradle\native\0.2.7\x86_64-windows-gnu

VM Arguments:
jvm_args: --add-opens=java.base/java.lang=ALL-UNNAMED --add-opens=java.base/java.lang.invoke=ALL-UNNAMED --add-opens=java.base/java.util=ALL-UNNAMED --add-opens=java.prefs/java.util.prefs=ALL-UNNAMED --add-exports=jdk.compiler/com.sun.tools.javac.api=ALL-UNNAMED --add-exports=jdk.compiler/com.sun.tools.javac.util=ALL-UNNAMED --add-opens=java.base/java.util=ALL-UNNAMED --add-opens=java.prefs/java.util.prefs=ALL-UNNAMED --add-opens=java.base/java.nio.charset=ALL-UNNAMED --add-opens=java.base/java.net=ALL-UNNAMED --add-opens=java.base/java.util.concurrent.atomic=ALL-UNNAMED --add-opens=java.xml/javax.xml.namespace=ALL-UNNAMED -Xmx2048m -Dfile.encoding=UTF-8 -Duser.country=US -Duser.language=en -Duser.variant -javaagent:C:\Users\deepa\.gradle\wrapper\dists\gradle-8.13-bin\5xuhj0ry160q40clulazy9h7d\gradle-8.13\lib\agents\gradle-instrumentation-agent-8.13.jar 
java_command: org.gradle.launcher.daemon.bootstrap.GradleDaemon 8.13
java_class_path (initial): C:\Users\deepa\.gradle\wrapper\dists\gradle-8.13-bin\5xuhj0ry160q40clulazy9h7d\gradle-8.13\lib\gradle-daemon-main-8.13.jar
Launcher Type: SUN_STANDARD

[Global flags]
     intx CICompilerCount                          = 4                                         {product} {ergonomic}
     uint ConcGCThreads                            = 3                                         {product} {ergonomic}
     uint G1ConcRefinementThreads                  = 10                                        {product} {ergonomic}
   size_t G1HeapRegionSize                         = 1048576                                   {product} {ergonomic}
    uintx GCDrainStackTargetSize                   = 64                                        {product} {ergonomic}
   size_t InitialHeapSize                          = 132120576                                 {product} {ergonomic}
   size_t MarkStackSize                            = 4194304                                   {product} {ergonomic}
   size_t MaxHeapSize                              = 2147483648                                {product} {command line}
   size_t MaxNewSize                               = 1287651328                                {product} {ergonomic}
   size_t MinHeapDeltaBytes                        = 1048576                                   {product} {ergonomic}
   size_t MinHeapSize                              = 8388608                                   {product} {ergonomic}
    uintx NonNMethodCodeHeapSize                   = 5839372                                {pd product} {ergonomic}
    uintx NonProfiledCodeHeapSize                  = 122909434                              {pd product} {ergonomic}
    uintx ProfiledCodeHeapSize                     = 122909434                              {pd product} {ergonomic}
    uintx ReservedCodeCacheSize                    = 251658240                              {pd product} {ergonomic}
     bool SegmentedCodeCache                       = true                                      {product} {ergonomic}
   size_t SoftMaxHeapSize                          = 2147483648                             {manageable} {ergonomic}
     bool UseCompressedOops                        = true                           {product lp64_product} {ergonomic}
     bool UseG1GC                                  = true                                      {product} {ergonomic}
     bool UseLargePagesIndividualAllocation        = false                                  {pd product} {ergonomic}

Logging:
Log output configuration:
 #0: stdout all=warning uptime,level,tags foldmultilines=false
 #1: stderr all=off uptime,level,tags foldmultilines=false

Environment Variables:
PATH=C:\Program Files\Common Files\Oracle\Java\javapath;C:\Windows\system32;C:\Windows;C:\Windows\System32\Wbem;C:\Windows\System32\WindowsPowerShell\v1.0\;C:\Windows\System32\OpenSSH\;C:\Program Files\dotnet\;C:\Program Files\Docker\Docker\resources\bin;C:\Program Files\Git\cmd;D:\Software Directory\;C:\ProgramData\chocolatey\bin;C:\Release-25.07.0-0\poppler-25.07.0\Library\bin;C:\Users\deepa\AppData\Local\Programs\Python\Launcher\;C:\Users\deepa\AppData\Local\Microsoft\WindowsApps;C:\Users\deepa\AppData\Local\GitHubDesktop\bin;D:\Software Directory\PyCharm 2025.1.1.1\bin;C:\Users\deepa\AppData\Roaming\Microsoft\Windows\Start Menu\Programs\Python 3.10;;D:\Software Directory\IntelliJ IDEA 2025.1.2\bin;;D:\Software Directory\cursor\resources\app\bin;D:\Software Directory\.jdks\ms-17.0.15;C:\Users\deepa\AppData\Local\Programs\Microsoft VS Code\bin;C:\Users\deepa\AppData\Roaming\npm;C:\poppler\Library\bin;C:\Release-25.07.0-0\poppler-25.07.0\Library\bin;C:\Program Files\Tesseract-OCR;
USERNAME=deepa
OS=Windows_NT
PROCESSOR_IDENTIFIER=Intel64 Family 6 Model 165 Stepping 2, GenuineIntel
TMP=C:\Users\deepa\AppData\Local\Temp
TEMP=C:\Users\deepa\AppData\Local\Temp




Periodic native trim disabled

JNI global refs:
JNI global refs: 31, weak refs: 17

JNI global refs memory usage: 835, weak refs: 833

Process memory usage:
Resident Set Size: 432080K (5% of 8206124K total physical memory with 724800K free physical memory)

OOME stack traces (most recent first):
Classloader memory used:
Loader org.gradle.internal.classloader.VisitableURLClassLoader                         : 39504K
Loader bootstrap                                                                       : 30269K
Loader org.gradle.initialization.MixInLegacyTypesClassLoader                           : 11179K
Loader org.gradle.internal.classloader.VisitableURLClassLoader                         : 963K
Loader jdk.internal.loader.ClassLoaders$PlatformClassLoader                            : 782K
Loader org.gradle.internal.classloader.VisitableURLClassLoader$InstrumentingVisitableURLClassLoader: 737K
Loader jdk.internal.reflect.DelegatingClassLoader                                      : 275K
Loader jdk.internal.loader.ClassLoaders$AppClassLoader                                 : 235K
Loader org.gradle.groovy.scripts.internal.DefaultScriptCompilationHandler$ScriptClassLoader: 90152B
Loader org.codehaus.groovy.runtime.callsite.CallSiteClassLoader                        : 49752B

Classes loaded by more than one classloader:
Class org.gradle.api.GradleException                                                  : loaded 3 times (x 80B)
Class Program                                                                         : loaded 3 times (x 70B)
Class org.gradle.internal.classloader.ClassLoaderHierarchy                            : loaded 2 times (x 68B)
Class org.gradle.api.internal.classpath.ManifestUtil                                  : loaded 2 times (x 69B)
Class org.jetbrains.plugins.gradle.model.GradleExtensions                             : loaded 2 times (x 68B)
Class org.jetbrains.plugins.gradle.model.AnnotationProcessingModel                    : loaded 2 times (x 68B)
Class org.gradle.internal.operations.MultipleBuildOperationFailures                   : loaded 2 times (x 93B)
Class org.gradle.internal.classloader.DefaultClassLoaderFactory                       : loaded 2 times (x 80B)
Class kotlin.collections.AbstractList$Companion                                       : loaded 2 times (x 69B)
Class org.gradle.internal.classloader.ClassLoaderVisitor                              : loaded 2 times (x 74B)
Class org.gradle.api.internal.classpath.EffectiveClassPath                            : loaded 2 times (x 88B)
Class org.gradle.tooling.internal.gradle.DefaultProjectIdentifier                     : loaded 2 times (x 84B)
Class org.gradle.api.internal.DefaultClassPathProvider                                : loaded 2 times (x 74B)
Class [Lorg.gradle.api.internal.ClassPathProvider;                                    : loaded 2 times (x 67B)
Class org.gradle.api.internal.ClassPathProvider                                       : loaded 2 times (x 68B)
Class org.gradle.internal.service.UnknownServiceException                             : loaded 2 times (x 81B)
Class org.jetbrains.kotlin.idea.gradleTooling.KotlinDslScriptAdditionalTask           : loaded 2 times (x 68B)
Class org.gradle.internal.classpath.TransformedClassPath                              : loaded 2 times (x 94B)
Class org.gradle.internal.classloader.InstrumentingClassLoader                        : loaded 2 times (x 68B)
Class kotlin.enums.EnumEntriesList                                                    : loaded 2 times (x 221B)
Class org.gradle.internal.classloader.FilteringClassLoader                            : loaded 2 times (x 103B)
Class org.jetbrains.plugins.gradle.model.IntelliJSettings                             : loaded 2 times (x 68B)
Class org.gradle.internal.service.ServiceLocator                                      : loaded 2 times (x 68B)
Class org.gradle.tooling.model.UnsupportedMethodException                             : loaded 2 times (x 80B)
Class com.intellij.compose.ide.plugin.gradleTooling.rt.ComposeResourcesModel          : loaded 2 times (x 68B)
Class org.gradle.internal.InternalTransformer                                         : loaded 2 times (x 68B)
Class org.gradle.internal.time.DefaultTimer                                           : loaded 2 times (x 78B)
Class org.gradle.internal.classloader.ClasspathUtil$1                                 : loaded 2 times (x 74B)
Class org.gradle.api.internal.classpath.DefaultModuleRegistry$DefaultModule           : loaded 2 times (x 84B)
Class org.gradle.internal.time.DefaultCountdownTimer                                  : loaded 2 times (x 86B)
Class org.gradle.tooling.internal.gradle.DefaultBuildIdentifier                       : loaded 2 times (x 77B)
Class kotlin.Function                                                                 : loaded 2 times (x 68B)
Class org.gradle.api.internal.classpath.Module                                        : loaded 2 times (x 68B)
Class org.gradle.api.internal.classpath.UnknownModuleException                        : loaded 2 times (x 80B)
Class com.intellij.openapi.externalSystem.model.project.dependencies.ProjectDependencies: loaded 2 times (x 68B)
Class org.gradle.tooling.internal.gradle.GradleProjectIdentity                        : loaded 2 times (x 68B)
Class org.gradle.api.internal.DefaultClassPathRegistry                                : loaded 2 times (x 74B)
Class org.gradle.api.internal.ClassPathRegistry                                       : loaded 2 times (x 68B)
Class org.gradle.internal.classpath.DefaultClassPath$ImmutableUniqueList              : loaded 2 times (x 197B)
Class org.jetbrains.kotlin.idea.gradleTooling.KotlinSourceSetContainer                : loaded 2 times (x 68B)
Class Settings_gradle$1                                                               : loaded 2 times (x 72B)
Class org.gradle.internal.classpath.ClassPath                                         : loaded 2 times (x 68B)
Class org.gradle.api.UncheckedIOException                                             : loaded 2 times (x 80B)
Class org.jetbrains.kotlin.idea.gradleTooling.KotlinGradleModel                       : loaded 2 times (x 68B)
Class sync_studio_tooling11097_dyxo0ykvzx9p3yhmtnq5bca93                              : loaded 2 times (x 177B)
Class org.gradle.tooling.model.Model                                                  : loaded 2 times (x 68B)
Class kotlin.UninitializedPropertyAccessException                                     : loaded 2 times (x 80B)
Class org.jetbrains.plugins.gradle.model.IntelliJProjectSettings                      : loaded 2 times (x 68B)
Class org.gradle.internal.installation.GradleInstallation$1                           : loaded 2 times (x 73B)
Class org.gradle.api.internal.classpath.ModuleRegistry                                : loaded 2 times (x 68B)
Class org.jetbrains.plugins.gradle.model.VersionCatalogsModel                         : loaded 2 times (x 68B)
Class org.gradle.api.internal.classpath.DefaultModuleRegistry                         : loaded 2 times (x 84B)
Class org.gradle.internal.time.MonotonicClock                                         : loaded 2 times (x 75B)
Class org.gradle.internal.service.ServiceLookupException                              : loaded 2 times (x 80B)
Class org.gradle.internal.classloader.ClassLoaderFactory                              : loaded 2 times (x 68B)
Class org.gradle.internal.service.CachingServiceLocator                               : loaded 2 times (x 80B)
Class org.jetbrains.plugins.gradle.model.RepositoryModels                             : loaded 2 times (x 68B)
Class org.gradle.internal.time.TimeSource                                             : loaded 2 times (x 68B)
Class org.gradle.tooling.internal.gradle.GradleBuildIdentity                          : loaded 2 times (x 68B)
Class kotlin.enums.EnumEntries                                                        : loaded 2 times (x 68B)
Class org.gradle.internal.exceptions.ResolutionProvider                               : loaded 2 times (x 68B)
Class org.gradle.tooling.model.ProjectIdentifier                                      : loaded 2 times (x 68B)
Class org.gradle.internal.classloader.ClasspathUtil                                   : loaded 2 times (x 69B)
Class org.gradle.internal.time.TimeSource$1                                           : loaded 2 times (x 75B)
Class kotlin.jvm.internal.DefaultConstructorMarker                                    : loaded 2 times (x 69B)
Class org.gradle.api.specs.Spec                                                       : loaded 2 times (x 68B)
Class org.gradle.internal.time.Clock                                                  : loaded 2 times (x 68B)
Class kotlin.collections.AbstractList                                                 : loaded 2 times (x 195B)
Class kotlin.collections.AbstractCollection                                           : loaded 2 times (x 115B)
Class org.gradle.internal.classloader.VisitableURLClassLoader$InstrumentingVisitableURLClassLoader: loaded 2 times (x 121B)
Class org.gradle.internal.classloader.VisitableURLClassLoader$Spec                    : loaded 2 times (x 72B)
Class org.gradle.internal.classpath.DefaultClassPath                                  : loaded 2 times (x 88B)
Class org.gradle.internal.classloader.ClassLoaderSpec                                 : loaded 2 times (x 69B)
Class Settings_gradle$1$1                                                             : loaded 2 times (x 72B)
Class kotlin.Unit                                                                     : loaded 2 times (x 69B)
Class org.gradle.internal.classloader.VisitableURLClassLoader                         : loaded 2 times (x 115B)
Class Settings_gradle                                                                 : loaded 2 times (x 126B)
Class org.gradle.internal.Cast                                                        : loaded 2 times (x 69B)
Class org.gradle.api.Action                                                           : loaded 2 times (x 68B)
Class kotlin.jvm.functions.Function1                                                  : loaded 2 times (x 68B)
Class org.gradle.internal.classpath.DefaultClassPath$ImmutableUniqueList$Builder      : loaded 2 times (x 73B)
Class kotlin.NotImplementedError                                                      : loaded 2 times (x 80B)
Class org.gradle.internal.exceptions.NonGradleCauseExceptionsHolder                   : loaded 2 times (x 68B)
Class org.jetbrains.plugins.gradle.tooling.ModelBuilderService$Parameter              : loaded 2 times (x 68B)
Class kotlin.enums.EnumEntriesKt                                                      : loaded 2 times (x 69B)
Class org.gradle.internal.IoActions                                                   : loaded 2 times (x 69B)
Class org.gradle.internal.classloader.SystemClassLoaderSpec                           : loaded 2 times (x 69B)
Class org.gradle.internal.exceptions.MultiCauseException                              : loaded 2 times (x 68B)
Class org.gradle.internal.time.CountdownTimer                                         : loaded 2 times (x 68B)
Class kotlin.jvm.internal.Intrinsics                                                  : loaded 2 times (x 69B)
Class org.gradle.tooling.model.ProjectModel                                           : loaded 2 times (x 68B)
Class ijInit4_9e9wun02wrtgced9b4r1shsg3                                               : loaded 2 times (x 177B)
Class kotlin.KotlinNullPointerException                                               : loaded 2 times (x 81B)
Class org.jetbrains.plugins.gradle.model.tests.ExternalTestsModel                     : loaded 2 times (x 68B)
Class org.gradle.internal.exceptions.DefaultMultiCauseException                       : loaded 2 times (x 93B)
Class org.gradle.internal.time.Time                                                   : loaded 2 times (x 69B)
Class org.jetbrains.plugins.gradle.model.DependencyAccessorsModel                     : loaded 2 times (x 68B)
Class org.gradle.api.internal.classpath.GlobalCacheRootsProvider                      : loaded 2 times (x 68B)
Class org.jetbrains.kotlin.idea.gradleTooling.KotlinMPPGradleModel                    : loaded 2 times (x 68B)
Class org.gradle.tooling.model.BuildIdentifier                                        : loaded 2 times (x 68B)
Class org.jetbrains.kotlin.idea.gradleTooling.PrepareKotlinIdeImportTaskModel         : loaded 2 times (x 68B)
Class org.gradle.internal.time.Timer                                                  : loaded 2 times (x 68B)
Class kotlin.jvm.internal.markers.KMappedMarker                                       : loaded 2 times (x 68B)
Class org.gradle.internal.installation.CurrentGradleInstallationLocator               : loaded 2 times (x 69B)
Class org.gradle.internal.service.DefaultServiceLocator                               : loaded 2 times (x 81B)
Class org.gradle.util.GradleVersion                                                   : loaded 2 times (x 77B)
Class org.gradle.internal.installation.CurrentGradleInstallation                      : loaded 2 times (x 71B)
Class org.jetbrains.plugins.gradle.javaModel.JavaGradleManifestModel                  : loaded 2 times (x 68B)
Class org.gradle.util.internal.GUtil                                                  : loaded 2 times (x 69B)
Class org.gradle.internal.installation.GradleInstallation                             : loaded 2 times (x 73B)

---------------  S Y S T E M  ---------------

OS:
 Windows 11 , 64 bit Build 26100 (10.0.26100.4768)
OS uptime: 2 days 8:29 hours
Hyper-V role detected

CPU: total 12 (initial active 12) (6 cores per cpu, 2 threads per core) family 6 model 165 stepping 2 microcode 0xe2, cx8, cmov, fxsr, ht, mmx, 3dnowpref, sse, sse2, sse3, ssse3, sse4.1, sse4.2, popcnt, lzcnt, tsc, tscinvbit, avx, avx2, aes, erms, clmul, bmi1, bmi2, adx, fma, vzeroupper, clflush, clflushopt, hv, rdtscp, f16c
Processor Information for the first 12 processors :
  Max Mhz: 2496, Current Mhz: 2496, Mhz Limit: 2496

Memory: 4k page, system-wide physical 8013M (706M free)
TotalPageFile size 32589M (AvailPageFile size 4M)
current process WorkingSet (physical memory assigned to process): 422M, peak: 422M
current process commit charge ("private bytes"): 497M, peak: 497M

vm_info: OpenJDK 64-Bit Server VM (21.0.7+-13880790-b1038.58) for windows-amd64 JRE (21.0.7+-13880790-b1038.58), built on 2025-08-04T20:56:21Z by "builder" with MS VC++ 16.10 / 16.11 (VS2019)

END.
