#
# There is insufficient memory for the Java Runtime Environment to continue.
# Native memory allocation (malloc) failed to allocate 2842944 bytes. Error detail: Chunk::new
# Possible reasons:
#   The system is out of physical RAM or swap space
#   This process is running with CompressedOops enabled, and the Java Heap may be blocking the growth of the native heap
# Possible solutions:
#   Reduce memory load on the system
#   Increase physical memory or swap space
#   Check if swap backing store is full
#   Decrease Java heap size (-Xmx/-Xms)
#   Decrease number of Java threads
#   Decrease Java thread stack sizes (-Xss)
#   Set larger code cache with -XX:ReservedCodeCacheSize=
#   JVM is running with Unscaled Compressed Oops mode in which the Java heap is
#     placed in the first 4GB address space. The Java Heap base address is the
#     maximum limit for the native heap growth. Please use -XX:HeapBaseMinAddress
#     to set the Java Heap base and to place the Java Heap above 4GB virtual address.
# This output file may be truncated or incomplete.
#
#  Out of Memory Error (arena.cpp:168), pid=17420, tid=26992
#
# JRE version: OpenJDK Runtime Environment (21.0.7) (build 21.0.7+-13880790-b1038.58)
# Java VM: OpenJDK 64-Bit Server VM (21.0.7+-13880790-b1038.58, mixed mode, tiered, compressed oops, compressed class ptrs, g1 gc, windows-amd64)
# No core dump will be written. Minidumps are not enabled by default on client versions of Windows
#

---------------  S U M M A R Y ------------

Command Line: --add-opens=java.base/java.lang=ALL-UNNAMED --add-opens=java.base/java.lang.invoke=ALL-UNNAMED --add-opens=java.base/java.util=ALL-UNNAMED --add-opens=java.prefs/java.util.prefs=ALL-UNNAMED --add-exports=jdk.compiler/com.sun.tools.javac.api=ALL-UNNAMED --add-exports=jdk.compiler/com.sun.tools.javac.util=ALL-UNNAMED --add-opens=java.base/java.util=ALL-UNNAMED --add-opens=java.prefs/java.util.prefs=ALL-UNNAMED --add-opens=java.base/java.nio.charset=ALL-UNNAMED --add-opens=java.base/java.net=ALL-UNNAMED --add-opens=java.base/java.util.concurrent.atomic=ALL-UNNAMED --add-opens=java.xml/javax.xml.namespace=ALL-UNNAMED -Xmx2048m -Dfile.encoding=UTF-8 -Duser.country=US -Duser.language=en -Duser.variant -javaagent:C:\Users\deepa\.gradle\wrapper\dists\gradle-8.13-bin\5xuhj0ry160q40clulazy9h7d\gradle-8.13\lib\agents\gradle-instrumentation-agent-8.13.jar org.gradle.launcher.daemon.bootstrap.GradleDaemon 8.13

Host: Intel(R) Core(TM) i5-10500H CPU @ 2.50GHz, 12 cores, 7G,  Windows 11 , 64 bit Build 26100 (10.0.26100.4768)
Time: Mon Sep  8 22:21:10 2025 W. Europe Daylight Time elapsed time: 35.419291 seconds (0d 0h 0m 35s)

---------------  T H R E A D  ---------------

Current thread (0x0000020e9a7c92d0):  JavaThread "C2 CompilerThread0" daemon [_thread_in_native, id=26992, stack(0x0000002ac2400000,0x0000002ac2500000) (1024K)]


Current CompileTask:
C2:35419 11885       4       org.jetbrains.org.objectweb.asm.ClassReader::accept (1380 bytes)

Stack: [0x0000002ac2400000,0x0000002ac2500000]
Native frames: (J=compiled Java code, j=interpreted, Vv=VM code, C=native code)
V  [jvm.dll+0x6d25c9]
V  [jvm.dll+0x860923]
V  [jvm.dll+0x862e7e]
V  [jvm.dll+0x863563]
V  [jvm.dll+0x27f156]
V  [jvm.dll+0xc002d]
V  [jvm.dll+0xc0563]
V  [jvm.dll+0x3b6d3b]
V  [jvm.dll+0x1de922]
V  [jvm.dll+0x247fc4]
V  [jvm.dll+0x247441]
V  [jvm.dll+0x1c5fb4]
V  [jvm.dll+0x256bac]
V  [jvm.dll+0x2550f6]
V  [jvm.dll+0x3f1d16]
V  [jvm.dll+0x808d08]
V  [jvm.dll+0x6d0e1d]
C  [ucrtbase.dll+0x37b0]
C  [KERNEL32.DLL+0x2e8d7]
C  [ntdll.dll+0x3c34c]


---------------  P R O C E S S  ---------------

Threads class SMR info:
_java_thread_list=0x0000020ea3287420, length=66, elements={
0x0000020e805d9100, 0x0000020e9a796570, 0x0000020e9a7a38a0, 0x0000020e9a7aea40,
0x0000020e9a7c4d40, 0x0000020e9a7c57a0, 0x0000020e9a7c6200, 0x0000020e9a7c6c60,
0x0000020e9a7c92d0, 0x0000020e9a7ccd70, 0x0000020e9aab6bb0, 0x0000020ea08d99f0,
0x0000020ea08d9360, 0x0000020ea08d8cd0, 0x0000020ea08d8640, 0x0000020ea08dbac0,
0x0000020ea08da080, 0x0000020ea08da710, 0x0000020ea08dada0, 0x0000020ea09c28b0,
0x0000020ea09c07e0, 0x0000020ea09c2f40, 0x0000020ea09c0150, 0x0000020ea09c2220,
0x0000020ea09c0e70, 0x0000020ea09c35d0, 0x0000020ea09c4980, 0x0000020ea09c3c60,
0x0000020ea09c1500, 0x0000020ea09c5d30, 0x0000020ea09c5010, 0x0000020ea09c42f0,
0x0000020ea09c63c0, 0x0000020ea09c56a0, 0x0000020ea09c70e0, 0x0000020ea09c6a50,
0x0000020ea09c7770, 0x0000020e9f332350, 0x0000020e9f333700, 0x0000020e9f330fa0,
0x0000020e9f334420, 0x0000020e9f3329e0, 0x0000020e9f333070, 0x0000020e9f333d90,
0x0000020ea43b4af0, 0x0000020ea43b3740, 0x0000020ea43b5180, 0x0000020ea43b1d00,
0x0000020ea43b5810, 0x0000020ea43b4460, 0x0000020ea43b5ea0, 0x0000020ea43b2a20,
0x0000020ea43b30b0, 0x0000020ea43b6530, 0x0000020ea43b6bc0, 0x0000020ea43b7250,
0x0000020ea43b3dd0, 0x0000020ea43b78e0, 0x0000020ea43b7f70, 0x0000020ea43b8600,
0x0000020ea43b8c90, 0x0000020ea43b9320, 0x0000020ea4335480, 0x0000020ea4334760,
0x0000020ea43361a0, 0x0000020ea46c09f0
}

Java Threads: ( => current thread )
  0x0000020e805d9100 JavaThread "main"                              [_thread_blocked, id=2232, stack(0x0000002ac1500000,0x0000002ac1600000) (1024K)]
  0x0000020e9a796570 JavaThread "Common-Cleaner"             daemon [_thread_blocked, id=21292, stack(0x0000002ac1d00000,0x0000002ac1e00000) (1024K)]
  0x0000020e9a7a38a0 JavaThread "Reference Handler"          daemon [_thread_blocked, id=19012, stack(0x0000002ac1e00000,0x0000002ac1f00000) (1024K)]
  0x0000020e9a7aea40 JavaThread "Finalizer"                  daemon [_thread_blocked, id=8368, stack(0x0000002ac1f00000,0x0000002ac2000000) (1024K)]
  0x0000020e9a7c4d40 JavaThread "Signal Dispatcher"          daemon [_thread_blocked, id=17568, stack(0x0000002ac2000000,0x0000002ac2100000) (1024K)]
  0x0000020e9a7c57a0 JavaThread "Attach Listener"            daemon [_thread_blocked, id=24028, stack(0x0000002ac2100000,0x0000002ac2200000) (1024K)]
  0x0000020e9a7c6200 JavaThread "Service Thread"             daemon [_thread_blocked, id=16572, stack(0x0000002ac2200000,0x0000002ac2300000) (1024K)]
  0x0000020e9a7c6c60 JavaThread "Monitor Deflation Thread"   daemon [_thread_blocked, id=25512, stack(0x0000002ac2300000,0x0000002ac2400000) (1024K)]
=>0x0000020e9a7c92d0 JavaThread "C2 CompilerThread0"         daemon [_thread_in_native, id=26992, stack(0x0000002ac2400000,0x0000002ac2500000) (1024K)]
  0x0000020e9a7ccd70 JavaThread "C1 CompilerThread0"         daemon [_thread_blocked, id=23456, stack(0x0000002ac2500000,0x0000002ac2600000) (1024K)]
  0x0000020e9aab6bb0 JavaThread "Notification Thread"        daemon [_thread_blocked, id=22044, stack(0x0000002ac2600000,0x0000002ac2700000) (1024K)]
  0x0000020ea08d99f0 JavaThread "Daemon health stats"               [_thread_blocked, id=19448, stack(0x0000002ac3100000,0x0000002ac3200000) (1024K)]
  0x0000020ea08d9360 JavaThread "Incoming local TCP Connector on port 55261"        [_thread_in_native, id=23388, stack(0x0000002ac3200000,0x0000002ac3300000) (1024K)]
  0x0000020ea08d8cd0 JavaThread "Daemon periodic checks"            [_thread_blocked, id=11352, stack(0x0000002ac3300000,0x0000002ac3400000) (1024K)]
  0x0000020ea08d8640 JavaThread "Daemon"                            [_thread_blocked, id=15952, stack(0x0000002ac3400000,0x0000002ac3500000) (1024K)]
  0x0000020ea08dbac0 JavaThread "Handler for socket connection from /127.0.0.1:55261 to /127.0.0.1:55262"        [_thread_in_native, id=21480, stack(0x0000002ac3500000,0x0000002ac3600000) (1024K)]
  0x0000020ea08da080 JavaThread "Cancel handler"                    [_thread_blocked, id=16856, stack(0x0000002ac3600000,0x0000002ac3700000) (1024K)]
  0x0000020ea08da710 JavaThread "Daemon worker"                     [_thread_in_vm, id=23336, stack(0x0000002ac3700000,0x0000002ac3800000) (1024K)]
  0x0000020ea08dada0 JavaThread "Asynchronous log dispatcher for DefaultDaemonConnection: socket connection from /127.0.0.1:55261 to /127.0.0.1:55262"        [_thread_blocked, id=27424, stack(0x0000002ac3800000,0x0000002ac3900000) (1024K)]
  0x0000020ea09c28b0 JavaThread "Stdin handler"                     [_thread_blocked, id=6404, stack(0x0000002ac3900000,0x0000002ac3a00000) (1024K)]
  0x0000020ea09c07e0 JavaThread "Daemon client event forwarder"        [_thread_blocked, id=17352, stack(0x0000002ac3a00000,0x0000002ac3b00000) (1024K)]
  0x0000020ea09c2f40 JavaThread "Cache worker for journal cache (C:\Users\deepa\.gradle\caches\journal-1)"        [_thread_blocked, id=16160, stack(0x0000002ac3e00000,0x0000002ac3f00000) (1024K)]
  0x0000020ea09c0150 JavaThread "File lock request listener"        [_thread_in_native, id=5256, stack(0x0000002ac3f00000,0x0000002ac4000000) (1024K)]
  0x0000020ea09c2220 JavaThread "Cache worker for file hash cache (C:\Users\deepa\.gradle\caches\8.13\fileHashes)"        [_thread_blocked, id=21252, stack(0x0000002ac4000000,0x0000002ac4100000) (1024K)]
  0x0000020ea09c0e70 JavaThread "Cache worker for file hash cache (E:\Mob_Sys\MyApplication2\.gradle\8.13\fileHashes)"        [_thread_blocked, id=9948, stack(0x0000002ac2800000,0x0000002ac2900000) (1024K)]
  0x0000020ea09c35d0 JavaThread "Cache worker for Build Output Cleanup Cache (E:\Mob_Sys\MyApplication2\.gradle\buildOutputCleanup)"        [_thread_blocked, id=11724, stack(0x0000002ac4100000,0x0000002ac4200000) (1024K)]
  0x0000020ea09c4980 JavaThread "File watcher server"        daemon [_thread_in_native, id=21964, stack(0x0000002ac4200000,0x0000002ac4300000) (1024K)]
  0x0000020ea09c3c60 JavaThread "File watcher consumer"      daemon [_thread_blocked, id=23948, stack(0x0000002ac2700000,0x0000002ac2800000) (1024K)]
  0x0000020ea09c1500 JavaThread "jar transforms"                    [_thread_blocked, id=19588, stack(0x0000002ac4400000,0x0000002ac4500000) (1024K)]
  0x0000020ea09c5d30 JavaThread "jar transforms Thread 2"           [_thread_blocked, id=16632, stack(0x0000002ac4500000,0x0000002ac4600000) (1024K)]
  0x0000020ea09c5010 JavaThread "jar transforms Thread 3"           [_thread_blocked, id=2324, stack(0x0000002ac4600000,0x0000002ac4700000) (1024K)]
  0x0000020ea09c42f0 JavaThread "jar transforms Thread 4"           [_thread_blocked, id=19412, stack(0x0000002ac4700000,0x0000002ac4800000) (1024K)]
  0x0000020ea09c63c0 JavaThread "jar transforms Thread 5"           [_thread_blocked, id=16768, stack(0x0000002ac4800000,0x0000002ac4900000) (1024K)]
  0x0000020ea09c56a0 JavaThread "jar transforms Thread 6"           [_thread_blocked, id=12476, stack(0x0000002ac4900000,0x0000002ac4a00000) (1024K)]
  0x0000020ea09c70e0 JavaThread "jar transforms Thread 7"           [_thread_blocked, id=21580, stack(0x0000002ac4a00000,0x0000002ac4b00000) (1024K)]
  0x0000020ea09c6a50 JavaThread "jar transforms Thread 8"           [_thread_blocked, id=17956, stack(0x0000002ac4b00000,0x0000002ac4c00000) (1024K)]
  0x0000020ea09c7770 JavaThread "jar transforms Thread 9"           [_thread_blocked, id=8972, stack(0x0000002ac4c00000,0x0000002ac4d00000) (1024K)]
  0x0000020e9f332350 JavaThread "jar transforms Thread 10"          [_thread_blocked, id=6048, stack(0x0000002ac4d00000,0x0000002ac4e00000) (1024K)]
  0x0000020e9f333700 JavaThread "jar transforms Thread 11"          [_thread_blocked, id=12780, stack(0x0000002ac4e00000,0x0000002ac4f00000) (1024K)]
  0x0000020e9f330fa0 JavaThread "jar transforms Thread 12"          [_thread_blocked, id=26780, stack(0x0000002ac4f00000,0x0000002ac5000000) (1024K)]
  0x0000020e9f334420 JavaThread "Cache worker for checksums cache (E:\Mob_Sys\MyApplication2\.gradle\8.13\checksums)"        [_thread_blocked, id=22436, stack(0x0000002ac5100000,0x0000002ac5200000) (1024K)]
  0x0000020e9f3329e0 JavaThread "Cache worker for file content cache (C:\Users\deepa\.gradle\caches\8.13\fileContent)"        [_thread_blocked, id=27012, stack(0x0000002ac5200000,0x0000002ac5300000) (1024K)]
  0x0000020e9f333070 JavaThread "Cache worker for cache directory md-supplier (C:\Users\deepa\.gradle\caches\8.13\md-supplier)"        [_thread_blocked, id=4388, stack(0x0000002ac5000000,0x0000002ac5100000) (1024K)]
  0x0000020e9f333d90 JavaThread "Cache worker for cache directory md-rule (C:\Users\deepa\.gradle\caches\8.13\md-rule)"        [_thread_blocked, id=12272, stack(0x0000002ac5300000,0x0000002ac5400000) (1024K)]
  0x0000020ea43b4af0 JavaThread "Unconstrained build operations"        [_thread_blocked, id=23888, stack(0x0000002ac4300000,0x0000002ac4400000) (1024K)]
  0x0000020ea43b3740 JavaThread "Unconstrained build operations Thread 2"        [_thread_blocked, id=3760, stack(0x0000002ac5400000,0x0000002ac5500000) (1024K)]
  0x0000020ea43b5180 JavaThread "Unconstrained build operations Thread 3"        [_thread_blocked, id=24292, stack(0x0000002ac5500000,0x0000002ac5600000) (1024K)]
  0x0000020ea43b1d00 JavaThread "Unconstrained build operations Thread 4"        [_thread_blocked, id=20632, stack(0x0000002ac5600000,0x0000002ac5700000) (1024K)]
  0x0000020ea43b5810 JavaThread "Unconstrained build operations Thread 5"        [_thread_blocked, id=17628, stack(0x0000002ac5700000,0x0000002ac5800000) (1024K)]
  0x0000020ea43b4460 JavaThread "Unconstrained build operations Thread 6"        [_thread_blocked, id=19232, stack(0x0000002ac5800000,0x0000002ac5900000) (1024K)]
  0x0000020ea43b5ea0 JavaThread "Unconstrained build operations Thread 7"        [_thread_blocked, id=21368, stack(0x0000002ac5900000,0x0000002ac5a00000) (1024K)]
  0x0000020ea43b2a20 JavaThread "Unconstrained build operations Thread 8"        [_thread_blocked, id=16276, stack(0x0000002ac5a00000,0x0000002ac5b00000) (1024K)]
  0x0000020ea43b30b0 JavaThread "Unconstrained build operations Thread 9"        [_thread_blocked, id=13760, stack(0x0000002ac5b00000,0x0000002ac5c00000) (1024K)]
  0x0000020ea43b6530 JavaThread "Unconstrained build operations Thread 10"        [_thread_blocked, id=11768, stack(0x0000002ac5c00000,0x0000002ac5d00000) (1024K)]
  0x0000020ea43b6bc0 JavaThread "Unconstrained build operations Thread 11"        [_thread_blocked, id=10308, stack(0x0000002ac5d00000,0x0000002ac5e00000) (1024K)]
  0x0000020ea43b7250 JavaThread "Unconstrained build operations Thread 12"        [_thread_blocked, id=27300, stack(0x0000002ac5e00000,0x0000002ac5f00000) (1024K)]
  0x0000020ea43b3dd0 JavaThread "Unconstrained build operations Thread 13"        [_thread_blocked, id=20560, stack(0x0000002ac5f00000,0x0000002ac6000000) (1024K)]
  0x0000020ea43b78e0 JavaThread "Unconstrained build operations Thread 14"        [_thread_blocked, id=27360, stack(0x0000002ac6000000,0x0000002ac6100000) (1024K)]
  0x0000020ea43b7f70 JavaThread "Unconstrained build operations Thread 15"        [_thread_blocked, id=24876, stack(0x0000002ac6100000,0x0000002ac6200000) (1024K)]
  0x0000020ea43b8600 JavaThread "Unconstrained build operations Thread 16"        [_thread_blocked, id=27592, stack(0x0000002ac6200000,0x0000002ac6300000) (1024K)]
  0x0000020ea43b8c90 JavaThread "Unconstrained build operations Thread 17"        [_thread_blocked, id=13728, stack(0x0000002ac6300000,0x0000002ac6400000) (1024K)]
  0x0000020ea43b9320 JavaThread "Unconstrained build operations Thread 18"        [_thread_blocked, id=23212, stack(0x0000002ac6400000,0x0000002ac6500000) (1024K)]
  0x0000020ea4335480 JavaThread "Unconstrained build operations Thread 19"        [_thread_blocked, id=18528, stack(0x0000002ac6500000,0x0000002ac6600000) (1024K)]
  0x0000020ea4334760 JavaThread "Unconstrained build operations Thread 20"        [_thread_blocked, id=26044, stack(0x0000002ac6600000,0x0000002ac6700000) (1024K)]
  0x0000020ea43361a0 JavaThread "Unconstrained build operations Thread 21"        [_thread_blocked, id=15396, stack(0x0000002ac6700000,0x0000002ac6800000) (1024K)]
  0x0000020ea46c09f0 JavaThread "Kotlin DSL Writer"                 [_thread_blocked, id=17680, stack(0x0000002ac1300000,0x0000002ac1400000) (1024K)]
Total: 66

Other Threads:
  0x0000020e9a748810 VMThread "VM Thread"                           [id=18512, stack(0x0000002ac1c00000,0x0000002ac1d00000) (1024K)]
  0x0000020e9a577820 WatcherThread "VM Periodic Task Thread"        [id=24928, stack(0x0000002ac1b00000,0x0000002ac1c00000) (1024K)]
  0x0000020e82b11650 WorkerThread "GC Thread#0"                     [id=22336, stack(0x0000002ac1600000,0x0000002ac1700000) (1024K)]
  0x0000020e9f842060 WorkerThread "GC Thread#1"                     [id=19608, stack(0x0000002ac2900000,0x0000002ac2a00000) (1024K)]
  0x0000020e9f2d08d0 WorkerThread "GC Thread#2"                     [id=17636, stack(0x0000002ac2a00000,0x0000002ac2b00000) (1024K)]
  0x0000020e9fdcf360 WorkerThread "GC Thread#3"                     [id=9264, stack(0x0000002ac2b00000,0x0000002ac2c00000) (1024K)]
  0x0000020e9fdcf700 WorkerThread "GC Thread#4"                     [id=19500, stack(0x0000002ac2c00000,0x0000002ac2d00000) (1024K)]
  0x0000020ea0931000 WorkerThread "GC Thread#5"                     [id=16636, stack(0x0000002ac2d00000,0x0000002ac2e00000) (1024K)]
  0x0000020ea09313a0 WorkerThread "GC Thread#6"                     [id=6056, stack(0x0000002ac2e00000,0x0000002ac2f00000) (1024K)]
  0x0000020ea0931d50 WorkerThread "GC Thread#7"                     [id=16984, stack(0x0000002ac2f00000,0x0000002ac3000000) (1024K)]
  0x0000020ea093a500 WorkerThread "GC Thread#8"                     [id=14056, stack(0x0000002ac3000000,0x0000002ac3100000) (1024K)]
  0x0000020ea09286b0 WorkerThread "GC Thread#9"                     [id=4128, stack(0x0000002ac3b00000,0x0000002ac3c00000) (1024K)]
  0x0000020e82b23380 ConcurrentGCThread "G1 Main Marker"            [id=15140, stack(0x0000002ac1700000,0x0000002ac1800000) (1024K)]
  0x0000020e82b23d90 WorkerThread "G1 Conc#0"                       [id=27128, stack(0x0000002ac1800000,0x0000002ac1900000) (1024K)]
  0x0000020ea0928a50 WorkerThread "G1 Conc#1"                       [id=23984, stack(0x0000002ac3c00000,0x0000002ac3d00000) (1024K)]
  0x0000020ea0928df0 WorkerThread "G1 Conc#2"                       [id=21656, stack(0x0000002ac3d00000,0x0000002ac3e00000) (1024K)]
  0x0000020e9a449930 ConcurrentGCThread "G1 Refine#0"               [id=18684, stack(0x0000002ac1900000,0x0000002ac1a00000) (1024K)]
  0x0000020e9a44c160 ConcurrentGCThread "G1 Service"                [id=8588, stack(0x0000002ac1a00000,0x0000002ac1b00000) (1024K)]
Total: 18

Threads with active compile tasks:
C2 CompilerThread0  35580 11885       4       org.jetbrains.org.objectweb.asm.ClassReader::accept (1380 bytes)
Total: 1

VM state: not at safepoint (normal execution)

VM Mutex/Monitor currently owned by a thread: None

Heap address: 0x0000000080000000, size: 2048 MB, Compressed Oops mode: 32-bit

CDS archive(s) not mapped
Compressed class space mapped at: 0x0000000100000000-0x0000000140000000, reserved size: 1073741824
Narrow klass base: 0x0000000000000000, Narrow klass shift: 3, Narrow klass range: 0x140000000

GC Precious Log:
 CardTable entry size: 512
 Card Set container configuration: InlinePtr #cards 5 size 8 Array Of Cards #cards 12 size 40 Howl #buckets 4 coarsen threshold 1843 Howl Bitmap #cards 512 size 80 coarsen threshold 460 Card regions per heap region 1 cards per card region 2048
 CPUs: 12 total, 12 available
 Memory: 8013M
 Large Page Support: Disabled
 NUMA Support: Disabled
 Compressed Oops: Enabled (32-bit)
 Heap Region Size: 1M
 Heap Min Capacity: 8M
 Heap Initial Capacity: 126M
 Heap Max Capacity: 2G
 Pre-touch: Disabled
 Parallel Workers: 10
 Concurrent Workers: 3
 Concurrent Refinement Workers: 10
 Periodic GC: Disabled

Heap:
 garbage-first heap   total 261120K, used 165029K [0x0000000080000000, 0x0000000100000000)
  region size 1024K, 16 young (16384K), 2 survivors (2048K)
 Metaspace       used 139505K, committed 141824K, reserved 1179648K
  class space    used 18126K, committed 19200K, reserved 1048576K

Heap Regions: E=young(eden), S=young(survivor), O=old, HS=humongous(starts), HC=humongous(continues), CS=collection set, F=free, TAMS=top-at-mark-start, PB=parsable bottom
|   0|0x0000000080000000, 0x0000000080100000, 0x0000000080100000|100%|HS|  |TAMS 0x0000000080000000| PB 0x0000000080000000| Complete 
|   1|0x0000000080100000, 0x0000000080200000, 0x0000000080200000|100%|HC|  |TAMS 0x0000000080100000| PB 0x0000000080100000| Complete 
|   2|0x0000000080200000, 0x0000000080300000, 0x0000000080300000|100%|HC|  |TAMS 0x0000000080200000| PB 0x0000000080200000| Complete 
|   3|0x0000000080300000, 0x0000000080400000, 0x0000000080400000|100%| O|  |TAMS 0x0000000080300000| PB 0x0000000080300000| Untracked 
|   4|0x0000000080400000, 0x0000000080500000, 0x0000000080500000|100%| O|  |TAMS 0x0000000080400000| PB 0x0000000080400000| Untracked 
|   5|0x0000000080500000, 0x0000000080600000, 0x0000000080600000|100%| O|  |TAMS 0x0000000080500000| PB 0x0000000080500000| Untracked 
|   6|0x0000000080600000, 0x0000000080700000, 0x0000000080700000|100%|HS|  |TAMS 0x0000000080600000| PB 0x0000000080600000| Complete 
|   7|0x0000000080700000, 0x0000000080800000, 0x0000000080800000|100%| O|  |TAMS 0x0000000080700000| PB 0x0000000080700000| Untracked 
|   8|0x0000000080800000, 0x0000000080900000, 0x0000000080900000|100%| O|  |TAMS 0x0000000080800000| PB 0x0000000080800000| Untracked 
|   9|0x0000000080900000, 0x0000000080a00000, 0x0000000080a00000|100%| O|  |TAMS 0x0000000080900000| PB 0x0000000080900000| Untracked 
|  10|0x0000000080a00000, 0x0000000080b00000, 0x0000000080b00000|100%| O|  |TAMS 0x0000000080a00000| PB 0x0000000080a00000| Untracked 
|  11|0x0000000080b00000, 0x0000000080c00000, 0x0000000080c00000|100%| O|  |TAMS 0x0000000080b00000| PB 0x0000000080b00000| Untracked 
|  12|0x0000000080c00000, 0x0000000080d00000, 0x0000000080d00000|100%| O|  |TAMS 0x0000000080c00000| PB 0x0000000080c00000| Untracked 
|  13|0x0000000080d00000, 0x0000000080e00000, 0x0000000080e00000|100%| O|  |TAMS 0x0000000080d00000| PB 0x0000000080d00000| Untracked 
|  14|0x0000000080e00000, 0x0000000080f00000, 0x0000000080f00000|100%| O|  |TAMS 0x0000000080e00000| PB 0x0000000080e00000| Untracked 
|  15|0x0000000080f00000, 0x0000000081000000, 0x0000000081000000|100%| O|  |TAMS 0x0000000080f00000| PB 0x0000000080f00000| Untracked 
|  16|0x0000000081000000, 0x0000000081100000, 0x0000000081100000|100%| O|  |TAMS 0x0000000081000000| PB 0x0000000081000000| Untracked 
|  17|0x0000000081100000, 0x0000000081200000, 0x0000000081200000|100%| O|  |TAMS 0x0000000081100000| PB 0x0000000081100000| Untracked 
|  18|0x0000000081200000, 0x0000000081300000, 0x0000000081300000|100%| O|  |TAMS 0x0000000081200000| PB 0x0000000081200000| Untracked 
|  19|0x0000000081300000, 0x0000000081400000, 0x0000000081400000|100%| O|  |TAMS 0x0000000081300000| PB 0x0000000081300000| Untracked 
|  20|0x0000000081400000, 0x0000000081500000, 0x0000000081500000|100%| O|  |TAMS 0x0000000081400000| PB 0x0000000081400000| Untracked 
|  21|0x0000000081500000, 0x0000000081600000, 0x0000000081600000|100%| O|  |TAMS 0x0000000081500000| PB 0x0000000081500000| Untracked 
|  22|0x0000000081600000, 0x0000000081700000, 0x0000000081700000|100%| O|  |TAMS 0x0000000081600000| PB 0x0000000081600000| Untracked 
|  23|0x0000000081700000, 0x0000000081800000, 0x0000000081800000|100%|HS|  |TAMS 0x0000000081700000| PB 0x0000000081700000| Complete 
|  24|0x0000000081800000, 0x0000000081900000, 0x0000000081900000|100%|HC|  |TAMS 0x0000000081800000| PB 0x0000000081800000| Complete 
|  25|0x0000000081900000, 0x0000000081a00000, 0x0000000081a00000|100%|HC|  |TAMS 0x0000000081900000| PB 0x0000000081900000| Complete 
|  26|0x0000000081a00000, 0x0000000081b00000, 0x0000000081b00000|100%|HC|  |TAMS 0x0000000081a00000| PB 0x0000000081a00000| Complete 
|  27|0x0000000081b00000, 0x0000000081c00000, 0x0000000081c00000|100%|HC|  |TAMS 0x0000000081b00000| PB 0x0000000081b00000| Complete 
|  28|0x0000000081c00000, 0x0000000081d00000, 0x0000000081d00000|100%|HC|  |TAMS 0x0000000081c00000| PB 0x0000000081c00000| Complete 
|  29|0x0000000081d00000, 0x0000000081e00000, 0x0000000081e00000|100%|HS|  |TAMS 0x0000000081d00000| PB 0x0000000081d00000| Complete 
|  30|0x0000000081e00000, 0x0000000081f00000, 0x0000000081f00000|100%|HS|  |TAMS 0x0000000081e00000| PB 0x0000000081e00000| Complete 
|  31|0x0000000081f00000, 0x0000000082000000, 0x0000000082000000|100%|HC|  |TAMS 0x0000000081f00000| PB 0x0000000081f00000| Complete 
|  32|0x0000000082000000, 0x0000000082100000, 0x0000000082100000|100%|HC|  |TAMS 0x0000000082000000| PB 0x0000000082000000| Complete 
|  33|0x0000000082100000, 0x0000000082200000, 0x0000000082200000|100%|HC|  |TAMS 0x0000000082100000| PB 0x0000000082100000| Complete 
|  34|0x0000000082200000, 0x0000000082300000, 0x0000000082300000|100%|HS|  |TAMS 0x0000000082200000| PB 0x0000000082200000| Complete 
|  35|0x0000000082300000, 0x0000000082400000, 0x0000000082400000|100%|HC|  |TAMS 0x0000000082300000| PB 0x0000000082300000| Complete 
|  36|0x0000000082400000, 0x0000000082500000, 0x0000000082500000|100%|HS|  |TAMS 0x0000000082400000| PB 0x0000000082400000| Complete 
|  37|0x0000000082500000, 0x0000000082600000, 0x0000000082600000|100%|HS|  |TAMS 0x0000000082500000| PB 0x0000000082500000| Complete 
|  38|0x0000000082600000, 0x0000000082700000, 0x0000000082700000|100%|HC|  |TAMS 0x0000000082600000| PB 0x0000000082600000| Complete 
|  39|0x0000000082700000, 0x0000000082800000, 0x0000000082800000|100%|HC|  |TAMS 0x0000000082700000| PB 0x0000000082700000| Complete 
|  40|0x0000000082800000, 0x0000000082900000, 0x0000000082900000|100%|HC|  |TAMS 0x0000000082800000| PB 0x0000000082800000| Complete 
|  41|0x0000000082900000, 0x0000000082a00000, 0x0000000082a00000|100%|HC|  |TAMS 0x0000000082900000| PB 0x0000000082900000| Complete 
|  42|0x0000000082a00000, 0x0000000082b00000, 0x0000000082b00000|100%|HC|  |TAMS 0x0000000082a00000| PB 0x0000000082a00000| Complete 
|  43|0x0000000082b00000, 0x0000000082c00000, 0x0000000082c00000|100%|HS|  |TAMS 0x0000000082b00000| PB 0x0000000082b00000| Complete 
|  44|0x0000000082c00000, 0x0000000082d00000, 0x0000000082d00000|100%|HS|  |TAMS 0x0000000082c00000| PB 0x0000000082c00000| Complete 
|  45|0x0000000082d00000, 0x0000000082e00000, 0x0000000082e00000|100%|HC|  |TAMS 0x0000000082d00000| PB 0x0000000082d00000| Complete 
|  46|0x0000000082e00000, 0x0000000082f00000, 0x0000000082f00000|100%|HC|  |TAMS 0x0000000082e00000| PB 0x0000000082e00000| Complete 
|  47|0x0000000082f00000, 0x0000000083000000, 0x0000000083000000|100%|HC|  |TAMS 0x0000000082f00000| PB 0x0000000082f00000| Complete 
|  48|0x0000000083000000, 0x0000000083100000, 0x0000000083100000|100%|HS|  |TAMS 0x0000000083000000| PB 0x0000000083000000| Complete 
|  49|0x0000000083100000, 0x0000000083200000, 0x0000000083200000|100%|HC|  |TAMS 0x0000000083100000| PB 0x0000000083100000| Complete 
|  50|0x0000000083200000, 0x0000000083300000, 0x0000000083300000|100%|HS|  |TAMS 0x0000000083200000| PB 0x0000000083200000| Complete 
|  51|0x0000000083300000, 0x0000000083400000, 0x0000000083400000|100%| O|  |TAMS 0x0000000083300000| PB 0x0000000083300000| Untracked 
|  52|0x0000000083400000, 0x0000000083500000, 0x0000000083500000|100%| O|  |TAMS 0x0000000083400000| PB 0x0000000083400000| Untracked 
|  53|0x0000000083500000, 0x0000000083600000, 0x0000000083600000|100%| O|  |TAMS 0x0000000083500000| PB 0x0000000083500000| Untracked 
|  54|0x0000000083600000, 0x0000000083700000, 0x0000000083700000|100%| O|  |TAMS 0x0000000083600000| PB 0x0000000083600000| Untracked 
|  55|0x0000000083700000, 0x0000000083800000, 0x0000000083800000|100%| O|  |TAMS 0x0000000083700000| PB 0x0000000083700000| Untracked 
|  56|0x0000000083800000, 0x0000000083900000, 0x0000000083900000|100%|HS|  |TAMS 0x0000000083800000| PB 0x0000000083800000| Complete 
|  57|0x0000000083900000, 0x00000000839ffff8, 0x0000000083a00000| 99%| O|  |TAMS 0x0000000083900000| PB 0x0000000083900000| Untracked 
|  58|0x0000000083a00000, 0x0000000083b00000, 0x0000000083b00000|100%| O|  |TAMS 0x0000000083a00000| PB 0x0000000083a00000| Untracked 
|  59|0x0000000083b00000, 0x0000000083c00000, 0x0000000083c00000|100%| O|  |TAMS 0x0000000083b00000| PB 0x0000000083b00000| Untracked 
|  60|0x0000000083c00000, 0x0000000083d00000, 0x0000000083d00000|100%| O|  |TAMS 0x0000000083c00000| PB 0x0000000083c00000| Untracked 
|  61|0x0000000083d00000, 0x0000000083e00000, 0x0000000083e00000|100%| O|  |TAMS 0x0000000083d00000| PB 0x0000000083d00000| Untracked 
|  62|0x0000000083e00000, 0x0000000083f00000, 0x0000000083f00000|100%|HS|  |TAMS 0x0000000083e00000| PB 0x0000000083e00000| Complete 
|  63|0x0000000083f00000, 0x0000000084000000, 0x0000000084000000|100%|HC|  |TAMS 0x0000000083f00000| PB 0x0000000083f00000| Complete 
|  64|0x0000000084000000, 0x0000000084100000, 0x0000000084100000|100%|HS|  |TAMS 0x0000000084000000| PB 0x0000000084000000| Complete 
|  65|0x0000000084100000, 0x0000000084200000, 0x0000000084200000|100%| O|  |TAMS 0x0000000084100000| PB 0x0000000084100000| Untracked 
|  66|0x0000000084200000, 0x0000000084300000, 0x0000000084300000|100%| O|  |TAMS 0x0000000084200000| PB 0x0000000084200000| Untracked 
|  67|0x0000000084300000, 0x0000000084400000, 0x0000000084400000|100%|HS|  |TAMS 0x0000000084300000| PB 0x0000000084300000| Complete 
|  68|0x0000000084400000, 0x0000000084500000, 0x0000000084500000|100%|HC|  |TAMS 0x0000000084400000| PB 0x0000000084400000| Complete 
|  69|0x0000000084500000, 0x0000000084600000, 0x0000000084600000|100%|HC|  |TAMS 0x0000000084500000| PB 0x0000000084500000| Complete 
|  70|0x0000000084600000, 0x0000000084700000, 0x0000000084700000|100%|HC|  |TAMS 0x0000000084600000| PB 0x0000000084600000| Complete 
|  71|0x0000000084700000, 0x0000000084800000, 0x0000000084800000|100%|HC|  |TAMS 0x0000000084700000| PB 0x0000000084700000| Complete 
|  72|0x0000000084800000, 0x0000000084900000, 0x0000000084900000|100%|HC|  |TAMS 0x0000000084800000| PB 0x0000000084800000| Complete 
|  73|0x0000000084900000, 0x0000000084a00000, 0x0000000084a00000|100%|HS|  |TAMS 0x0000000084900000| PB 0x0000000084900000| Complete 
|  74|0x0000000084a00000, 0x0000000084b00000, 0x0000000084b00000|100%|HC|  |TAMS 0x0000000084a00000| PB 0x0000000084a00000| Complete 
|  75|0x0000000084b00000, 0x0000000084c00000, 0x0000000084c00000|100%|HC|  |TAMS 0x0000000084b00000| PB 0x0000000084b00000| Complete 
|  76|0x0000000084c00000, 0x0000000084d00000, 0x0000000084d00000|100%|HC|  |TAMS 0x0000000084c00000| PB 0x0000000084c00000| Complete 
|  77|0x0000000084d00000, 0x0000000084e00000, 0x0000000084e00000|100%|HC|  |TAMS 0x0000000084d00000| PB 0x0000000084d00000| Complete 
|  78|0x0000000084e00000, 0x0000000084f00000, 0x0000000084f00000|100%|HC|  |TAMS 0x0000000084e00000| PB 0x0000000084e00000| Complete 
|  79|0x0000000084f00000, 0x0000000085000000, 0x0000000085000000|100%|HS|  |TAMS 0x0000000084f00000| PB 0x0000000084f00000| Complete 
|  80|0x0000000085000000, 0x0000000085100000, 0x0000000085100000|100%| O|  |TAMS 0x0000000085000000| PB 0x0000000085000000| Untracked 
|  81|0x0000000085100000, 0x0000000085200000, 0x0000000085200000|100%| O|  |TAMS 0x0000000085100000| PB 0x0000000085100000| Untracked 
|  82|0x0000000085200000, 0x0000000085300000, 0x0000000085300000|100%| O|  |TAMS 0x0000000085200000| PB 0x0000000085200000| Untracked 
|  83|0x0000000085300000, 0x0000000085400000, 0x0000000085400000|100%| O|  |TAMS 0x0000000085300000| PB 0x0000000085300000| Untracked 
|  84|0x0000000085400000, 0x0000000085500000, 0x0000000085500000|100%| O|  |TAMS 0x0000000085400000| PB 0x0000000085400000| Untracked 
|  85|0x0000000085500000, 0x0000000085600000, 0x0000000085600000|100%| O|  |TAMS 0x0000000085500000| PB 0x0000000085500000| Untracked 
|  86|0x0000000085600000, 0x0000000085700000, 0x0000000085700000|100%| O|  |TAMS 0x0000000085600000| PB 0x0000000085600000| Untracked 
|  87|0x0000000085700000, 0x0000000085800000, 0x0000000085800000|100%|HS|  |TAMS 0x0000000085700000| PB 0x0000000085700000| Complete 
|  88|0x0000000085800000, 0x0000000085900000, 0x0000000085900000|100%|HC|  |TAMS 0x0000000085800000| PB 0x0000000085800000| Complete 
|  89|0x0000000085900000, 0x0000000085a00000, 0x0000000085a00000|100%|HC|  |TAMS 0x0000000085900000| PB 0x0000000085900000| Complete 
|  90|0x0000000085a00000, 0x0000000085b00000, 0x0000000085b00000|100%|HC|  |TAMS 0x0000000085a00000| PB 0x0000000085a00000| Complete 
|  91|0x0000000085b00000, 0x0000000085c00000, 0x0000000085c00000|100%|HC|  |TAMS 0x0000000085b00000| PB 0x0000000085b00000| Complete 
|  92|0x0000000085c00000, 0x0000000085d00000, 0x0000000085d00000|100%|HC|  |TAMS 0x0000000085c00000| PB 0x0000000085c00000| Complete 
|  93|0x0000000085d00000, 0x0000000085e00000, 0x0000000085e00000|100%| O|  |TAMS 0x0000000085d00000| PB 0x0000000085d00000| Untracked 
|  94|0x0000000085e00000, 0x0000000085f00000, 0x0000000085f00000|100%| O|  |TAMS 0x0000000085e00000| PB 0x0000000085e00000| Untracked 
|  95|0x0000000085f00000, 0x0000000086000000, 0x0000000086000000|100%| O|  |TAMS 0x0000000085f00000| PB 0x0000000085f00000| Untracked 
|  96|0x0000000086000000, 0x0000000086100000, 0x0000000086100000|100%| O|  |TAMS 0x0000000086000000| PB 0x0000000086000000| Untracked 
|  97|0x0000000086100000, 0x0000000086200000, 0x0000000086200000|100%| O|  |TAMS 0x0000000086100000| PB 0x0000000086100000| Untracked 
|  98|0x0000000086200000, 0x0000000086300000, 0x0000000086300000|100%| O|  |TAMS 0x0000000086200000| PB 0x0000000086200000| Untracked 
|  99|0x0000000086300000, 0x0000000086400000, 0x0000000086400000|100%| O|  |TAMS 0x0000000086300000| PB 0x0000000086300000| Untracked 
| 100|0x0000000086400000, 0x0000000086500000, 0x0000000086500000|100%| O|  |TAMS 0x0000000086400000| PB 0x0000000086400000| Untracked 
| 101|0x0000000086500000, 0x0000000086600000, 0x0000000086600000|100%| O|  |TAMS 0x0000000086500000| PB 0x0000000086500000| Untracked 
| 102|0x0000000086600000, 0x0000000086700000, 0x0000000086700000|100%| O|  |TAMS 0x0000000086600000| PB 0x0000000086600000| Untracked 
| 103|0x0000000086700000, 0x0000000086800000, 0x0000000086800000|100%| O|  |TAMS 0x0000000086700000| PB 0x0000000086700000| Untracked 
| 104|0x0000000086800000, 0x0000000086900000, 0x0000000086900000|100%| O|  |TAMS 0x0000000086800000| PB 0x0000000086800000| Untracked 
| 105|0x0000000086900000, 0x0000000086a00000, 0x0000000086a00000|100%| O|  |TAMS 0x0000000086900000| PB 0x0000000086900000| Untracked 
| 106|0x0000000086a00000, 0x0000000086b00000, 0x0000000086b00000|100%| O|  |TAMS 0x0000000086a00000| PB 0x0000000086a00000| Untracked 
| 107|0x0000000086b00000, 0x0000000086c00000, 0x0000000086c00000|100%| O|  |TAMS 0x0000000086b00000| PB 0x0000000086b00000| Untracked 
| 108|0x0000000086c00000, 0x0000000086d00000, 0x0000000086d00000|100%| O|  |TAMS 0x0000000086c00000| PB 0x0000000086c00000| Untracked 
| 109|0x0000000086d00000, 0x0000000086e00000, 0x0000000086e00000|100%| O|  |TAMS 0x0000000086d00000| PB 0x0000000086d00000| Untracked 
| 110|0x0000000086e00000, 0x0000000086f00000, 0x0000000086f00000|100%| O|  |TAMS 0x0000000086e00000| PB 0x0000000086e00000| Untracked 
| 111|0x0000000086f00000, 0x0000000087000000, 0x0000000087000000|100%| O|  |TAMS 0x0000000086f00000| PB 0x0000000086f00000| Untracked 
| 112|0x0000000087000000, 0x0000000087100000, 0x0000000087100000|100%| O|  |TAMS 0x0000000087000000| PB 0x0000000087000000| Untracked 
| 113|0x0000000087100000, 0x0000000087200000, 0x0000000087200000|100%| O|  |TAMS 0x0000000087100000| PB 0x0000000087100000| Untracked 
| 114|0x0000000087200000, 0x0000000087300000, 0x0000000087300000|100%| O|  |TAMS 0x0000000087200000| PB 0x0000000087200000| Untracked 
| 115|0x0000000087300000, 0x0000000087400000, 0x0000000087400000|100%| O|  |TAMS 0x0000000087300000| PB 0x0000000087300000| Untracked 
| 116|0x0000000087400000, 0x0000000087500000, 0x0000000087500000|100%| O|  |TAMS 0x0000000087400000| PB 0x0000000087400000| Untracked 
| 117|0x0000000087500000, 0x0000000087600000, 0x0000000087600000|100%| O|Cm|TAMS 0x0000000087500000| PB 0x0000000087500000| Complete 
| 118|0x0000000087600000, 0x0000000087700000, 0x0000000087700000|100%| O|Cm|TAMS 0x0000000087600000| PB 0x0000000087600000| Complete 
| 119|0x0000000087700000, 0x0000000087800000, 0x0000000087800000|100%| O|Cm|TAMS 0x0000000087700000| PB 0x0000000087700000| Complete 
| 120|0x0000000087800000, 0x0000000087900000, 0x0000000087900000|100%| O|Cm|TAMS 0x0000000087800000| PB 0x0000000087800000| Complete 
| 121|0x0000000087900000, 0x0000000087a00000, 0x0000000087a00000|100%| O|  |TAMS 0x0000000087900000| PB 0x0000000087900000| Untracked 
| 122|0x0000000087a00000, 0x0000000087b00000, 0x0000000087b00000|100%| O|  |TAMS 0x0000000087a00000| PB 0x0000000087a00000| Untracked 
| 123|0x0000000087b00000, 0x0000000087c00000, 0x0000000087c00000|100%| O|  |TAMS 0x0000000087b00000| PB 0x0000000087b00000| Untracked 
| 124|0x0000000087c00000, 0x0000000087d00000, 0x0000000087d00000|100%| O|  |TAMS 0x0000000087c00000| PB 0x0000000087c00000| Untracked 
| 125|0x0000000087d00000, 0x0000000087e00000, 0x0000000087e00000|100%| O|  |TAMS 0x0000000087d00000| PB 0x0000000087d00000| Untracked 
| 126|0x0000000087e00000, 0x0000000087f00000, 0x0000000087f00000|100%| O|  |TAMS 0x0000000087e00000| PB 0x0000000087e00000| Untracked 
| 127|0x0000000087f00000, 0x0000000088000000, 0x0000000088000000|100%| O|  |TAMS 0x0000000087f00000| PB 0x0000000087f00000| Untracked 
| 128|0x0000000088000000, 0x0000000088100000, 0x0000000088100000|100%| O|  |TAMS 0x0000000088000000| PB 0x0000000088000000| Untracked 
| 129|0x0000000088100000, 0x0000000088200000, 0x0000000088200000|100%| O|  |TAMS 0x0000000088100000| PB 0x0000000088100000| Untracked 
| 130|0x0000000088200000, 0x0000000088300000, 0x0000000088300000|100%| O|  |TAMS 0x0000000088200000| PB 0x0000000088200000| Untracked 
| 131|0x0000000088300000, 0x0000000088400000, 0x0000000088400000|100%| O|  |TAMS 0x0000000088300000| PB 0x0000000088300000| Untracked 
| 132|0x0000000088400000, 0x0000000088500000, 0x0000000088500000|100%| O|  |TAMS 0x0000000088400000| PB 0x0000000088400000| Untracked 
| 133|0x0000000088500000, 0x0000000088600000, 0x0000000088600000|100%| O|  |TAMS 0x0000000088500000| PB 0x0000000088500000| Untracked 
| 134|0x0000000088600000, 0x0000000088700000, 0x0000000088700000|100%| O|  |TAMS 0x0000000088600000| PB 0x0000000088600000| Untracked 
| 135|0x0000000088700000, 0x0000000088800000, 0x0000000088800000|100%| O|  |TAMS 0x0000000088700000| PB 0x0000000088700000| Untracked 
| 136|0x0000000088800000, 0x0000000088900000, 0x0000000088900000|100%| O|  |TAMS 0x0000000088800000| PB 0x0000000088800000| Untracked 
| 137|0x0000000088900000, 0x0000000088900000, 0x0000000088a00000|  0%| F|  |TAMS 0x0000000088900000| PB 0x0000000088900000| Untracked 
| 138|0x0000000088a00000, 0x0000000088b00000, 0x0000000088b00000|100%| O|  |TAMS 0x0000000088a00000| PB 0x0000000088a00000| Untracked 
| 139|0x0000000088b00000, 0x0000000088c00000, 0x0000000088c00000|100%| O|  |TAMS 0x0000000088b00000| PB 0x0000000088b00000| Untracked 
| 140|0x0000000088c00000, 0x0000000088d00000, 0x0000000088d00000|100%| O|  |TAMS 0x0000000088c00000| PB 0x0000000088c00000| Untracked 
| 141|0x0000000088d00000, 0x0000000088e00000, 0x0000000088e00000|100%| O|  |TAMS 0x0000000088d00000| PB 0x0000000088d00000| Untracked 
| 142|0x0000000088e00000, 0x0000000088e54fe0, 0x0000000088f00000| 33%| O|  |TAMS 0x0000000088e00000| PB 0x0000000088e00000| Untracked 
| 143|0x0000000088f00000, 0x0000000088f00000, 0x0000000089000000|  0%| F|  |TAMS 0x0000000088f00000| PB 0x0000000088f00000| Untracked 
| 144|0x0000000089000000, 0x0000000089000000, 0x0000000089100000|  0%| F|  |TAMS 0x0000000089000000| PB 0x0000000089000000| Untracked 
| 145|0x0000000089100000, 0x0000000089100000, 0x0000000089200000|  0%| F|  |TAMS 0x0000000089100000| PB 0x0000000089100000| Untracked 
| 146|0x0000000089200000, 0x0000000089200000, 0x0000000089300000|  0%| F|  |TAMS 0x0000000089200000| PB 0x0000000089200000| Untracked 
| 147|0x0000000089300000, 0x0000000089300000, 0x0000000089400000|  0%| F|  |TAMS 0x0000000089300000| PB 0x0000000089300000| Untracked 
| 148|0x0000000089400000, 0x0000000089400000, 0x0000000089500000|  0%| F|  |TAMS 0x0000000089400000| PB 0x0000000089400000| Untracked 
| 149|0x0000000089500000, 0x0000000089500000, 0x0000000089600000|  0%| F|  |TAMS 0x0000000089500000| PB 0x0000000089500000| Untracked 
| 150|0x0000000089600000, 0x0000000089600000, 0x0000000089700000|  0%| F|  |TAMS 0x0000000089600000| PB 0x0000000089600000| Untracked 
| 151|0x0000000089700000, 0x0000000089700000, 0x0000000089800000|  0%| F|  |TAMS 0x0000000089700000| PB 0x0000000089700000| Untracked 
| 152|0x0000000089800000, 0x0000000089800000, 0x0000000089900000|  0%| F|  |TAMS 0x0000000089800000| PB 0x0000000089800000| Untracked 
| 153|0x0000000089900000, 0x0000000089900000, 0x0000000089a00000|  0%| F|  |TAMS 0x0000000089900000| PB 0x0000000089900000| Untracked 
| 154|0x0000000089a00000, 0x0000000089a00000, 0x0000000089b00000|  0%| F|  |TAMS 0x0000000089a00000| PB 0x0000000089a00000| Untracked 
| 155|0x0000000089b00000, 0x0000000089b00000, 0x0000000089c00000|  0%| F|  |TAMS 0x0000000089b00000| PB 0x0000000089b00000| Untracked 
| 156|0x0000000089c00000, 0x0000000089c00000, 0x0000000089d00000|  0%| F|  |TAMS 0x0000000089c00000| PB 0x0000000089c00000| Untracked 
| 157|0x0000000089d00000, 0x0000000089d00000, 0x0000000089e00000|  0%| F|  |TAMS 0x0000000089d00000| PB 0x0000000089d00000| Untracked 
| 158|0x0000000089e00000, 0x0000000089e00000, 0x0000000089f00000|  0%| F|  |TAMS 0x0000000089e00000| PB 0x0000000089e00000| Untracked 
| 159|0x0000000089f00000, 0x0000000089f00000, 0x000000008a000000|  0%| F|  |TAMS 0x0000000089f00000| PB 0x0000000089f00000| Untracked 
| 160|0x000000008a000000, 0x000000008a000000, 0x000000008a100000|  0%| F|  |TAMS 0x000000008a000000| PB 0x000000008a000000| Untracked 
| 161|0x000000008a100000, 0x000000008a100000, 0x000000008a200000|  0%| F|  |TAMS 0x000000008a100000| PB 0x000000008a100000| Untracked 
| 162|0x000000008a200000, 0x000000008a200000, 0x000000008a300000|  0%| F|  |TAMS 0x000000008a200000| PB 0x000000008a200000| Untracked 
| 163|0x000000008a300000, 0x000000008a300000, 0x000000008a400000|  0%| F|  |TAMS 0x000000008a300000| PB 0x000000008a300000| Untracked 
| 164|0x000000008a400000, 0x000000008a400000, 0x000000008a500000|  0%| F|  |TAMS 0x000000008a400000| PB 0x000000008a400000| Untracked 
| 165|0x000000008a500000, 0x000000008a500000, 0x000000008a600000|  0%| F|  |TAMS 0x000000008a500000| PB 0x000000008a500000| Untracked 
| 166|0x000000008a600000, 0x000000008a600000, 0x000000008a700000|  0%| F|  |TAMS 0x000000008a600000| PB 0x000000008a600000| Untracked 
| 167|0x000000008a700000, 0x000000008a700000, 0x000000008a800000|  0%| F|  |TAMS 0x000000008a700000| PB 0x000000008a700000| Untracked 
| 168|0x000000008a800000, 0x000000008a800000, 0x000000008a900000|  0%| F|  |TAMS 0x000000008a800000| PB 0x000000008a800000| Untracked 
| 169|0x000000008a900000, 0x000000008a900000, 0x000000008aa00000|  0%| F|  |TAMS 0x000000008a900000| PB 0x000000008a900000| Untracked 
| 170|0x000000008aa00000, 0x000000008aa00000, 0x000000008ab00000|  0%| F|  |TAMS 0x000000008aa00000| PB 0x000000008aa00000| Untracked 
| 171|0x000000008ab00000, 0x000000008ab00000, 0x000000008ac00000|  0%| F|  |TAMS 0x000000008ab00000| PB 0x000000008ab00000| Untracked 
| 172|0x000000008ac00000, 0x000000008ac00000, 0x000000008ad00000|  0%| F|  |TAMS 0x000000008ac00000| PB 0x000000008ac00000| Untracked 
| 173|0x000000008ad00000, 0x000000008ad00000, 0x000000008ae00000|  0%| F|  |TAMS 0x000000008ad00000| PB 0x000000008ad00000| Untracked 
| 174|0x000000008ae00000, 0x000000008ae00000, 0x000000008af00000|  0%| F|  |TAMS 0x000000008ae00000| PB 0x000000008ae00000| Untracked 
| 175|0x000000008af00000, 0x000000008af00000, 0x000000008b000000|  0%| F|  |TAMS 0x000000008af00000| PB 0x000000008af00000| Untracked 
| 176|0x000000008b000000, 0x000000008b000000, 0x000000008b100000|  0%| F|  |TAMS 0x000000008b000000| PB 0x000000008b000000| Untracked 
| 177|0x000000008b100000, 0x000000008b100000, 0x000000008b200000|  0%| F|  |TAMS 0x000000008b100000| PB 0x000000008b100000| Untracked 
| 178|0x000000008b200000, 0x000000008b200000, 0x000000008b300000|  0%| F|  |TAMS 0x000000008b200000| PB 0x000000008b200000| Untracked 
| 179|0x000000008b300000, 0x000000008b300000, 0x000000008b400000|  0%| F|  |TAMS 0x000000008b300000| PB 0x000000008b300000| Untracked 
| 180|0x000000008b400000, 0x000000008b400000, 0x000000008b500000|  0%| F|  |TAMS 0x000000008b400000| PB 0x000000008b400000| Untracked 
| 181|0x000000008b500000, 0x000000008b500000, 0x000000008b600000|  0%| F|  |TAMS 0x000000008b500000| PB 0x000000008b500000| Untracked 
| 182|0x000000008b600000, 0x000000008b600000, 0x000000008b700000|  0%| F|  |TAMS 0x000000008b600000| PB 0x000000008b600000| Untracked 
| 183|0x000000008b700000, 0x000000008b700000, 0x000000008b800000|  0%| F|  |TAMS 0x000000008b700000| PB 0x000000008b700000| Untracked 
| 184|0x000000008b800000, 0x000000008b800000, 0x000000008b900000|  0%| F|  |TAMS 0x000000008b800000| PB 0x000000008b800000| Untracked 
| 185|0x000000008b900000, 0x000000008b900000, 0x000000008ba00000|  0%| F|  |TAMS 0x000000008b900000| PB 0x000000008b900000| Untracked 
| 186|0x000000008ba00000, 0x000000008ba00000, 0x000000008bb00000|  0%| F|  |TAMS 0x000000008ba00000| PB 0x000000008ba00000| Untracked 
| 187|0x000000008bb00000, 0x000000008bb00000, 0x000000008bc00000|  0%| F|  |TAMS 0x000000008bb00000| PB 0x000000008bb00000| Untracked 
| 188|0x000000008bc00000, 0x000000008bc00000, 0x000000008bd00000|  0%| F|  |TAMS 0x000000008bc00000| PB 0x000000008bc00000| Untracked 
| 189|0x000000008bd00000, 0x000000008bd00000, 0x000000008be00000|  0%| F|  |TAMS 0x000000008bd00000| PB 0x000000008bd00000| Untracked 
| 190|0x000000008be00000, 0x000000008bed4440, 0x000000008bf00000| 82%| S|CS|TAMS 0x000000008be00000| PB 0x000000008be00000| Complete 
| 191|0x000000008bf00000, 0x000000008c000000, 0x000000008c000000|100%| S|CS|TAMS 0x000000008bf00000| PB 0x000000008bf00000| Complete 
| 192|0x000000008c000000, 0x000000008c000000, 0x000000008c100000|  0%| F|  |TAMS 0x000000008c000000| PB 0x000000008c000000| Untracked 
| 193|0x000000008c100000, 0x000000008c100000, 0x000000008c200000|  0%| F|  |TAMS 0x000000008c100000| PB 0x000000008c100000| Untracked 
| 194|0x000000008c200000, 0x000000008c200000, 0x000000008c300000|  0%| F|  |TAMS 0x000000008c200000| PB 0x000000008c200000| Untracked 
| 195|0x000000008c300000, 0x000000008c300000, 0x000000008c400000|  0%| F|  |TAMS 0x000000008c300000| PB 0x000000008c300000| Untracked 
| 196|0x000000008c400000, 0x000000008c400000, 0x000000008c500000|  0%| F|  |TAMS 0x000000008c400000| PB 0x000000008c400000| Untracked 
| 197|0x000000008c500000, 0x000000008c500000, 0x000000008c600000|  0%| F|  |TAMS 0x000000008c500000| PB 0x000000008c500000| Untracked 
| 198|0x000000008c600000, 0x000000008c600000, 0x000000008c700000|  0%| F|  |TAMS 0x000000008c600000| PB 0x000000008c600000| Untracked 
| 199|0x000000008c700000, 0x000000008c700000, 0x000000008c800000|  0%| F|  |TAMS 0x000000008c700000| PB 0x000000008c700000| Untracked 
| 200|0x000000008c800000, 0x000000008c800000, 0x000000008c900000|  0%| F|  |TAMS 0x000000008c800000| PB 0x000000008c800000| Untracked 
| 201|0x000000008c900000, 0x000000008c900000, 0x000000008ca00000|  0%| F|  |TAMS 0x000000008c900000| PB 0x000000008c900000| Untracked 
| 202|0x000000008ca00000, 0x000000008ca00000, 0x000000008cb00000|  0%| F|  |TAMS 0x000000008ca00000| PB 0x000000008ca00000| Untracked 
| 203|0x000000008cb00000, 0x000000008cb00000, 0x000000008cc00000|  0%| F|  |TAMS 0x000000008cb00000| PB 0x000000008cb00000| Untracked 
| 204|0x000000008cc00000, 0x000000008cc00000, 0x000000008cd00000|  0%| F|  |TAMS 0x000000008cc00000| PB 0x000000008cc00000| Untracked 
| 205|0x000000008cd00000, 0x000000008cd00000, 0x000000008ce00000|  0%| F|  |TAMS 0x000000008cd00000| PB 0x000000008cd00000| Untracked 
| 206|0x000000008ce00000, 0x000000008ce00000, 0x000000008cf00000|  0%| F|  |TAMS 0x000000008ce00000| PB 0x000000008ce00000| Untracked 
| 207|0x000000008cf00000, 0x000000008cf00000, 0x000000008d000000|  0%| F|  |TAMS 0x000000008cf00000| PB 0x000000008cf00000| Untracked 
| 208|0x000000008d000000, 0x000000008d000000, 0x000000008d100000|  0%| F|  |TAMS 0x000000008d000000| PB 0x000000008d000000| Untracked 
| 209|0x000000008d100000, 0x000000008d100000, 0x000000008d200000|  0%| F|  |TAMS 0x000000008d100000| PB 0x000000008d100000| Untracked 
| 210|0x000000008d200000, 0x000000008d200000, 0x000000008d300000|  0%| F|  |TAMS 0x000000008d200000| PB 0x000000008d200000| Untracked 
| 211|0x000000008d300000, 0x000000008d300000, 0x000000008d400000|  0%| F|  |TAMS 0x000000008d300000| PB 0x000000008d300000| Untracked 
| 212|0x000000008d400000, 0x000000008d400000, 0x000000008d500000|  0%| F|  |TAMS 0x000000008d400000| PB 0x000000008d400000| Untracked 
| 213|0x000000008d500000, 0x000000008d500000, 0x000000008d600000|  0%| F|  |TAMS 0x000000008d500000| PB 0x000000008d500000| Untracked 
| 214|0x000000008d600000, 0x000000008d600000, 0x000000008d700000|  0%| F|  |TAMS 0x000000008d600000| PB 0x000000008d600000| Untracked 
| 215|0x000000008d700000, 0x000000008d700000, 0x000000008d800000|  0%| F|  |TAMS 0x000000008d700000| PB 0x000000008d700000| Untracked 
| 216|0x000000008d800000, 0x000000008d800000, 0x000000008d900000|  0%| F|  |TAMS 0x000000008d800000| PB 0x000000008d800000| Untracked 
| 217|0x000000008d900000, 0x000000008d900000, 0x000000008da00000|  0%| F|  |TAMS 0x000000008d900000| PB 0x000000008d900000| Untracked 
| 218|0x000000008da00000, 0x000000008da00000, 0x000000008db00000|  0%| F|  |TAMS 0x000000008da00000| PB 0x000000008da00000| Untracked 
| 219|0x000000008db00000, 0x000000008db00000, 0x000000008dc00000|  0%| F|  |TAMS 0x000000008db00000| PB 0x000000008db00000| Untracked 
| 220|0x000000008dc00000, 0x000000008dc00000, 0x000000008dd00000|  0%| F|  |TAMS 0x000000008dc00000| PB 0x000000008dc00000| Untracked 
| 221|0x000000008dd00000, 0x000000008dd00000, 0x000000008de00000|  0%| F|  |TAMS 0x000000008dd00000| PB 0x000000008dd00000| Untracked 
| 222|0x000000008de00000, 0x000000008de00000, 0x000000008df00000|  0%| F|  |TAMS 0x000000008de00000| PB 0x000000008de00000| Untracked 
| 223|0x000000008df00000, 0x000000008df00000, 0x000000008e000000|  0%| F|  |TAMS 0x000000008df00000| PB 0x000000008df00000| Untracked 
| 224|0x000000008e000000, 0x000000008e000000, 0x000000008e100000|  0%| F|  |TAMS 0x000000008e000000| PB 0x000000008e000000| Untracked 
| 225|0x000000008e100000, 0x000000008e100000, 0x000000008e200000|  0%| F|  |TAMS 0x000000008e100000| PB 0x000000008e100000| Untracked 
| 226|0x000000008e200000, 0x000000008e200000, 0x000000008e300000|  0%| F|  |TAMS 0x000000008e200000| PB 0x000000008e200000| Untracked 
| 227|0x000000008e300000, 0x000000008e300000, 0x000000008e400000|  0%| F|  |TAMS 0x000000008e300000| PB 0x000000008e300000| Untracked 
| 228|0x000000008e400000, 0x000000008e400000, 0x000000008e500000|  0%| F|  |TAMS 0x000000008e400000| PB 0x000000008e400000| Untracked 
| 229|0x000000008e500000, 0x000000008e500000, 0x000000008e600000|  0%| F|  |TAMS 0x000000008e500000| PB 0x000000008e500000| Untracked 
| 230|0x000000008e600000, 0x000000008e600000, 0x000000008e700000|  0%| F|  |TAMS 0x000000008e600000| PB 0x000000008e600000| Untracked 
| 231|0x000000008e700000, 0x000000008e700000, 0x000000008e800000|  0%| F|  |TAMS 0x000000008e700000| PB 0x000000008e700000| Untracked 
| 232|0x000000008e800000, 0x000000008e800000, 0x000000008e900000|  0%| F|  |TAMS 0x000000008e800000| PB 0x000000008e800000| Untracked 
| 233|0x000000008e900000, 0x000000008e900000, 0x000000008ea00000|  0%| F|  |TAMS 0x000000008e900000| PB 0x000000008e900000| Untracked 
| 234|0x000000008ea00000, 0x000000008ea00000, 0x000000008eb00000|  0%| F|  |TAMS 0x000000008ea00000| PB 0x000000008ea00000| Untracked 
| 235|0x000000008eb00000, 0x000000008eb00000, 0x000000008ec00000|  0%| F|  |TAMS 0x000000008eb00000| PB 0x000000008eb00000| Untracked 
| 236|0x000000008ec00000, 0x000000008ed00000, 0x000000008ed00000|100%| E|  |TAMS 0x000000008ec00000| PB 0x000000008ec00000| Complete 
| 237|0x000000008ed00000, 0x000000008ee00000, 0x000000008ee00000|100%| E|CS|TAMS 0x000000008ed00000| PB 0x000000008ed00000| Complete 
| 238|0x000000008ee00000, 0x000000008ef00000, 0x000000008ef00000|100%| E|CS|TAMS 0x000000008ee00000| PB 0x000000008ee00000| Complete 
| 239|0x000000008ef00000, 0x000000008f000000, 0x000000008f000000|100%| E|CS|TAMS 0x000000008ef00000| PB 0x000000008ef00000| Complete 
| 240|0x000000008f000000, 0x000000008f100000, 0x000000008f100000|100%| E|CS|TAMS 0x000000008f000000| PB 0x000000008f000000| Complete 
| 241|0x000000008f100000, 0x000000008f200000, 0x000000008f200000|100%| E|CS|TAMS 0x000000008f100000| PB 0x000000008f100000| Complete 
| 242|0x000000008f200000, 0x000000008f300000, 0x000000008f300000|100%| E|CS|TAMS 0x000000008f200000| PB 0x000000008f200000| Complete 
| 243|0x000000008f300000, 0x000000008f400000, 0x000000008f400000|100%| E|CS|TAMS 0x000000008f300000| PB 0x000000008f300000| Complete 
| 244|0x000000008f400000, 0x000000008f500000, 0x000000008f500000|100%| E|CS|TAMS 0x000000008f400000| PB 0x000000008f400000| Complete 
| 245|0x000000008f500000, 0x000000008f600000, 0x000000008f600000|100%| E|CS|TAMS 0x000000008f500000| PB 0x000000008f500000| Complete 
| 246|0x000000008f600000, 0x000000008f700000, 0x000000008f700000|100%| E|CS|TAMS 0x000000008f600000| PB 0x000000008f600000| Complete 
| 247|0x000000008f700000, 0x000000008f800000, 0x000000008f800000|100%| E|CS|TAMS 0x000000008f700000| PB 0x000000008f700000| Complete 
| 248|0x000000008f800000, 0x000000008f900000, 0x000000008f900000|100%| E|CS|TAMS 0x000000008f800000| PB 0x000000008f800000| Complete 
| 249|0x000000008f900000, 0x000000008fa00000, 0x000000008fa00000|100%| E|CS|TAMS 0x000000008f900000| PB 0x000000008f900000| Complete 
|2043|0x00000000ffb00000, 0x00000000ffc00000, 0x00000000ffc00000|100%| O|  |TAMS 0x00000000ffb00000| PB 0x00000000ffb00000| Untracked 
|2044|0x00000000ffc00000, 0x00000000ffd00000, 0x00000000ffd00000|100%| O|  |TAMS 0x00000000ffc00000| PB 0x00000000ffc00000| Untracked 
|2045|0x00000000ffd00000, 0x00000000ffe00000, 0x00000000ffe00000|100%| O|  |TAMS 0x00000000ffd00000| PB 0x00000000ffd00000| Untracked 
|2046|0x00000000ffe00000, 0x00000000fff00000, 0x00000000fff00000|100%| O|  |TAMS 0x00000000ffe00000| PB 0x00000000ffe00000| Untracked 
|2047|0x00000000fff00000, 0x0000000100000000, 0x0000000100000000|100%| O|  |TAMS 0x00000000fff00000| PB 0x00000000fff00000| Untracked 

Card table byte_map: [0x0000020e95560000,0x0000020e95960000] _byte_map_base: 0x0000020e95160000

Marking Bits: (CMBitMap*) 0x0000020e82b11c60
 Bits: [0x0000020e95960000, 0x0000020e97960000)

Polling page: 0x0000020e80920000

Metaspace:

Usage:
  Non-class:    118.59 MB used.
      Class:     17.71 MB used.
       Both:    136.30 MB used.

Virtual space:
  Non-class space:      128.00 MB reserved,     119.75 MB ( 94%) committed,  2 nodes.
      Class space:        1.00 GB reserved,      18.81 MB (  2%) committed,  1 nodes.
             Both:        1.12 GB reserved,     138.56 MB ( 12%) committed. 

Chunk freelists:
   Non-Class:  8.17 MB
       Class:  13.06 MB
        Both:  21.23 MB

MaxMetaspaceSize: unlimited
CompressedClassSpaceSize: 1.00 GB
Initial GC threshold: 21.00 MB
Current GC threshold: 226.38 MB
CDS: off
 - commit_granule_bytes: 65536.
 - commit_granule_words: 8192.
 - virtual_space_node_default_size: 8388608.
 - enlarge_chunks_in_place: 1.
 - use_allocation_guard: 0.


Internal statistics:

num_allocs_failed_limit: 6.
num_arena_births: 4360.
num_arena_deaths: 0.
num_vsnodes_births: 3.
num_vsnodes_deaths: 0.
num_space_committed: 2215.
num_space_uncommitted: 0.
num_chunks_returned_to_freelist: 6.
num_chunks_taken_from_freelist: 9892.
num_chunk_merges: 6.
num_chunk_splits: 6922.
num_chunks_enlarged: 4824.
num_inconsistent_stats: 0.

CodeHeap 'non-profiled nmethods': size=120000Kb used=6030Kb max_used=6030Kb free=113969Kb
 bounds [0x0000020e8d6e0000, 0x0000020e8dcd0000, 0x0000020e94c10000]
CodeHeap 'profiled nmethods': size=120000Kb used=22600Kb max_used=22600Kb free=97400Kb
 bounds [0x0000020e85c10000, 0x0000020e87230000, 0x0000020e8d140000]
CodeHeap 'non-nmethods': size=5760Kb used=3066Kb max_used=3127Kb free=2693Kb
 bounds [0x0000020e8d140000, 0x0000020e8d460000, 0x0000020e8d6e0000]
 total_blobs=11679 nmethods=10543 adapters=1039
 compilation: enabled
              stopped_count=0, restarted_count=0
 full_count=0

Compilation events (20 events):
Event: 34.251 Thread 0x0000020e9a7ccd70 nmethod 12179 0x0000020e8dcb7910 code [0x0000020e8dcb7aa0, 0x0000020e8dcb7b68]
Event: 34.251 Thread 0x0000020e9a7ccd70 12180       3       org.gradle.api.internal.attributes.DefaultMutableAttributeContainer::maybeEmitRecursiveQueryDeprecation (29 bytes)
Event: 34.252 Thread 0x0000020e9a7ccd70 nmethod 12180 0x0000020e87219d10 code [0x0000020e87219f40, 0x0000020e8721a788]
Event: 34.252 Thread 0x0000020e9a7ccd70 12181       3       org.gradle.internal.snapshot.impl.StringValueSnapshot::<init> (6 bytes)
Event: 34.252 Thread 0x0000020e9a7ccd70 nmethod 12181 0x0000020e8721aa90 code [0x0000020e8721ac40, 0x0000020e8721aec0]
Event: 34.253 Thread 0x0000020e9a7ccd70 12182       3       org.gradle.api.internal.attributes.DefaultAttributesFactory::doConcatIsolatable (74 bytes)
Event: 34.254 Thread 0x0000020e9a7ccd70 nmethod 12182 0x0000020e8721b010 code [0x0000020e8721b2a0, 0x0000020e8721bf80]
Event: 34.277 Thread 0x0000020eadd00b70 nmethod 12091 0x0000020e8dcb7c10 code [0x0000020e8dcb8200, 0x0000020e8dcbe258]
Event: 34.290 Thread 0x0000020eadd00b70 12183       4       java.lang.invoke.TypeConvertingMethodAdapter::cast (42 bytes)
Event: 34.316 Thread 0x0000020e9a7ccd70 12184       3       it.unimi.dsi.fastutil.HashCommon::mix (12 bytes)
Event: 34.316 Thread 0x0000020e9a7ccd70 nmethod 12184 0x0000020e8721c390 code [0x0000020e8721c520, 0x0000020e8721c620]
Event: 34.317 Thread 0x0000020e9a7ccd70 12185       3       com.esotericsoftware.kryo.io.Output::writeInt (7 bytes)
Event: 34.317 Thread 0x0000020e9a7ccd70 nmethod 12185 0x0000020e8721c690 code [0x0000020e8721c840, 0x0000020e8721c998]
Event: 34.360 Thread 0x0000020eadd00b70 nmethod 12183 0x0000020e8dcc1210 code [0x0000020e8dcc14e0, 0x0000020e8dcc2888]
Event: 34.385 Thread 0x0000020e9a7ccd70 12186       3       org.gradle.internal.resource.ExternalResourceName::isDigit (18 bytes)
Event: 34.386 Thread 0x0000020e9a7ccd70 nmethod 12186 0x0000020e8721ca90 code [0x0000020e8721cc20, 0x0000020e8721cd90]
Event: 34.386 Thread 0x0000020e9a7ccd70 12187       3       java.net.URI$Parser::scan (76 bytes)
Event: 34.388 Thread 0x0000020e9a7ccd70 nmethod 12187 0x0000020e8721ce10 code [0x0000020e8721d040, 0x0000020e8721d8b0]
Event: 35.053 Thread 0x0000020eadd041f0 12188       4       java.util.concurrent.locks.AbstractQueuedSynchronizer$ConditionObject::canReacquire (38 bytes)
Event: 35.056 Thread 0x0000020eadd041f0 nmethod 12188 0x0000020e8dcc3510 code [0x0000020e8dcc36a0, 0x0000020e8dcc3780]

GC Heap History (20 events):
Event: 21.079 GC heap before
{Heap before GC invocations=29 (full 0):
 garbage-first heap   total 203776K, used 155114K [0x0000000080000000, 0x0000000100000000)
  region size 1024K, 39 young (39936K), 6 survivors (6144K)
 Metaspace       used 96215K, committed 98176K, reserved 1179648K
  class space    used 13054K, committed 14016K, reserved 1048576K
}
Event: 21.084 GC heap after
{Heap after GC invocations=30 (full 0):
 garbage-first heap   total 203776K, used 123701K [0x0000000080000000, 0x0000000100000000)
  region size 1024K, 5 young (5120K), 5 survivors (5120K)
 Metaspace       used 96215K, committed 98176K, reserved 1179648K
  class space    used 13054K, committed 14016K, reserved 1048576K
}
Event: 21.542 GC heap before
{Heap before GC invocations=30 (full 0):
 garbage-first heap   total 203776K, used 185141K [0x0000000080000000, 0x0000000100000000)
  region size 1024K, 64 young (65536K), 5 survivors (5120K)
 Metaspace       used 101383K, committed 103360K, reserved 1179648K
  class space    used 13723K, committed 14656K, reserved 1048576K
}
Event: 21.548 GC heap after
{Heap after GC invocations=31 (full 0):
 garbage-first heap   total 203776K, used 126725K [0x0000000080000000, 0x0000000100000000)
  region size 1024K, 6 young (6144K), 6 survivors (6144K)
 Metaspace       used 101383K, committed 103360K, reserved 1179648K
  class space    used 13723K, committed 14656K, reserved 1048576K
}
Event: 22.069 GC heap before
{Heap before GC invocations=31 (full 0):
 garbage-first heap   total 203776K, used 186117K [0x0000000080000000, 0x0000000100000000)
  region size 1024K, 64 young (65536K), 6 survivors (6144K)
 Metaspace       used 105910K, committed 107840K, reserved 1179648K
  class space    used 14187K, committed 15104K, reserved 1048576K
}
Event: 22.075 GC heap after
{Heap after GC invocations=32 (full 0):
 garbage-first heap   total 203776K, used 131731K [0x0000000080000000, 0x0000000100000000)
  region size 1024K, 8 young (8192K), 8 survivors (8192K)
 Metaspace       used 105910K, committed 107840K, reserved 1179648K
  class space    used 14187K, committed 15104K, reserved 1048576K
}
Event: 24.093 GC heap before
{Heap before GC invocations=33 (full 0):
 garbage-first heap   total 220160K, used 181907K [0x0000000080000000, 0x0000000100000000)
  region size 1024K, 58 young (59392K), 8 survivors (8192K)
 Metaspace       used 111972K, committed 113984K, reserved 1179648K
  class space    used 14911K, committed 15872K, reserved 1048576K
}
Event: 24.115 GC heap after
{Heap after GC invocations=34 (full 0):
 garbage-first heap   total 220160K, used 135347K [0x0000000080000000, 0x0000000100000000)
  region size 1024K, 4 young (4096K), 4 survivors (4096K)
 Metaspace       used 111972K, committed 113984K, reserved 1179648K
  class space    used 14911K, committed 15872K, reserved 1048576K
}
Event: 25.678 GC heap before
{Heap before GC invocations=34 (full 0):
 garbage-first heap   total 220160K, used 202931K [0x0000000080000000, 0x0000000100000000)
  region size 1024K, 70 young (71680K), 4 survivors (4096K)
 Metaspace       used 122770K, committed 124800K, reserved 1179648K
  class space    used 15918K, committed 16896K, reserved 1048576K
}
Event: 25.683 GC heap after
{Heap after GC invocations=35 (full 0):
 garbage-first heap   total 220160K, used 137396K [0x0000000080000000, 0x0000000100000000)
  region size 1024K, 7 young (7168K), 7 survivors (7168K)
 Metaspace       used 122770K, committed 124800K, reserved 1179648K
  class space    used 15918K, committed 16896K, reserved 1048576K
}
Event: 27.956 GC heap before
{Heap before GC invocations=35 (full 0):
 garbage-first heap   total 220160K, used 180404K [0x0000000080000000, 0x0000000100000000)
  region size 1024K, 50 young (51200K), 7 survivors (7168K)
 Metaspace       used 125789K, committed 127936K, reserved 1179648K
  class space    used 16294K, committed 17344K, reserved 1048576K
}
Event: 27.979 GC heap after
{Heap after GC invocations=36 (full 0):
 garbage-first heap   total 220160K, used 140667K [0x0000000080000000, 0x0000000100000000)
  region size 1024K, 7 young (7168K), 7 survivors (7168K)
 Metaspace       used 125789K, committed 127936K, reserved 1179648K
  class space    used 16294K, committed 17344K, reserved 1048576K
}
Event: 29.114 GC heap before
{Heap before GC invocations=37 (full 0):
 garbage-first heap   total 239616K, used 199035K [0x0000000080000000, 0x0000000100000000)
  region size 1024K, 63 young (64512K), 7 survivors (7168K)
 Metaspace       used 126618K, committed 128768K, reserved 1179648K
  class space    used 16361K, committed 17408K, reserved 1048576K
}
Event: 29.121 GC heap after
{Heap after GC invocations=38 (full 0):
 garbage-first heap   total 239616K, used 145247K [0x0000000080000000, 0x0000000100000000)
  region size 1024K, 8 young (8192K), 8 survivors (8192K)
 Metaspace       used 126618K, committed 128768K, reserved 1179648K
  class space    used 16361K, committed 17408K, reserved 1048576K
}
Event: 32.493 GC heap before
{Heap before GC invocations=38 (full 0):
 garbage-first heap   total 239616K, used 217951K [0x0000000080000000, 0x0000000100000000)
  region size 1024K, 79 young (80896K), 8 survivors (8192K)
 Metaspace       used 134192K, committed 136512K, reserved 1179648K
  class space    used 17542K, committed 18688K, reserved 1048576K
}
Event: 32.501 GC heap after
{Heap after GC invocations=39 (full 0):
 garbage-first heap   total 239616K, used 150021K [0x0000000080000000, 0x0000000100000000)
  region size 1024K, 10 young (10240K), 10 survivors (10240K)
 Metaspace       used 134192K, committed 136512K, reserved 1179648K
  class space    used 17542K, committed 18688K, reserved 1048576K
}
Event: 32.809 GC heap before
{Heap before GC invocations=39 (full 0):
 garbage-first heap   total 239616K, used 188933K [0x0000000080000000, 0x0000000100000000)
  region size 1024K, 49 young (50176K), 10 survivors (10240K)
 Metaspace       used 136745K, committed 139072K, reserved 1179648K
  class space    used 17809K, committed 18944K, reserved 1048576K
}
Event: 32.818 GC heap after
{Heap after GC invocations=40 (full 0):
 garbage-first heap   total 239616K, used 154345K [0x0000000080000000, 0x0000000100000000)
  region size 1024K, 10 young (10240K), 10 survivors (10240K)
 Metaspace       used 136745K, committed 139072K, reserved 1179648K
  class space    used 17809K, committed 18944K, reserved 1048576K
}
Event: 33.338 GC heap before
{Heap before GC invocations=41 (full 0):
 garbage-first heap   total 261120K, used 214761K [0x0000000080000000, 0x0000000100000000)
  region size 1024K, 68 young (69632K), 10 survivors (10240K)
 Metaspace       used 137609K, committed 139904K, reserved 1179648K
  class space    used 17861K, committed 19008K, reserved 1048576K
}
Event: 33.351 GC heap after
{Heap after GC invocations=42 (full 0):
 garbage-first heap   total 261120K, used 151717K [0x0000000080000000, 0x0000000100000000)
  region size 1024K, 2 young (2048K), 2 survivors (2048K)
 Metaspace       used 137609K, committed 139904K, reserved 1179648K
  class space    used 17861K, committed 19008K, reserved 1048576K
}

Dll operation events (3 events):
Event: 0.008 Loaded shared library C:\Program Files\Android\Android Studio\jbr\bin\java.dll
Event: 0.014 Loaded shared library C:\Program Files\Android\Android Studio\jbr\bin\zip.dll
Event: 0.561 Loaded shared library C:\Program Files\Android\Android Studio\jbr\bin\verify.dll

Deoptimization events (20 events):
Event: 33.887 Thread 0x0000020ea08da710 Uncommon trap: trap_request=0xffffffc6 fr.pc=0x0000020e8d8bb76c relative=0x000000000000030c
Event: 33.887 Thread 0x0000020ea08da710 Uncommon trap: reason=bimorphic_or_optimized_type_check action=maybe_recompile pc=0x0000020e8d8bb76c method=com.google.common.base.CharMatcher.indexIn(Ljava/lang/CharSequence;I)I @ 31 c2
Event: 33.887 Thread 0x0000020ea08da710 DEOPT PACKING pc=0x0000020e8d8bb76c sp=0x0000002ac37f7fd0
Event: 33.888 Thread 0x0000020ea08da710 DEOPT UNPACKING pc=0x0000020e8d1946a2 sp=0x0000002ac37f7f78 mode 2
Event: 33.899 Thread 0x0000020ea08da710 Uncommon trap: trap_request=0xffffffc6 fr.pc=0x0000020e8d8bb76c relative=0x000000000000030c
Event: 33.899 Thread 0x0000020ea08da710 Uncommon trap: reason=bimorphic_or_optimized_type_check action=maybe_recompile pc=0x0000020e8d8bb76c method=com.google.common.base.CharMatcher.indexIn(Ljava/lang/CharSequence;I)I @ 31 c2
Event: 33.899 Thread 0x0000020ea08da710 DEOPT PACKING pc=0x0000020e8d8bb76c sp=0x0000002ac37f7fd0
Event: 33.899 Thread 0x0000020ea08da710 DEOPT UNPACKING pc=0x0000020e8d1946a2 sp=0x0000002ac37f7f78 mode 2
Event: 33.910 Thread 0x0000020ea08da710 Uncommon trap: trap_request=0xffffffc6 fr.pc=0x0000020e8d8bb76c relative=0x000000000000030c
Event: 33.910 Thread 0x0000020ea08da710 Uncommon trap: reason=bimorphic_or_optimized_type_check action=maybe_recompile pc=0x0000020e8d8bb76c method=com.google.common.base.CharMatcher.indexIn(Ljava/lang/CharSequence;I)I @ 31 c2
Event: 33.910 Thread 0x0000020ea08da710 DEOPT PACKING pc=0x0000020e8d8bb76c sp=0x0000002ac37f7fd0
Event: 33.910 Thread 0x0000020ea08da710 DEOPT UNPACKING pc=0x0000020e8d1946a2 sp=0x0000002ac37f7f78 mode 2
Event: 33.934 Thread 0x0000020ea08da710 Uncommon trap: trap_request=0xffffffc6 fr.pc=0x0000020e8d8bb76c relative=0x000000000000030c
Event: 33.934 Thread 0x0000020ea08da710 Uncommon trap: reason=bimorphic_or_optimized_type_check action=maybe_recompile pc=0x0000020e8d8bb76c method=com.google.common.base.CharMatcher.indexIn(Ljava/lang/CharSequence;I)I @ 31 c2
Event: 33.934 Thread 0x0000020ea08da710 DEOPT PACKING pc=0x0000020e8d8bb76c sp=0x0000002ac37f77c0
Event: 33.934 Thread 0x0000020ea08da710 DEOPT UNPACKING pc=0x0000020e8d1946a2 sp=0x0000002ac37f7768 mode 2
Event: 34.360 Thread 0x0000020ea08da710 Uncommon trap: trap_request=0xffffff45 fr.pc=0x0000020e8dc14e1c relative=0x00000000000002bc
Event: 34.360 Thread 0x0000020ea08da710 Uncommon trap: reason=unstable_if action=reinterpret pc=0x0000020e8dc14e1c method=com.esotericsoftware.kryo.io.Output.writeString(Ljava/lang/CharSequence;)V @ 1 c2
Event: 34.360 Thread 0x0000020ea08da710 DEOPT PACKING pc=0x0000020e8dc14e1c sp=0x0000002ac37f5ff0
Event: 34.360 Thread 0x0000020ea08da710 DEOPT UNPACKING pc=0x0000020e8d1946a2 sp=0x0000002ac37f5f88 mode 2

Classes loaded (20 events):
Event: 31.732 Loading class java/lang/invoke/SerializedLambda$1
Event: 31.733 Loading class java/lang/invoke/SerializedLambda$1 done
Event: 31.801 Loading class org/xml/sax/Locator
Event: 31.801 Loading class org/xml/sax/Locator done
Event: 31.802 Loading class org/xml/sax/SAXParseException
Event: 31.803 Loading class org/xml/sax/SAXParseException done
Event: 31.804 Loading class org/xml/sax/Attributes
Event: 31.805 Loading class org/xml/sax/Attributes done
Event: 32.008 Loading class java/util/DualPivotQuicksort
Event: 32.010 Loading class java/util/DualPivotQuicksort done
Event: 32.256 Loading class java/util/function/LongUnaryOperator
Event: 32.256 Loading class java/util/function/LongUnaryOperator done
Event: 32.649 Loading class java/util/TreeMap$KeySpliterator
Event: 32.649 Loading class java/util/TreeMap$TreeMapSpliterator
Event: 32.649 Loading class java/util/TreeMap$TreeMapSpliterator done
Event: 32.649 Loading class java/util/TreeMap$KeySpliterator done
Event: 34.394 Loading class java/util/concurrent/atomic/AtomicMarkableReference
Event: 34.395 Loading class java/util/concurrent/atomic/AtomicMarkableReference done
Event: 34.395 Loading class java/util/concurrent/atomic/AtomicMarkableReference$Pair
Event: 34.395 Loading class java/util/concurrent/atomic/AtomicMarkableReference$Pair done

Classes unloaded (0 events):
No events

Classes redefined (0 events):
No events

Internal exceptions (20 events):
Event: 32.457 Thread 0x0000020ea08da710 Exception <a 'java/lang/NoSuchMethodError'{0x00000000898ff000}: 'java.lang.Object java.lang.invoke.DirectMethodHandle$Holder.invokeVirtual(java.lang.Object, java.lang.Object, java.lang.Object, java.lang.Object, java.lang.Object, java.lang.Object, java.lang.Object, java.lang.Object, java.lang.Object, java.lang.Object, java.lang.Object, java.lang.Object, java.lang.Object, java.lang.Object, java.lang.Object, java.lang.Object, java.lang.Object)'> (0x00000000898ff000) 
thrown [s\src\hotspot\share\interpreter\li
Event: 32.458 Thread 0x0000020ea08da710 Exception <a 'java/lang/NoSuchMethodError'{0x00000000897053e8}: 'java.lang.Object java.lang.invoke.DirectMethodHandle$Holder.invokeSpecial(java.lang.Object, java.lang.Object, java.lang.Object, java.lang.Object, java.lang.Object, java.lang.Object, java.lang.Object, java.lang.Object, java.lang.Object, java.lang.Object, java.lang.Object, java.lang.Object, java.lang.Object, java.lang.Object, java.lang.Object, java.lang.Object, java.lang.Object, java.lang.Object)'> (0x00000000897053e8) 
thrown [s\src\hotspot\sh
Event: 32.458 Thread 0x0000020ea08da710 Exception <a 'java/lang/NoSuchMethodError'{0x000000008970abf0}: 'java.lang.Object java.lang.invoke.DelegatingMethodHandle$Holder.reinvoke_L(java.lang.Object, java.lang.Object, java.lang.Object, java.lang.Object, java.lang.Object, java.lang.Object, java.lang.Object, java.lang.Object, java.lang.Object, java.lang.Object, java.lang.Object, java.lang.Object, java.lang.Object, java.lang.Object, java.lang.Object, java.lang.Object, java.lang.Object)'> (0x000000008970abf0) 
thrown [s\src\hotspot\share\interpreter\l
Event: 32.704 Thread 0x0000020ea08da710 Exception <a 'sun/nio/fs/WindowsException'{0x000000008d41ebd0}> (0x000000008d41ebd0) 
thrown [s\src\hotspot\share\prims\jni.cpp, line 537]
Event: 32.704 Thread 0x0000020ea08da710 Exception <a 'sun/nio/fs/WindowsException'{0x000000008d420ce0}> (0x000000008d420ce0) 
thrown [s\src\hotspot\share\prims\jni.cpp, line 537]
Event: 33.360 Thread 0x0000020ea08da710 Exception <a 'sun/nio/fs/WindowsException'{0x000000008f902438}> (0x000000008f902438) 
thrown [s\src\hotspot\share\prims\jni.cpp, line 537]
Event: 33.364 Thread 0x0000020ea08da710 Exception <a 'sun/nio/fs/WindowsException'{0x000000008f904110}> (0x000000008f904110) 
thrown [s\src\hotspot\share\prims\jni.cpp, line 537]
Event: 33.375 Thread 0x0000020ea08da710 Exception <a 'sun/nio/fs/WindowsException'{0x000000008f912140}> (0x000000008f912140) 
thrown [s\src\hotspot\share\prims\jni.cpp, line 537]
Event: 33.383 Thread 0x0000020ea08da710 Exception <a 'sun/nio/fs/WindowsException'{0x000000008f91ad08}> (0x000000008f91ad08) 
thrown [s\src\hotspot\share\prims\jni.cpp, line 537]
Event: 33.398 Thread 0x0000020ea08da710 Exception <a 'sun/nio/fs/WindowsException'{0x000000008f9242a8}> (0x000000008f9242a8) 
thrown [s\src\hotspot\share\prims\jni.cpp, line 537]
Event: 33.778 Thread 0x0000020ea08da710 Exception <a 'java/lang/NoSuchMethodError'{0x000000008f77b658}: static Lorg/gradle/api/internal/catalog/DefaultVersionCatalog;.<clinit>()V> (0x000000008f77b658) 
thrown [s\src\hotspot\share\prims\jni.cpp, line 1144]
Event: 33.789 Thread 0x0000020ea08da710 Exception <a 'java/lang/NoSuchMethodError'{0x000000008f7b9090}: static [Ljava/lang/Object;.<clinit>()V> (0x000000008f7b9090) 
thrown [s\src\hotspot\share\prims\jni.cpp, line 1144]
Event: 33.797 Thread 0x0000020ea08da710 Exception <a 'java/lang/NoSuchMethodError'{0x000000008f7e3bd8}: static Lorg/gradle/api/internal/catalog/DependencyModel;.<clinit>()V> (0x000000008f7e3bd8) 
thrown [s\src\hotspot\share\prims\jni.cpp, line 1144]
Event: 33.798 Thread 0x0000020ea08da710 Exception <a 'java/lang/NoSuchMethodError'{0x000000008f7e7c10}: static Lorg/gradle/api/internal/catalog/AbstractContextAwareModel;.<clinit>()V> (0x000000008f7e7c10) 
thrown [s\src\hotspot\share\prims\jni.cpp, line 1144]
Event: 33.802 Thread 0x0000020ea08da710 Exception <a 'java/lang/NoSuchMethodError'{0x000000008f6036d8}: static Lorg/gradle/api/internal/artifacts/dependencies/AbstractVersionConstraint;.<clinit>()V> (0x000000008f6036d8) 
thrown [s\src\hotspot\share\prims\jni.cpp, line 1144]
Event: 33.820 Thread 0x0000020ea08da710 Exception <a 'java/lang/NoSuchMethodError'{0x000000008f65a050}: static Lorg/gradle/api/internal/catalog/PluginModel;.<clinit>()V> (0x000000008f65a050) 
thrown [s\src\hotspot\share\prims\jni.cpp, line 1144]
Event: 33.826 Thread 0x0000020ea08da710 Exception <a 'java/lang/NoSuchMethodError'{0x000000008f6732c8}: static Lorg/gradle/api/internal/catalog/VersionModel;.<clinit>()V> (0x000000008f6732c8) 
thrown [s\src\hotspot\share\prims\jni.cpp, line 1144]
Event: 34.114 Thread 0x0000020ea08da710 Exception <a 'java/lang/NoSuchMethodError'{0x000000008f2602c0}: 'int java.lang.invoke.DirectMethodHandle$Holder.invokeSpecialIFC(java.lang.Object, java.lang.Object, java.lang.Object)'> (0x000000008f2602c0) 
thrown [s\src\hotspot\share\interpreter\linkResolver.cpp, line 784]
Event: 34.325 Thread 0x0000020ea08da710 Exception <a 'java/lang/NoSuchMethodError'{0x000000008eff23e0}: 'void java.lang.invoke.DirectMethodHandle$Holder.invokeStatic(java.lang.Object, java.lang.Object, java.lang.Object, int, java.lang.Object)'> (0x000000008eff23e0) 
thrown [s\src\hotspot\share\interpreter\linkResolver.cpp, line 784]
Event: 34.360 Thread 0x0000020ea08da710 Implicit null exception at 0x0000020e8dc14ba0 to 0x0000020e8dc14e0c

ZGC Phase Switch (0 events):
No events

VM Operations (20 events):
Event: 32.501 Executing VM operation: G1CollectForAllocation (G1 Evacuation Pause) done
Event: 32.664 Executing VM operation: HandshakeAllThreads (Deoptimize)
Event: 32.664 Executing VM operation: HandshakeAllThreads (Deoptimize) done
Event: 32.806 Executing VM operation: ICBufferFull
Event: 32.806 Executing VM operation: ICBufferFull done
Event: 32.809 Executing VM operation: G1TryInitiateConcMark (G1 Humongous Allocation)
Event: 32.818 Executing VM operation: G1TryInitiateConcMark (G1 Humongous Allocation) done
Event: 32.866 Executing VM operation: G1PauseRemark
Event: 32.870 Executing VM operation: G1PauseRemark done
Event: 32.894 Executing VM operation: G1PauseCleanup
Event: 32.894 Executing VM operation: G1PauseCleanup done
Event: 33.057 Executing VM operation: ICBufferFull
Event: 33.057 Executing VM operation: ICBufferFull done
Event: 33.150 Executing VM operation: ICBufferFull
Event: 33.150 Executing VM operation: ICBufferFull done
Event: 33.337 Executing VM operation: G1CollectForAllocation (G1 Evacuation Pause)
Event: 33.351 Executing VM operation: G1CollectForAllocation (G1 Evacuation Pause) done
Event: 34.353 Executing VM operation: Cleanup
Event: 34.353 Executing VM operation: Cleanup done
Event: 35.364 Executing VM operation: Cleanup

Memory protections (0 events):
No events

Nmethod flushes (20 events):
Event: 32.869 Thread 0x0000020e9a748810 flushing  nmethod 0x0000020e8620ef10
Event: 32.869 Thread 0x0000020e9a748810 flushing  nmethod 0x0000020e8626af90
Event: 32.869 Thread 0x0000020e9a748810 flushing  nmethod 0x0000020e86625290
Event: 32.869 Thread 0x0000020e9a748810 flushing  nmethod 0x0000020e86778d90
Event: 32.869 Thread 0x0000020e9a748810 flushing  nmethod 0x0000020e8680a190
Event: 32.869 Thread 0x0000020e9a748810 flushing  nmethod 0x0000020e86a97290
Event: 32.869 Thread 0x0000020e9a748810 flushing  nmethod 0x0000020e8d945e90
Event: 32.869 Thread 0x0000020e9a748810 flushing  nmethod 0x0000020e8dab7d90
Event: 32.869 Thread 0x0000020e9a748810 flushing  nmethod 0x0000020e8dab9010
Event: 32.869 Thread 0x0000020e9a748810 flushing  nmethod 0x0000020e8daccc10
Event: 32.869 Thread 0x0000020e9a748810 flushing  nmethod 0x0000020e85c7bb90
Event: 32.869 Thread 0x0000020e9a748810 flushing  nmethod 0x0000020e85de1510
Event: 32.869 Thread 0x0000020e9a748810 flushing  nmethod 0x0000020e85fff910
Event: 32.869 Thread 0x0000020e9a748810 flushing  nmethod 0x0000020e8607a890
Event: 32.869 Thread 0x0000020e9a748810 flushing  nmethod 0x0000020e8607d010
Event: 32.869 Thread 0x0000020e9a748810 flushing  nmethod 0x0000020e86082390
Event: 32.869 Thread 0x0000020e9a748810 flushing  nmethod 0x0000020e866c6990
Event: 32.869 Thread 0x0000020e9a748810 flushing  nmethod 0x0000020e8676d710
Event: 32.869 Thread 0x0000020e9a748810 flushing  nmethod 0x0000020e869a6e10
Event: 32.869 Thread 0x0000020e9a748810 flushing  nmethod 0x0000020e86ab3910

Events (20 events):
Event: 25.365 Thread 0x0000020e9a7ccd70 Thread added: 0x0000020eadcff700
Event: 25.510 Thread 0x0000020eadcff700 Thread exited: 0x0000020eadcff700
Event: 26.032 Thread 0x0000020e9a7ccd70 Thread added: 0x0000020eadd02d80
Event: 26.710 Thread 0x0000020eadd02d80 Thread exited: 0x0000020eadd02d80
Event: 27.157 Thread 0x0000020e9a7ccd70 Thread added: 0x0000020eadd01240
Event: 27.158 Thread 0x0000020e9a7ccd70 Thread added: 0x0000020eadd01fe0
Event: 27.503 Thread 0x0000020eadd01fe0 Thread exited: 0x0000020eadd01fe0
Event: 27.518 Thread 0x0000020eadd01240 Thread exited: 0x0000020eadd01240
Event: 27.564 Thread 0x0000020e9a7ccd70 Thread added: 0x0000020eadcff700
Event: 29.134 Thread 0x0000020e9a7ccd70 Thread added: 0x0000020eadcffdd0
Event: 29.914 Thread 0x0000020eadcffdd0 Thread exited: 0x0000020eadcffdd0
Event: 30.140 Thread 0x0000020eadcff700 Thread exited: 0x0000020eadcff700
Event: 30.934 Thread 0x0000020e9a7c92d0 Thread added: 0x0000020eadd03b20
Event: 31.286 Thread 0x0000020eadd03b20 Thread exited: 0x0000020eadd03b20
Event: 31.893 Thread 0x0000020e9a7ccd70 Thread added: 0x0000020eadd03b20
Event: 32.026 Thread 0x0000020eadd03b20 Thread exited: 0x0000020eadd03b20
Event: 32.503 Thread 0x0000020ea08da710 Thread added: 0x0000020ea46c09f0
Event: 32.714 Thread 0x0000020e9a7ccd70 Thread added: 0x0000020eadd041f0
Event: 32.724 Thread 0x0000020e9a7ccd70 Thread added: 0x0000020eadd00b70
Event: 35.411 Thread 0x0000020eadd00b70 Thread exited: 0x0000020eadd00b70


Dynamic libraries:
0x00007ff6e3df0000 - 0x00007ff6e3dfa000 	C:\Program Files\Android\Android Studio\jbr\bin\java.exe
0x00007ff9cbca0000 - 0x00007ff9cbf07000 	C:\Windows\SYSTEM32\ntdll.dll
0x00007ff9cac80000 - 0x00007ff9cad49000 	C:\Windows\System32\KERNEL32.DLL
0x00007ff9c9440000 - 0x00007ff9c9830000 	C:\Windows\System32\KERNELBASE.dll
0x00007ff9c8e60000 - 0x00007ff9c8fab000 	C:\Windows\System32\ucrtbase.dll
0x00007ff9a40c0000 - 0x00007ff9a40d8000 	C:\Program Files\Android\Android Studio\jbr\bin\jli.dll
0x00007ff9a3fc0000 - 0x00007ff9a3fdb000 	C:\Program Files\Android\Android Studio\jbr\bin\VCRUNTIME140.dll
0x00007ff9ca240000 - 0x00007ff9ca405000 	C:\Windows\System32\USER32.dll
0x00007ff9c9370000 - 0x00007ff9c9397000 	C:\Windows\System32\win32u.dll
0x00007ff9ab2f0000 - 0x00007ff9ab58a000 	C:\Windows\WinSxS\amd64_microsoft.windows.common-controls_6595b64144ccf1df_6.0.26100.4768_none_3e0c112ce331287c\COMCTL32.dll
0x00007ff9cba40000 - 0x00007ff9cba6b000 	C:\Windows\System32\GDI32.dll
0x00007ff9c98f0000 - 0x00007ff9c9a28000 	C:\Windows\System32\gdi32full.dll
0x00007ff9cad60000 - 0x00007ff9cae09000 	C:\Windows\System32\msvcrt.dll
0x00007ff9c9840000 - 0x00007ff9c98e3000 	C:\Windows\System32\msvcp_win.dll
0x00007ff9cb280000 - 0x00007ff9cb2af000 	C:\Windows\System32\IMM32.DLL
0x00007ff9b6ac0000 - 0x00007ff9b6acc000 	C:\Program Files\Android\Android Studio\jbr\bin\vcruntime140_1.dll
0x00007ff985570000 - 0x00007ff9855fd000 	C:\Program Files\Android\Android Studio\jbr\bin\msvcp140.dll
0x00007ff9444d0000 - 0x00007ff94515e000 	C:\Program Files\Android\Android Studio\jbr\bin\server\jvm.dll
0x00007ff9c9c60000 - 0x00007ff9c9d14000 	C:\Windows\System32\ADVAPI32.dll
0x00007ff9caea0000 - 0x00007ff9caf46000 	C:\Windows\System32\sechost.dll
0x00007ff9caf50000 - 0x00007ff9cb068000 	C:\Windows\System32\RPCRT4.dll
0x00007ff9cb750000 - 0x00007ff9cb7c4000 	C:\Windows\System32\WS2_32.dll
0x00007ff9c8c30000 - 0x00007ff9c8c8e000 	C:\Windows\SYSTEM32\POWRPROF.dll
0x00007ff9bb6f0000 - 0x00007ff9bb6fb000 	C:\Windows\SYSTEM32\VERSION.dll
0x00007ff9ac210000 - 0x00007ff9ac245000 	C:\Windows\SYSTEM32\WINMM.dll
0x00007ff9c8c10000 - 0x00007ff9c8c24000 	C:\Windows\SYSTEM32\UMPDC.dll
0x00007ff9c7b20000 - 0x00007ff9c7b3b000 	C:\Windows\SYSTEM32\kernel.appcore.dll
0x00007ff9a4030000 - 0x00007ff9a403a000 	C:\Program Files\Android\Android Studio\jbr\bin\jimage.dll
0x00007ff9ab700000 - 0x00007ff9ab941000 	C:\Windows\SYSTEM32\DBGHELP.DLL
0x00007ff9c9e30000 - 0x00007ff9ca1b5000 	C:\Windows\System32\combase.dll
0x00007ff9cbb70000 - 0x00007ff9cbc50000 	C:\Windows\System32\OLEAUT32.dll
0x00007ff99ace0000 - 0x00007ff99ad23000 	C:\Windows\SYSTEM32\dbgcore.DLL
0x00007ff9c93a0000 - 0x00007ff9c9439000 	C:\Windows\System32\bcryptPrimitives.dll
0x00007ff9c3130000 - 0x00007ff9c313e000 	C:\Program Files\Android\Android Studio\jbr\bin\instrument.dll
0x00007ff9a3fa0000 - 0x00007ff9a3fc0000 	C:\Program Files\Android\Android Studio\jbr\bin\java.dll
0x00007ff9a3f80000 - 0x00007ff9a3f98000 	C:\Program Files\Android\Android Studio\jbr\bin\zip.dll
0x00007ff9ca4c0000 - 0x00007ff9cac0d000 	C:\Windows\System32\SHELL32.dll
0x00007ff9c9130000 - 0x00007ff9c92a3000 	C:\Windows\System32\wintypes.dll
0x00007ff9c6990000 - 0x00007ff9c71f0000 	C:\Windows\SYSTEM32\windows.storage.dll
0x00007ff9c9d30000 - 0x00007ff9c9e25000 	C:\Windows\System32\SHCORE.dll
0x00007ff9cb1f0000 - 0x00007ff9cb25a000 	C:\Windows\System32\shlwapi.dll
0x00007ff9c8cf0000 - 0x00007ff9c8d19000 	C:\Windows\SYSTEM32\profapi.dll
0x00007ff9a3f70000 - 0x00007ff9a3f80000 	C:\Program Files\Android\Android Studio\jbr\bin\net.dll
0x00007ff9c13d0000 - 0x00007ff9c14ee000 	C:\Windows\SYSTEM32\WINHTTP.dll
0x00007ff9c80c0000 - 0x00007ff9c812b000 	C:\Windows\system32\mswsock.dll
0x00007ff99a950000 - 0x00007ff99a966000 	C:\Program Files\Android\Android Studio\jbr\bin\nio.dll
0x00007ff99a430000 - 0x00007ff99a440000 	C:\Program Files\Android\Android Studio\jbr\bin\verify.dll
0x00007ff99f0d0000 - 0x00007ff99f0f7000 	C:\Users\deepa\.gradle\native\1def1411415f61bf3af743bc5b6707747c0891f09f0c88961ee8f79bc544acac\windows-amd64\native-platform.dll
0x00007ff991f90000 - 0x00007ff992008000 	C:\Users\deepa\.gradle\native\0.2.7\x86_64-windows-gnu\gradle-fileevents.dll
0x00007ff99acb0000 - 0x00007ff99acb9000 	C:\Program Files\Android\Android Studio\jbr\bin\management.dll
0x00007ff99a870000 - 0x00007ff99a87b000 	C:\Program Files\Android\Android Studio\jbr\bin\management_ext.dll
0x00007ff9cac70000 - 0x00007ff9cac78000 	C:\Windows\System32\PSAPI.DLL
0x00007ff9c7500000 - 0x00007ff9c7533000 	C:\Windows\SYSTEM32\IPHLPAPI.DLL
0x00007ff9cb1e0000 - 0x00007ff9cb1ea000 	C:\Windows\System32\NSI.dll
0x00007ff99ee90000 - 0x00007ff99ee99000 	C:\Program Files\Android\Android Studio\jbr\bin\extnet.dll
0x00007ff9c83a0000 - 0x00007ff9c83bb000 	C:\Windows\SYSTEM32\CRYPTSP.dll
0x00007ff9c7a70000 - 0x00007ff9c7aab000 	C:\Windows\system32\rsaenh.dll
0x00007ff9c8160000 - 0x00007ff9c818b000 	C:\Windows\SYSTEM32\USERENV.dll
0x00007ff9c8cc0000 - 0x00007ff9c8ce6000 	C:\Windows\SYSTEM32\bcrypt.dll
0x00007ff9c83c0000 - 0x00007ff9c83cc000 	C:\Windows\SYSTEM32\CRYPTBASE.dll
0x00007ff996cc0000 - 0x00007ff996cc8000 	C:\Windows\system32\wshunix.dll

dbghelp: loaded successfully - version: 4.0.5 - missing functions: none
symbol engine: initialized successfully - sym options: 0x614 - pdb path: .;C:\Program Files\Android\Android Studio\jbr\bin;C:\Windows\SYSTEM32;C:\Windows\WinSxS\amd64_microsoft.windows.common-controls_6595b64144ccf1df_6.0.26100.4768_none_3e0c112ce331287c;C:\Program Files\Android\Android Studio\jbr\bin\server;C:\Users\deepa\.gradle\native\1def1411415f61bf3af743bc5b6707747c0891f09f0c88961ee8f79bc544acac\windows-amd64;C:\Users\deepa\.gradle\native\0.2.7\x86_64-windows-gnu

VM Arguments:
jvm_args: --add-opens=java.base/java.lang=ALL-UNNAMED --add-opens=java.base/java.lang.invoke=ALL-UNNAMED --add-opens=java.base/java.util=ALL-UNNAMED --add-opens=java.prefs/java.util.prefs=ALL-UNNAMED --add-exports=jdk.compiler/com.sun.tools.javac.api=ALL-UNNAMED --add-exports=jdk.compiler/com.sun.tools.javac.util=ALL-UNNAMED --add-opens=java.base/java.util=ALL-UNNAMED --add-opens=java.prefs/java.util.prefs=ALL-UNNAMED --add-opens=java.base/java.nio.charset=ALL-UNNAMED --add-opens=java.base/java.net=ALL-UNNAMED --add-opens=java.base/java.util.concurrent.atomic=ALL-UNNAMED --add-opens=java.xml/javax.xml.namespace=ALL-UNNAMED -Xmx2048m -Dfile.encoding=UTF-8 -Duser.country=US -Duser.language=en -Duser.variant -javaagent:C:\Users\deepa\.gradle\wrapper\dists\gradle-8.13-bin\5xuhj0ry160q40clulazy9h7d\gradle-8.13\lib\agents\gradle-instrumentation-agent-8.13.jar 
java_command: org.gradle.launcher.daemon.bootstrap.GradleDaemon 8.13
java_class_path (initial): C:\Users\deepa\.gradle\wrapper\dists\gradle-8.13-bin\5xuhj0ry160q40clulazy9h7d\gradle-8.13\lib\gradle-daemon-main-8.13.jar
Launcher Type: SUN_STANDARD

[Global flags]
     intx CICompilerCount                          = 4                                         {product} {ergonomic}
     uint ConcGCThreads                            = 3                                         {product} {ergonomic}
     uint G1ConcRefinementThreads                  = 10                                        {product} {ergonomic}
   size_t G1HeapRegionSize                         = 1048576                                   {product} {ergonomic}
    uintx GCDrainStackTargetSize                   = 64                                        {product} {ergonomic}
   size_t InitialHeapSize                          = 132120576                                 {product} {ergonomic}
   size_t MarkStackSize                            = 4194304                                   {product} {ergonomic}
   size_t MaxHeapSize                              = 2147483648                                {product} {command line}
   size_t MaxNewSize                               = 1287651328                                {product} {ergonomic}
   size_t MinHeapDeltaBytes                        = 1048576                                   {product} {ergonomic}
   size_t MinHeapSize                              = 8388608                                   {product} {ergonomic}
    uintx NonNMethodCodeHeapSize                   = 5839372                                {pd product} {ergonomic}
    uintx NonProfiledCodeHeapSize                  = 122909434                              {pd product} {ergonomic}
    uintx ProfiledCodeHeapSize                     = 122909434                              {pd product} {ergonomic}
    uintx ReservedCodeCacheSize                    = 251658240                              {pd product} {ergonomic}
     bool SegmentedCodeCache                       = true                                      {product} {ergonomic}
   size_t SoftMaxHeapSize                          = 2147483648                             {manageable} {ergonomic}
     bool UseCompressedOops                        = true                           {product lp64_product} {ergonomic}
     bool UseG1GC                                  = true                                      {product} {ergonomic}
     bool UseLargePagesIndividualAllocation        = false                                  {pd product} {ergonomic}

Logging:
Log output configuration:
 #0: stdout all=warning uptime,level,tags foldmultilines=false
 #1: stderr all=off uptime,level,tags foldmultilines=false

Environment Variables:
PATH=C:\Program Files\Common Files\Oracle\Java\javapath;C:\Windows\system32;C:\Windows;C:\Windows\System32\Wbem;C:\Windows\System32\WindowsPowerShell\v1.0\;C:\Windows\System32\OpenSSH\;C:\Program Files\dotnet\;C:\Program Files\Docker\Docker\resources\bin;C:\Program Files\Git\cmd;D:\Software Directory\;C:\ProgramData\chocolatey\bin;C:\Release-25.07.0-0\poppler-25.07.0\Library\bin;C:\Users\deepa\AppData\Local\Programs\Python\Launcher\;C:\Users\deepa\AppData\Local\Microsoft\WindowsApps;C:\Users\deepa\AppData\Local\GitHubDesktop\bin;D:\Software Directory\PyCharm 2025.1.1.1\bin;C:\Users\deepa\AppData\Roaming\Microsoft\Windows\Start Menu\Programs\Python 3.10;;D:\Software Directory\IntelliJ IDEA 2025.1.2\bin;;D:\Software Directory\cursor\resources\app\bin;D:\Software Directory\.jdks\ms-17.0.15;C:\Users\deepa\AppData\Local\Programs\Microsoft VS Code\bin;C:\Users\deepa\AppData\Roaming\npm;C:\poppler\Library\bin;C:\Release-25.07.0-0\poppler-25.07.0\Library\bin;C:\Program Files\Tesseract-OCR;
USERNAME=deepa
OS=Windows_NT
PROCESSOR_IDENTIFIER=Intel64 Family 6 Model 165 Stepping 2, GenuineIntel
TMP=C:\Users\deepa\AppData\Local\Temp
TEMP=C:\Users\deepa\AppData\Local\Temp




Periodic native trim disabled

JNI global refs:
JNI global refs: 28, weak refs: 0

JNI global refs memory usage: 835, weak refs: 833

Process memory usage:
Resident Set Size: 618396K (7% of 8206124K total physical memory with 656280K free physical memory)

OOME stack traces (most recent first):
Classloader memory used:
Loader org.gradle.internal.classloader.VisitableURLClassLoader                         : 100481K
Loader bootstrap                                                                       : 25699K
Loader org.gradle.initialization.MixInLegacyTypesClassLoader                           : 10391K
Loader org.gradle.internal.classloader.VisitableURLClassLoader                         : 962K
Loader org.gradle.internal.classloader.VisitableURLClassLoader$InstrumentingVisitableURLClassLoader: 729K
Loader jdk.internal.loader.ClassLoaders$PlatformClassLoader                            : 494K
Loader jdk.internal.jrtfs.JrtFileSystemProvider$JrtFsLoader                            : 340K
Loader jdk.internal.reflect.DelegatingClassLoader                                      : 252K
Loader jdk.internal.loader.ClassLoaders$AppClassLoader                                 : 235K
Loader org.gradle.groovy.scripts.internal.DefaultScriptCompilationHandler$ScriptClassLoader: 89200B
Loader org.codehaus.groovy.runtime.callsite.CallSiteClassLoader                        : 49752B

Classes loaded by more than one classloader:
Class org.gradle.api.GradleException                                                  : loaded 3 times (x 80B)
Class Program                                                                         : loaded 3 times (x 70B)
Class jdk.internal.jimage.BasicImageReader                                            : loaded 2 times (x 93B)
Class org.gradle.internal.classloader.ClassLoaderHierarchy                            : loaded 2 times (x 68B)
Class org.gradle.api.internal.classpath.ManifestUtil                                  : loaded 2 times (x 69B)
Class org.jetbrains.plugins.gradle.model.GradleExtensions                             : loaded 2 times (x 68B)
Class org.jetbrains.plugins.gradle.model.AnnotationProcessingModel                    : loaded 2 times (x 68B)
Class jdk.internal.jimage.decompressor.StringSharingDecompressorFactory               : loaded 2 times (x 72B)
Class org.gradle.internal.operations.MultipleBuildOperationFailures                   : loaded 2 times (x 93B)
Class org.gradle.internal.classloader.DefaultClassLoaderFactory                       : loaded 2 times (x 80B)
Class kotlin.collections.AbstractList$Companion                                       : loaded 2 times (x 69B)
Class org.gradle.internal.classloader.ClassLoaderVisitor                              : loaded 2 times (x 74B)
Class org.gradle.api.internal.classpath.EffectiveClassPath                            : loaded 2 times (x 88B)
Class org.gradle.tooling.internal.gradle.DefaultProjectIdentifier                     : loaded 2 times (x 84B)
Class org.gradle.api.internal.DefaultClassPathProvider                                : loaded 2 times (x 74B)
Class [Lorg.gradle.api.internal.ClassPathProvider;                                    : loaded 2 times (x 67B)
Class org.gradle.api.internal.ClassPathProvider                                       : loaded 2 times (x 68B)
Class jdk.internal.jrtfs.SystemImage                                                  : loaded 2 times (x 72B)
Class org.gradle.internal.service.UnknownServiceException                             : loaded 2 times (x 81B)
Class org.jetbrains.kotlin.idea.gradleTooling.KotlinDslScriptAdditionalTask           : loaded 2 times (x 68B)
Class org.gradle.internal.classpath.TransformedClassPath                              : loaded 2 times (x 94B)
Class org.gradle.internal.classloader.InstrumentingClassLoader                        : loaded 2 times (x 68B)
Class jdk.internal.jrtfs.SystemImage$1                                                : loaded 2 times (x 76B)
Class kotlin.enums.EnumEntriesList                                                    : loaded 2 times (x 221B)
Class jdk.internal.jrtfs.SystemImage$2                                                : loaded 2 times (x 74B)
Class org.jetbrains.kotlin.idea.gradleTooling.KotlinSourceSetContainer                : loaded 2 times (x 68B)
Class org.gradle.internal.classloader.FilteringClassLoader                            : loaded 2 times (x 103B)
Class org.gradle.internal.service.ServiceLocator                                      : loaded 2 times (x 68B)
Class jdk.internal.jrtfs.JrtFileSystemProvider                                        : loaded 2 times (x 99B)
Class org.gradle.tooling.model.UnsupportedMethodException                             : loaded 2 times (x 80B)
Class com.intellij.compose.ide.plugin.gradleTooling.rt.ComposeResourcesModel          : loaded 2 times (x 68B)
Class jdk.internal.jimage.ImageLocation                                               : loaded 2 times (x 88B)
Class jdk.internal.jrtfs.JrtDirectoryStream$1                                         : loaded 2 times (x 81B)
Class org.gradle.internal.InternalTransformer                                         : loaded 2 times (x 68B)
Class jdk.internal.jimage.ImageBufferCache$1                                          : loaded 2 times (x 81B)
Class org.gradle.internal.time.DefaultTimer                                           : loaded 2 times (x 78B)
Class org.gradle.internal.classloader.ClasspathUtil$1                                 : loaded 2 times (x 74B)
Class jdk.internal.jimage.ImageBufferCache$2                                          : loaded 2 times (x 89B)
Class sync_studio_tooling6_7q3lrtc8gshgcz2j4olhljur6                                  : loaded 2 times (x 177B)
Class org.gradle.api.internal.classpath.DefaultModuleRegistry$DefaultModule           : loaded 2 times (x 84B)
Class org.gradle.internal.time.DefaultCountdownTimer                                  : loaded 2 times (x 86B)
Class org.gradle.tooling.internal.gradle.DefaultBuildIdentifier                       : loaded 2 times (x 77B)
Class kotlin.Function                                                                 : loaded 2 times (x 68B)
Class org.gradle.api.internal.classpath.Module                                        : loaded 2 times (x 68B)
Class org.gradle.api.internal.classpath.UnknownModuleException                        : loaded 2 times (x 80B)
Class jdk.internal.jimage.ImageHeader                                                 : loaded 2 times (x 69B)
Class com.intellij.openapi.externalSystem.model.project.dependencies.ProjectDependencies: loaded 2 times (x 68B)
Class org.gradle.tooling.internal.gradle.GradleProjectIdentity                        : loaded 2 times (x 68B)
Class org.gradle.api.internal.DefaultClassPathRegistry                                : loaded 2 times (x 74B)
Class org.gradle.api.internal.ClassPathRegistry                                       : loaded 2 times (x 68B)
Class org.gradle.internal.classpath.DefaultClassPath$ImmutableUniqueList              : loaded 2 times (x 197B)
Class jdk.internal.jimage.decompressor.ResourceDecompressor                           : loaded 2 times (x 68B)
Class org.jetbrains.plugins.gradle.model.IntelliJSettings                             : loaded 2 times (x 68B)
Class Settings_gradle$1                                                               : loaded 2 times (x 72B)
Class org.gradle.internal.classpath.ClassPath                                         : loaded 2 times (x 68B)
Class org.gradle.api.UncheckedIOException                                             : loaded 2 times (x 80B)
Class org.jetbrains.kotlin.idea.gradleTooling.KotlinGradleModel                       : loaded 2 times (x 68B)
Class jdk.internal.jimage.ImageStringsReader                                          : loaded 2 times (x 78B)
Class org.gradle.tooling.model.Model                                                  : loaded 2 times (x 68B)
Class kotlin.UninitializedPropertyAccessException                                     : loaded 2 times (x 80B)
Class jdk.internal.jimage.ImageReader                                                 : loaded 2 times (x 73B)
Class org.jetbrains.plugins.gradle.model.IntelliJProjectSettings                      : loaded 2 times (x 68B)
Class jdk.internal.jimage.ImageReader$SharedImageReader                               : loaded 2 times (x 93B)
Class org.gradle.internal.installation.GradleInstallation$1                           : loaded 2 times (x 73B)
Class org.gradle.api.internal.classpath.ModuleRegistry                                : loaded 2 times (x 68B)
Class jdk.internal.jimage.decompressor.ResourceDecompressorFactory                    : loaded 2 times (x 72B)
Class org.jetbrains.plugins.gradle.model.VersionCatalogsModel                         : loaded 2 times (x 68B)
Class jdk.internal.jimage.ImageReader$Node                                            : loaded 2 times (x 82B)
Class org.gradle.api.internal.classpath.DefaultModuleRegistry                         : loaded 2 times (x 84B)
Class jdk.internal.jimage.BasicImageReader$1                                          : loaded 2 times (x 75B)
Class jdk.internal.jimage.decompressor.Decompressor                                   : loaded 2 times (x 70B)
Class jdk.internal.jimage.ImageReader$Resource                                        : loaded 2 times (x 82B)
Class org.gradle.internal.time.MonotonicClock                                         : loaded 2 times (x 75B)
Class org.gradle.internal.service.ServiceLookupException                              : loaded 2 times (x 80B)
Class jdk.internal.jrtfs.JrtFileAttributes                                            : loaded 2 times (x 81B)
Class org.gradle.internal.classloader.ClassLoaderFactory                              : loaded 2 times (x 68B)
Class org.gradle.internal.service.CachingServiceLocator                               : loaded 2 times (x 80B)
Class org.jetbrains.plugins.gradle.model.RepositoryModels                             : loaded 2 times (x 68B)
Class org.gradle.internal.time.TimeSource                                             : loaded 2 times (x 68B)
Class org.gradle.tooling.internal.gradle.GradleBuildIdentity                          : loaded 2 times (x 68B)
Class kotlin.enums.EnumEntries                                                        : loaded 2 times (x 68B)
Class org.gradle.internal.exceptions.ResolutionProvider                               : loaded 2 times (x 68B)
Class jdk.internal.jimage.ImageBufferCache                                            : loaded 2 times (x 69B)
Class jdk.internal.jrtfs.JrtPath                                                      : loaded 2 times (x 116B)
Class org.gradle.tooling.model.ProjectIdentifier                                      : loaded 2 times (x 68B)
Class org.gradle.internal.classloader.ClasspathUtil                                   : loaded 2 times (x 69B)
Class org.gradle.internal.time.TimeSource$1                                           : loaded 2 times (x 75B)
Class kotlin.jvm.internal.DefaultConstructorMarker                                    : loaded 2 times (x 69B)
Class org.gradle.api.specs.Spec                                                       : loaded 2 times (x 68B)
Class jdk.internal.jimage.ImageReader$SharedImageReader$LocationVisitor               : loaded 2 times (x 68B)
Class jdk.internal.jimage.decompressor.ResourceDecompressorRepository                 : loaded 2 times (x 69B)
Class org.gradle.internal.time.Clock                                                  : loaded 2 times (x 68B)
Class jdk.internal.jimage.ImageReader$Directory                                       : loaded 2 times (x 82B)
Class kotlin.collections.AbstractList                                                 : loaded 2 times (x 195B)
Class kotlin.collections.AbstractCollection                                           : loaded 2 times (x 115B)
Class org.gradle.internal.classloader.VisitableURLClassLoader$InstrumentingVisitableURLClassLoader: loaded 2 times (x 121B)
Class org.gradle.internal.classloader.VisitableURLClassLoader$Spec                    : loaded 2 times (x 72B)
Class org.gradle.internal.classpath.DefaultClassPath                                  : loaded 2 times (x 88B)
Class jdk.internal.jimage.decompressor.ZipDecompressorFactory                         : loaded 2 times (x 72B)
Class org.gradle.internal.classloader.ClassLoaderSpec                                 : loaded 2 times (x 69B)
Class Settings_gradle$1$1                                                             : loaded 2 times (x 72B)
Class kotlin.Unit                                                                     : loaded 2 times (x 69B)
Class org.gradle.internal.classloader.VisitableURLClassLoader                         : loaded 2 times (x 115B)
Class Settings_gradle                                                                 : loaded 2 times (x 126B)
Class org.gradle.internal.Cast                                                        : loaded 2 times (x 69B)
Class org.gradle.api.Action                                                           : loaded 2 times (x 68B)
Class jdk.internal.jimage.decompressor.ZipDecompressor                                : loaded 2 times (x 73B)
Class kotlin.jvm.functions.Function1                                                  : loaded 2 times (x 68B)
Class org.gradle.internal.classpath.DefaultClassPath$ImmutableUniqueList$Builder      : loaded 2 times (x 73B)
Class kotlin.NotImplementedError                                                      : loaded 2 times (x 80B)
Class org.gradle.internal.exceptions.NonGradleCauseExceptionsHolder                   : loaded 2 times (x 68B)
Class jdk.internal.jimage.ImageStrings                                                : loaded 2 times (x 68B)
Class org.jetbrains.plugins.gradle.tooling.ModelBuilderService$Parameter              : loaded 2 times (x 68B)
Class kotlin.enums.EnumEntriesKt                                                      : loaded 2 times (x 69B)
Class org.gradle.internal.IoActions                                                   : loaded 2 times (x 69B)
Class org.gradle.internal.classloader.SystemClassLoaderSpec                           : loaded 2 times (x 69B)
Class org.gradle.internal.exceptions.MultiCauseException                              : loaded 2 times (x 68B)
Class org.gradle.internal.time.CountdownTimer                                         : loaded 2 times (x 68B)
Class kotlin.jvm.internal.Intrinsics                                                  : loaded 2 times (x 69B)
Class jdk.internal.jrtfs.JrtFileSystem                                                : loaded 2 times (x 100B)
Class org.gradle.tooling.model.ProjectModel                                           : loaded 2 times (x 68B)
Class jdk.internal.jimage.decompressor.CompressedResourceHeader                       : loaded 2 times (x 69B)
Class ijInit4_9e9wun02wrtgced9b4r1shsg3                                               : loaded 2 times (x 177B)
Class kotlin.KotlinNullPointerException                                               : loaded 2 times (x 81B)
Class org.jetbrains.plugins.gradle.model.tests.ExternalTestsModel                     : loaded 2 times (x 68B)
Class org.gradle.internal.exceptions.DefaultMultiCauseException                       : loaded 2 times (x 93B)
Class org.gradle.internal.time.Time                                                   : loaded 2 times (x 69B)
Class org.jetbrains.plugins.gradle.model.DependencyAccessorsModel                     : loaded 2 times (x 68B)
Class org.gradle.api.internal.classpath.GlobalCacheRootsProvider                      : loaded 2 times (x 68B)
Class org.jetbrains.kotlin.idea.gradleTooling.KotlinMPPGradleModel                    : loaded 2 times (x 68B)
Class org.gradle.tooling.model.BuildIdentifier                                        : loaded 2 times (x 68B)
Class org.jetbrains.kotlin.idea.gradleTooling.PrepareKotlinIdeImportTaskModel         : loaded 2 times (x 68B)
Class org.gradle.internal.time.Timer                                                  : loaded 2 times (x 68B)
Class kotlin.jvm.internal.markers.KMappedMarker                                       : loaded 2 times (x 68B)
Class org.gradle.internal.installation.CurrentGradleInstallationLocator               : loaded 2 times (x 69B)
Class org.gradle.internal.service.DefaultServiceLocator                               : loaded 2 times (x 81B)
Class jdk.internal.jrtfs.JrtDirectoryStream                                           : loaded 2 times (x 87B)
Class org.gradle.util.GradleVersion                                                   : loaded 2 times (x 77B)
Class org.gradle.internal.installation.CurrentGradleInstallation                      : loaded 2 times (x 71B)
Class org.jetbrains.plugins.gradle.javaModel.JavaGradleManifestModel                  : loaded 2 times (x 68B)
Class org.gradle.util.internal.GUtil                                                  : loaded 2 times (x 69B)
Class org.gradle.internal.installation.GradleInstallation                             : loaded 2 times (x 73B)
Class jdk.internal.jimage.decompressor.ResourceDecompressor$StringsProvider           : loaded 2 times (x 68B)

---------------  S Y S T E M  ---------------

OS:
 Windows 11 , 64 bit Build 26100 (10.0.26100.4768)
OS uptime: 2 days 8:27 hours
Hyper-V role detected

CPU: total 12 (initial active 12) (6 cores per cpu, 2 threads per core) family 6 model 165 stepping 2 microcode 0xe2, cx8, cmov, fxsr, ht, mmx, 3dnowpref, sse, sse2, sse3, ssse3, sse4.1, sse4.2, popcnt, lzcnt, tsc, tscinvbit, avx, avx2, aes, erms, clmul, bmi1, bmi2, adx, fma, vzeroupper, clflush, clflushopt, hv, rdtscp, f16c
Processor Information for the first 12 processors :
  Max Mhz: 2496, Current Mhz: 2496, Mhz Limit: 2496

Memory: 4k page, system-wide physical 8013M (639M free)
TotalPageFile size 32589M (AvailPageFile size 13M)
current process WorkingSet (physical memory assigned to process): 604M, peak: 607M
current process commit charge ("private bytes"): 644M, peak: 647M

vm_info: OpenJDK 64-Bit Server VM (21.0.7+-13880790-b1038.58) for windows-amd64 JRE (21.0.7+-13880790-b1038.58), built on 2025-08-04T20:56:21Z by "builder" with MS VC++ 16.10 / 16.11 (VS2019)

END.
