#
# There is insufficient memory for the Java Runtime Environment to continue.
# Native memory allocation (malloc) failed to allocate 1551216 bytes. Error detail: Chunk::new
# Possible reasons:
#   The system is out of physical RAM or swap space
#   This process is running with CompressedOops enabled, and the Java Heap may be blocking the growth of the native heap
# Possible solutions:
#   Reduce memory load on the system
#   Increase physical memory or swap space
#   Check if swap backing store is full
#   Decrease Java heap size (-Xmx/-Xms)
#   Decrease number of Java threads
#   Decrease Java thread stack sizes (-Xss)
#   Set larger code cache with -XX:ReservedCodeCacheSize=
#   JVM is running with Unscaled Compressed Oops mode in which the Java heap is
#     placed in the first 4GB address space. The Java Heap base address is the
#     maximum limit for the native heap growth. Please use -XX:HeapBaseMinAddress
#     to set the Java Heap base and to place the Java Heap above 4GB virtual address.
# This output file may be truncated or incomplete.
#
#  Out of Memory Error (arena.cpp:168), pid=4596, tid=1808
#
# JRE version: OpenJDK Runtime Environment (21.0.7) (build 21.0.7+-13880790-b1038.58)
# Java VM: OpenJDK 64-Bit Server VM (21.0.7+-13880790-b1038.58, mixed mode, tiered, compressed oops, compressed class ptrs, g1 gc, windows-amd64)
# No core dump will be written. Minidumps are not enabled by default on client versions of Windows
#

---------------  S U M M A R Y ------------

Command Line: --add-opens=java.base/java.lang=ALL-UNNAMED --add-opens=java.base/java.lang.invoke=ALL-UNNAMED --add-opens=java.base/java.util=ALL-UNNAMED --add-opens=java.prefs/java.util.prefs=ALL-UNNAMED --add-exports=jdk.compiler/com.sun.tools.javac.api=ALL-UNNAMED --add-exports=jdk.compiler/com.sun.tools.javac.util=ALL-UNNAMED --add-opens=java.base/java.util=ALL-UNNAMED --add-opens=java.prefs/java.util.prefs=ALL-UNNAMED --add-opens=java.base/java.nio.charset=ALL-UNNAMED --add-opens=java.base/java.net=ALL-UNNAMED --add-opens=java.base/java.util.concurrent.atomic=ALL-UNNAMED --add-opens=java.xml/javax.xml.namespace=ALL-UNNAMED -Xmx2048m -Dfile.encoding=UTF-8 -Duser.country=US -Duser.language=en -Duser.variant -javaagent:C:\Users\deepa\.gradle\wrapper\dists\gradle-8.13-bin\5xuhj0ry160q40clulazy9h7d\gradle-8.13\lib\agents\gradle-instrumentation-agent-8.13.jar org.gradle.launcher.daemon.bootstrap.GradleDaemon 8.13

Host: Intel(R) Core(TM) i5-10500H CPU @ 2.50GHz, 12 cores, 7G,  Windows 11 , 64 bit Build 26100 (10.0.26100.4768)
Time: Mon Sep  8 22:53:24 2025 W. Europe Daylight Time elapsed time: 1324.907379 seconds (0d 0h 22m 4s)

---------------  T H R E A D  ---------------

Current thread (0x00000179e6981990):  JavaThread "C2 CompilerThread1" daemon [_thread_in_native, id=1808, stack(0x00000040e9900000,0x00000040e9a00000) (1024K)]


Current CompileTask:
C2:1324907 39760       4       com.android.tools.r8.internal.r32::c (1731 bytes)

Stack: [0x00000040e9900000,0x00000040e9a00000]
Native frames: (J=compiled Java code, j=interpreted, Vv=VM code, C=native code)
V  [jvm.dll+0x6d25c9]
V  [jvm.dll+0x860923]
V  [jvm.dll+0x862e7e]
V  [jvm.dll+0x863563]
V  [jvm.dll+0x27f156]
V  [jvm.dll+0xc002d]
V  [jvm.dll+0xc0563]
V  [jvm.dll+0x3b6d01]
V  [jvm.dll+0x382c27]
V  [jvm.dll+0x38209a]
V  [jvm.dll+0x247e72]
V  [jvm.dll+0x247441]
V  [jvm.dll+0x1c5fb4]
V  [jvm.dll+0x256bac]
V  [jvm.dll+0x2550f6]
V  [jvm.dll+0x3f1d16]
V  [jvm.dll+0x808d08]
V  [jvm.dll+0x6d0e1d]
C  [ucrtbase.dll+0x37b0]
C  [KERNEL32.DLL+0x2e8d7]
C  [ntdll.dll+0x3c34c]


---------------  P R O C E S S  ---------------

Threads class SMR info:
_java_thread_list=0x00000179de1560d0, length=196, elements={
0x00000179bba556e0, 0x00000179d5a038c0, 0x00000179d5a07800, 0x00000179d5a1e3b0,
0x00000179d5a36300, 0x00000179d5a2d340, 0x00000179d5a3ed70, 0x00000179d5a3f900,
0x00000179d5a30bb0, 0x00000179d5a325d0, 0x00000179d5d5f780, 0x00000179db909e70,
0x00000179db8d2a60, 0x00000179da29e6f0, 0x00000179db9bdb30, 0x00000179db9bd4a0,
0x00000179db9be1c0, 0x00000179dd0f0560, 0x00000179dd0f2cc0, 0x00000179dd0f3350,
0x00000179dd0f39e0, 0x00000179dd0f0bf0, 0x00000179dd0f4070, 0x00000179dd0f1fa0,
0x00000179dd0f4700, 0x00000179dd0f2630, 0x00000179dd0f1280, 0x00000179dd0f4d90,
0x00000179dd0f1910, 0x00000179dd0f6140, 0x00000179dd0f5420, 0x00000179dd0f5ab0,
0x00000179da48cf20, 0x00000179e0bfb470, 0x00000179e54f0bf0, 0x00000179e6c525a0,
0x00000179ee747150, 0x00000179f001adb0, 0x00000179f001b440, 0x00000179f0017fc0,
0x00000179eda39710, 0x00000179eda39da0, 0x00000179eda3a430, 0x00000179eda39080,
0x00000179e05d4ef0, 0x00000179e05d5580, 0x00000179e67cc1e0, 0x00000179e67cbb50,
0x00000179e67cae30, 0x00000179e52a2a30, 0x00000179e04313d0, 0x00000179e042f300,
0x00000179e0430020, 0x00000179e042f990, 0x00000179e04320f0, 0x00000179e04306b0,
0x00000179e0430d40, 0x00000179e0431a60, 0x00000179e0432780, 0x00000179e5cb7be0,
0x00000179e5cb8f90, 0x00000179e54c7080, 0x00000179e553c8e0, 0x00000179e553a180,
0x00000179e5cb8900, 0x00000179e5cba9d0, 0x00000179e5cb8270, 0x00000179e553a810,
0x00000179e553c250, 0x00000179e5539460, 0x00000179e5539af0, 0x00000179e553aea0,
0x00000179e553b530, 0x00000179e553bbc0, 0x00000179e70b8fe0, 0x00000179e70b5b60,
0x00000179e70b61f0, 0x00000179e70b6880, 0x00000179e70b7c30, 0x00000179e70b6f10,
0x00000179e580e040, 0x00000179e580cc90, 0x00000179e580d320, 0x00000179e61070e0,
0x00000179e61056a0, 0x00000179e580d9b0, 0x00000179e6970270, 0x00000179e696eec0,
0x00000179e696fbe0, 0x00000179e696f550, 0x00000179e696cdf0, 0x00000179e05d4860,
0x00000179e02c43f0, 0x00000179e02c3d60, 0x00000179e6105010, 0x00000179e6107770,
0x00000179e6107e00, 0x00000179e6105d30, 0x00000179e61063c0, 0x00000179e6106a50,
0x00000179e67cb4c0, 0x00000179ed3160d0, 0x00000179ed316760, 0x00000179ed316df0,
0x00000179ed315a40, 0x00000179e5b5ac00, 0x00000179e5b5b290, 0x00000179db963a30,
0x00000179db9640c0, 0x00000179db960c40, 0x00000179db962680, 0x00000179db9612d0,
0x00000179db961ff0, 0x00000179f0018650, 0x00000179f001a720, 0x00000179f0018ce0,
0x00000179f0019370, 0x00000179f0019a00, 0x00000179e696e1a0, 0x00000179e696e830,
0x00000179e68b8c10, 0x00000179e68b7860, 0x00000179e68b8580, 0x00000179e68b92a0,
0x00000179e68b9930, 0x00000179e68b9fc0, 0x00000179e68ba650, 0x00000179e68bace0,
0x00000179e814aec0, 0x00000179e814c900, 0x00000179e814cf90, 0x00000179e696d480,
0x00000179e696db10, 0x00000179e6a55800, 0x00000179e70b82c0, 0x00000179e70b75a0,
0x00000179e70b8950, 0x00000179ed30eb80, 0x00000179ed30e4f0, 0x00000179ed30de60,
0x00000179ed30f210, 0x00000179ed30f8a0, 0x00000179e5b5b920, 0x00000179e5b5bfb0,
0x00000179e6e12cb0, 0x00000179e6e13340, 0x00000179db961960, 0x00000179e5e04270,
0x00000179e5e02ec0, 0x00000179e5e04900, 0x00000179e5e05620, 0x00000179e5e05cb0,
0x00000179e74d3e10, 0x00000179e6e139d0, 0x00000179dfdc8e50, 0x00000179dfdcb5b0,
0x00000179dfdca200, 0x00000179dfdc8130, 0x00000179dfdcbc40, 0x00000179dfdc87c0,
0x00000179dfdc94e0, 0x00000179dfdc9b70, 0x00000179e5e06340, 0x00000179f00eea80,
0x00000179f00ed040, 0x00000179f00ec9b0, 0x00000179e6e15410, 0x00000179e6e15aa0,
0x00000179e6a55e90, 0x00000179e6a53dc0, 0x00000179e6a54ae0, 0x00000179e6a56520,
0x00000179e6a55170, 0x00000179e6a530a0, 0x00000179ee014130, 0x00000179ee0154e0,
0x00000179ee012d80, 0x00000179ee012060, 0x00000179edfbe360, 0x00000179e54e2cd0,
0x00000179df7b8010, 0x00000179ef73b570, 0x00000179ef73a1c0, 0x00000179ef73c290,
0x00000179ef73bc00, 0x00000179ef73c920, 0x00000179ef7394a0, 0x00000179ef739b30,
0x00000179ef73a850, 0x00000179ef73aee0, 0x00000179edef2890, 0x00000179edef2200,
0x00000179edef2f20, 0x00000179edfbe9f0, 0x00000179e6981990, 0x00000179e6982060
}

Java Threads: ( => current thread )
  0x00000179bba556e0 JavaThread "main"                              [_thread_blocked, id=25980, stack(0x00000040dc800000,0x00000040dc900000) (1024K)]
  0x00000179d5a038c0 JavaThread "Common-Cleaner"             daemon [_thread_blocked, id=17164, stack(0x00000040dd000000,0x00000040dd100000) (1024K)]
  0x00000179d5a07800 JavaThread "Reference Handler"          daemon [_thread_blocked, id=23400, stack(0x00000040dd100000,0x00000040dd200000) (1024K)]
  0x00000179d5a1e3b0 JavaThread "Finalizer"                  daemon [_thread_blocked, id=8284, stack(0x00000040dd200000,0x00000040dd300000) (1024K)]
  0x00000179d5a36300 JavaThread "Signal Dispatcher"          daemon [_thread_blocked, id=8928, stack(0x00000040dd300000,0x00000040dd400000) (1024K)]
  0x00000179d5a2d340 JavaThread "Attach Listener"            daemon [_thread_blocked, id=21720, stack(0x00000040dd400000,0x00000040dd500000) (1024K)]
  0x00000179d5a3ed70 JavaThread "Service Thread"             daemon [_thread_blocked, id=16572, stack(0x00000040dd500000,0x00000040dd600000) (1024K)]
  0x00000179d5a3f900 JavaThread "Monitor Deflation Thread"   daemon [_thread_blocked, id=22220, stack(0x00000040dd600000,0x00000040dd700000) (1024K)]
  0x00000179d5a30bb0 JavaThread "C2 CompilerThread0"         daemon [_thread_in_native, id=18748, stack(0x00000040dd700000,0x00000040dd800000) (1024K)]
  0x00000179d5a325d0 JavaThread "C1 CompilerThread0"         daemon [_thread_blocked, id=19136, stack(0x00000040dd800000,0x00000040dd900000) (1024K)]
  0x00000179d5d5f780 JavaThread "Notification Thread"        daemon [_thread_blocked, id=14800, stack(0x00000040dd900000,0x00000040dda00000) (1024K)]
  0x00000179db909e70 JavaThread "Daemon health stats"               [_thread_blocked, id=21400, stack(0x00000040ddf00000,0x00000040de000000) (1024K)]
  0x00000179db8d2a60 JavaThread "Incoming local TCP Connector on port 57755"        [_thread_in_native, id=21612, stack(0x00000040dde00000,0x00000040ddf00000) (1024K)]
  0x00000179da29e6f0 JavaThread "Daemon periodic checks"            [_thread_blocked, id=25048, stack(0x00000040de000000,0x00000040de100000) (1024K)]
  0x00000179db9bdb30 JavaThread "Cache worker for journal cache (C:\Users\deepa\.gradle\caches\journal-1)"        [_thread_blocked, id=25128, stack(0x00000040df000000,0x00000040df100000) (1024K)]
  0x00000179db9bd4a0 JavaThread "File lock request listener"        [_thread_in_native, id=5812, stack(0x00000040df100000,0x00000040df200000) (1024K)]
  0x00000179db9be1c0 JavaThread "Cache worker for file hash cache (C:\Users\deepa\.gradle\caches\8.13\fileHashes)"        [_thread_blocked, id=19468, stack(0x00000040df200000,0x00000040df300000) (1024K)]
  0x00000179dd0f0560 JavaThread "File watcher server"        daemon [_thread_in_native, id=12960, stack(0x00000040df500000,0x00000040df600000) (1024K)]
  0x00000179dd0f2cc0 JavaThread "File watcher consumer"      daemon [_thread_blocked, id=2440, stack(0x00000040df600000,0x00000040df700000) (1024K)]
  0x00000179dd0f3350 JavaThread "jar transforms"                    [_thread_blocked, id=22524, stack(0x00000040df700000,0x00000040df800000) (1024K)]
  0x00000179dd0f39e0 JavaThread "jar transforms Thread 2"           [_thread_blocked, id=19788, stack(0x00000040df800000,0x00000040df900000) (1024K)]
  0x00000179dd0f0bf0 JavaThread "jar transforms Thread 3"           [_thread_blocked, id=24956, stack(0x00000040df900000,0x00000040dfa00000) (1024K)]
  0x00000179dd0f4070 JavaThread "jar transforms Thread 4"           [_thread_blocked, id=23528, stack(0x00000040dfa00000,0x00000040dfb00000) (1024K)]
  0x00000179dd0f1fa0 JavaThread "jar transforms Thread 5"           [_thread_blocked, id=12692, stack(0x00000040dfb00000,0x00000040dfc00000) (1024K)]
  0x00000179dd0f4700 JavaThread "jar transforms Thread 6"           [_thread_blocked, id=22584, stack(0x00000040dfc00000,0x00000040dfd00000) (1024K)]
  0x00000179dd0f2630 JavaThread "jar transforms Thread 7"           [_thread_blocked, id=26616, stack(0x00000040dfd00000,0x00000040dfe00000) (1024K)]
  0x00000179dd0f1280 JavaThread "jar transforms Thread 8"           [_thread_blocked, id=24308, stack(0x00000040dfe00000,0x00000040dff00000) (1024K)]
  0x00000179dd0f4d90 JavaThread "jar transforms Thread 9"           [_thread_blocked, id=8096, stack(0x00000040dff00000,0x00000040e0000000) (1024K)]
  0x00000179dd0f1910 JavaThread "jar transforms Thread 10"          [_thread_blocked, id=25064, stack(0x00000040e0000000,0x00000040e0100000) (1024K)]
  0x00000179dd0f6140 JavaThread "jar transforms Thread 11"          [_thread_blocked, id=17688, stack(0x00000040e0100000,0x00000040e0200000) (1024K)]
  0x00000179dd0f5420 JavaThread "jar transforms Thread 12"          [_thread_blocked, id=18936, stack(0x00000040e0200000,0x00000040e0300000) (1024K)]
  0x00000179dd0f5ab0 JavaThread "Cache worker for file content cache (C:\Users\deepa\.gradle\caches\8.13\fileContent)"        [_thread_blocked, id=21256, stack(0x00000040e0400000,0x00000040e0500000) (1024K)]
  0x00000179da48cf20 JavaThread "Memory manager"                    [_thread_blocked, id=22000, stack(0x00000040e3d00000,0x00000040e3e00000) (1024K)]
  0x00000179e0bfb470 JavaThread "pool-3-thread-1"                   [_thread_blocked, id=2084, stack(0x00000040dc500000,0x00000040dc600000) (1024K)]
  0x00000179e54f0bf0 JavaThread "pool-7-thread-1"                   [_thread_blocked, id=10932, stack(0x00000040de100000,0x00000040de200000) (1024K)]
  0x00000179e6c525a0 JavaThread "pool-10-thread-1"                  [_thread_blocked, id=6864, stack(0x00000040e2900000,0x00000040e2a00000) (1024K)]
  0x00000179ee747150 JavaThread "Daemon Thread 5"                   [_thread_blocked, id=24616, stack(0x00000040dc600000,0x00000040dc700000) (1024K)]
  0x00000179f001adb0 JavaThread "Handler for socket connection from /127.0.0.1:57755 to /127.0.0.1:65406"        [_thread_in_native, id=24084, stack(0x00000040dc700000,0x00000040dc800000) (1024K)]
  0x00000179f001b440 JavaThread "Cancel handler"                    [_thread_blocked, id=25244, stack(0x00000040de200000,0x00000040de300000) (1024K)]
  0x00000179f0017fc0 JavaThread "Daemon worker Thread 4"            [_thread_blocked, id=19076, stack(0x00000040de300000,0x00000040de400000) (1024K)]
  0x00000179eda39710 JavaThread "Asynchronous log dispatcher for DefaultDaemonConnection: socket connection from /127.0.0.1:57755 to /127.0.0.1:65406"        [_thread_blocked, id=23136, stack(0x00000040de400000,0x00000040de500000) (1024K)]
  0x00000179eda39da0 JavaThread "Stdin handler"                     [_thread_blocked, id=20936, stack(0x00000040de500000,0x00000040de600000) (1024K)]
  0x00000179eda3a430 JavaThread "Daemon client event forwarder"        [_thread_blocked, id=26668, stack(0x00000040de600000,0x00000040de700000) (1024K)]
  0x00000179eda39080 JavaThread "Cache worker for file hash cache (E:\Mob_Sys\MyApplication2\.gradle\8.13\fileHashes)"        [_thread_blocked, id=17576, stack(0x00000040de700000,0x00000040de800000) (1024K)]
  0x00000179e05d4ef0 JavaThread "Cache worker for Build Output Cleanup Cache (E:\Mob_Sys\MyApplication2\.gradle\buildOutputCleanup)"        [_thread_blocked, id=15380, stack(0x00000040def00000,0x00000040df000000) (1024K)]
  0x00000179e05d5580 JavaThread "Cache worker for checksums cache (E:\Mob_Sys\MyApplication2\.gradle\8.13\checksums)"        [_thread_blocked, id=14616, stack(0x00000040df300000,0x00000040df400000) (1024K)]
  0x00000179e67cc1e0 JavaThread "Cache worker for cache directory md-supplier (C:\Users\deepa\.gradle\caches\8.13\md-supplier)"        [_thread_blocked, id=20196, stack(0x00000040df400000,0x00000040df500000) (1024K)]
  0x00000179e67cbb50 JavaThread "Cache worker for cache directory md-rule (C:\Users\deepa\.gradle\caches\8.13\md-rule)"        [_thread_blocked, id=19112, stack(0x00000040e0300000,0x00000040e0400000) (1024K)]
  0x00000179e67cae30 JavaThread "Unconstrained build operations"        [_thread_in_Java, id=14836, stack(0x00000040e0500000,0x00000040e0600000) (1024K)]
  0x00000179e52a2a30 JavaThread "Unconstrained build operations Thread 2"        [_thread_in_Java, id=18228, stack(0x00000040e0600000,0x00000040e0700000) (1024K)]
  0x00000179e04313d0 JavaThread "Unconstrained build operations Thread 3"        [_thread_in_Java, id=2364, stack(0x00000040e0700000,0x00000040e0800000) (1024K)]
  0x00000179e042f300 JavaThread "Unconstrained build operations Thread 4"        [_thread_in_native, id=9036, stack(0x00000040e0800000,0x00000040e0900000) (1024K)]
  0x00000179e0430020 JavaThread "Unconstrained build operations Thread 5"        [_thread_in_Java, id=12756, stack(0x00000040e0900000,0x00000040e0a00000) (1024K)]
  0x00000179e042f990 JavaThread "Unconstrained build operations Thread 6"        [_thread_in_Java, id=10048, stack(0x00000040e0a00000,0x00000040e0b00000) (1024K)]
  0x00000179e04320f0 JavaThread "Unconstrained build operations Thread 7"        [_thread_in_Java, id=23352, stack(0x00000040e0b00000,0x00000040e0c00000) (1024K)]
  0x00000179e04306b0 JavaThread "Unconstrained build operations Thread 8"        [_thread_blocked, id=14848, stack(0x00000040e0c00000,0x00000040e0d00000) (1024K)]
  0x00000179e0430d40 JavaThread "Unconstrained build operations Thread 9"        [_thread_blocked, id=8412, stack(0x00000040e0d00000,0x00000040e0e00000) (1024K)]
  0x00000179e0431a60 JavaThread "Unconstrained build operations Thread 10"        [_thread_blocked, id=2848, stack(0x00000040e0e00000,0x00000040e0f00000) (1024K)]
  0x00000179e0432780 JavaThread "Unconstrained build operations Thread 11"        [_thread_blocked, id=23320, stack(0x00000040e0f00000,0x00000040e1000000) (1024K)]
  0x00000179e5cb7be0 JavaThread "Unconstrained build operations Thread 12"        [_thread_blocked, id=15092, stack(0x00000040e1000000,0x00000040e1100000) (1024K)]
  0x00000179e5cb8f90 JavaThread "Unconstrained build operations Thread 13"        [_thread_blocked, id=8068, stack(0x00000040e1100000,0x00000040e1200000) (1024K)]
  0x00000179e54c7080 JavaThread "Unconstrained build operations Thread 14"        [_thread_blocked, id=16976, stack(0x00000040e1200000,0x00000040e1300000) (1024K)]
  0x00000179e553c8e0 JavaThread "Unconstrained build operations Thread 15"        [_thread_blocked, id=22180, stack(0x00000040e1300000,0x00000040e1400000) (1024K)]
  0x00000179e553a180 JavaThread "Unconstrained build operations Thread 16"        [_thread_blocked, id=5488, stack(0x00000040e1400000,0x00000040e1500000) (1024K)]
  0x00000179e5cb8900 JavaThread "Unconstrained build operations Thread 17"        [_thread_in_native, id=9404, stack(0x00000040e1500000,0x00000040e1600000) (1024K)]
  0x00000179e5cba9d0 JavaThread "Unconstrained build operations Thread 18"        [_thread_blocked, id=25312, stack(0x00000040e1600000,0x00000040e1700000) (1024K)]
  0x00000179e5cb8270 JavaThread "Unconstrained build operations Thread 19"        [_thread_blocked, id=26264, stack(0x00000040e1700000,0x00000040e1800000) (1024K)]
  0x00000179e553a810 JavaThread "Unconstrained build operations Thread 20"        [_thread_blocked, id=13352, stack(0x00000040e1900000,0x00000040e1a00000) (1024K)]
  0x00000179e553c250 JavaThread "Unconstrained build operations Thread 21"        [_thread_blocked, id=5596, stack(0x00000040e1a00000,0x00000040e1b00000) (1024K)]
  0x00000179e5539460 JavaThread "Unconstrained build operations Thread 22"        [_thread_blocked, id=26940, stack(0x00000040e1b00000,0x00000040e1c00000) (1024K)]
  0x00000179e5539af0 JavaThread "Unconstrained build operations Thread 23"        [_thread_blocked, id=15852, stack(0x00000040e1c00000,0x00000040e1d00000) (1024K)]
  0x00000179e553aea0 JavaThread "Unconstrained build operations Thread 24"        [_thread_blocked, id=7684, stack(0x00000040e1d00000,0x00000040e1e00000) (1024K)]
  0x00000179e553b530 JavaThread "Unconstrained build operations Thread 25"        [_thread_blocked, id=17216, stack(0x00000040e1e00000,0x00000040e1f00000) (1024K)]
  0x00000179e553bbc0 JavaThread "Unconstrained build operations Thread 26"        [_thread_blocked, id=10936, stack(0x00000040e1f00000,0x00000040e2000000) (1024K)]
  0x00000179e70b8fe0 JavaThread "Unconstrained build operations Thread 27"        [_thread_blocked, id=23628, stack(0x00000040e2000000,0x00000040e2100000) (1024K)]
  0x00000179e70b5b60 JavaThread "Unconstrained build operations Thread 28"        [_thread_blocked, id=24988, stack(0x00000040e2100000,0x00000040e2200000) (1024K)]
  0x00000179e70b61f0 JavaThread "Unconstrained build operations Thread 29"        [_thread_blocked, id=4732, stack(0x00000040e2200000,0x00000040e2300000) (1024K)]
  0x00000179e70b6880 JavaThread "Unconstrained build operations Thread 30"        [_thread_blocked, id=18912, stack(0x00000040e2300000,0x00000040e2400000) (1024K)]
  0x00000179e70b7c30 JavaThread "build event listener"              [_thread_blocked, id=3444, stack(0x00000040e2400000,0x00000040e2500000) (1024K)]
  0x00000179e70b6f10 JavaThread "build event listener"              [_thread_blocked, id=26756, stack(0x00000040e2500000,0x00000040e2600000) (1024K)]
  0x00000179e580e040 JavaThread "pool-13-thread-1"                  [_thread_blocked, id=27088, stack(0x00000040e2700000,0x00000040e2800000) (1024K)]
  0x00000179e580cc90 JavaThread "build event listener"              [_thread_blocked, id=25564, stack(0x00000040e2800000,0x00000040e2900000) (1024K)]
  0x00000179e580d320 JavaThread "included builds"                   [_thread_blocked, id=16968, stack(0x00000040e2a00000,0x00000040e2b00000) (1024K)]
  0x00000179e61070e0 JavaThread "Execution worker"                  [_thread_blocked, id=14224, stack(0x00000040e2b00000,0x00000040e2c00000) (1024K)]
  0x00000179e61056a0 JavaThread "Execution worker Thread 2"         [_thread_blocked, id=2088, stack(0x00000040e2c00000,0x00000040e2d00000) (1024K)]
  0x00000179e580d9b0 JavaThread "Execution worker Thread 3"         [_thread_blocked, id=26228, stack(0x00000040e2d00000,0x00000040e2e00000) (1024K)]
  0x00000179e6970270 JavaThread "Execution worker Thread 4"         [_thread_blocked, id=10220, stack(0x00000040e2e00000,0x00000040e2f00000) (1024K)]
  0x00000179e696eec0 JavaThread "Execution worker Thread 5"         [_thread_blocked, id=21324, stack(0x00000040e2f00000,0x00000040e3000000) (1024K)]
  0x00000179e696fbe0 JavaThread "Execution worker Thread 6"         [_thread_blocked, id=18256, stack(0x00000040e3000000,0x00000040e3100000) (1024K)]
  0x00000179e696f550 JavaThread "Execution worker Thread 7"         [_thread_blocked, id=11784, stack(0x00000040e3100000,0x00000040e3200000) (1024K)]
  0x00000179e696cdf0 JavaThread "Execution worker Thread 8"         [_thread_in_native, id=3748, stack(0x00000040e3200000,0x00000040e3300000) (1024K)]
  0x00000179e05d4860 JavaThread "Execution worker Thread 9"         [_thread_blocked, id=25776, stack(0x00000040e3300000,0x00000040e3400000) (1024K)]
  0x00000179e02c43f0 JavaThread "Execution worker Thread 10"        [_thread_blocked, id=9040, stack(0x00000040e3400000,0x00000040e3500000) (1024K)]
  0x00000179e02c3d60 JavaThread "Execution worker Thread 11"        [_thread_blocked, id=16432, stack(0x00000040e3500000,0x00000040e3600000) (1024K)]
  0x00000179e6105010 JavaThread "Cache worker for execution history cache (E:\Mob_Sys\MyApplication2\.gradle\8.13\executionHistory)"        [_thread_blocked, id=27420, stack(0x00000040e3600000,0x00000040e3700000) (1024K)]
  0x00000179e6107770 JavaThread "Unconstrained build operations Thread 31"        [_thread_blocked, id=6376, stack(0x00000040e3700000,0x00000040e3800000) (1024K)]
  0x00000179e6107e00 JavaThread "Unconstrained build operations Thread 32"        [_thread_blocked, id=8784, stack(0x00000040e3800000,0x00000040e3900000) (1024K)]
  0x00000179e6105d30 JavaThread "Unconstrained build operations Thread 33"        [_thread_blocked, id=27220, stack(0x00000040e3900000,0x00000040e3a00000) (1024K)]
  0x00000179e61063c0 JavaThread "Unconstrained build operations Thread 34"        [_thread_blocked, id=4556, stack(0x00000040e3a00000,0x00000040e3b00000) (1024K)]
  0x00000179e6106a50 JavaThread "Unconstrained build operations Thread 35"        [_thread_blocked, id=1820, stack(0x00000040e3b00000,0x00000040e3c00000) (1024K)]
  0x00000179e67cb4c0 JavaThread "Unconstrained build operations Thread 36"        [_thread_blocked, id=20536, stack(0x00000040e3c00000,0x00000040e3d00000) (1024K)]
  0x00000179ed3160d0 JavaThread "Unconstrained build operations Thread 37"        [_thread_blocked, id=23892, stack(0x00000040e3e00000,0x00000040e3f00000) (1024K)]
  0x00000179ed316760 JavaThread "Unconstrained build operations Thread 38"        [_thread_blocked, id=23232, stack(0x00000040e3f00000,0x00000040e4000000) (1024K)]
  0x00000179ed316df0 JavaThread "Unconstrained build operations Thread 39"        [_thread_blocked, id=26672, stack(0x00000040e4000000,0x00000040e4100000) (1024K)]
  0x00000179ed315a40 JavaThread "Unconstrained build operations Thread 40"        [_thread_blocked, id=21660, stack(0x00000040e4100000,0x00000040e4200000) (1024K)]
  0x00000179e5b5ac00 JavaThread "Unconstrained build operations Thread 41"        [_thread_blocked, id=18392, stack(0x00000040e4200000,0x00000040e4300000) (1024K)]
  0x00000179e5b5b290 JavaThread "WorkerExecutor Queue"              [_thread_blocked, id=11960, stack(0x00000040e4300000,0x00000040e4400000) (1024K)]
  0x00000179db963a30 JavaThread "Unconstrained build operations Thread 42"        [_thread_blocked, id=22432, stack(0x00000040e4400000,0x00000040e4500000) (1024K)]
  0x00000179db9640c0 JavaThread "Unconstrained build operations Thread 43"        [_thread_blocked, id=23560, stack(0x00000040e4500000,0x00000040e4600000) (1024K)]
  0x00000179db960c40 JavaThread "Unconstrained build operations Thread 44"        [_thread_blocked, id=10216, stack(0x00000040e4600000,0x00000040e4700000) (1024K)]
  0x00000179db962680 JavaThread "Unconstrained build operations Thread 45"        [_thread_blocked, id=24040, stack(0x00000040e4700000,0x00000040e4800000) (1024K)]
  0x00000179db9612d0 JavaThread "Unconstrained build operations Thread 46"        [_thread_blocked, id=8648, stack(0x00000040e4800000,0x00000040e4900000) (1024K)]
  0x00000179db961ff0 JavaThread "Unconstrained build operations Thread 47"        [_thread_blocked, id=14736, stack(0x00000040e4900000,0x00000040e4a00000) (1024K)]
  0x00000179f0018650 JavaThread "Unconstrained build operations Thread 48"        [_thread_blocked, id=18692, stack(0x00000040e4a00000,0x00000040e4b00000) (1024K)]
  0x00000179f001a720 JavaThread "Unconstrained build operations Thread 49"        [_thread_blocked, id=11624, stack(0x00000040e4b00000,0x00000040e4c00000) (1024K)]
  0x00000179f0018ce0 JavaThread "Unconstrained build operations Thread 50"        [_thread_blocked, id=24932, stack(0x00000040e4c00000,0x00000040e4d00000) (1024K)]
  0x00000179f0019370 JavaThread "Unconstrained build operations Thread 51"        [_thread_blocked, id=24272, stack(0x00000040e4d00000,0x00000040e4e00000) (1024K)]
  0x00000179f0019a00 JavaThread "Unconstrained build operations Thread 52"        [_thread_blocked, id=6844, stack(0x00000040e4e00000,0x00000040e4f00000) (1024K)]
  0x00000179e696e1a0 JavaThread "Unconstrained build operations Thread 53"        [_thread_blocked, id=23176, stack(0x00000040e1800000,0x00000040e1900000) (1024K)]
  0x00000179e696e830 JavaThread "WorkerExecutor Queue Thread 2"        [_thread_blocked, id=17252, stack(0x00000040e2600000,0x00000040e2700000) (1024K)]
  0x00000179e68b8c10 JavaThread "Unconstrained build operations Thread 54"        [_thread_blocked, id=8596, stack(0x00000040e4f00000,0x00000040e5000000) (1024K)]
  0x00000179e68b7860 JavaThread "Unconstrained build operations Thread 55"        [_thread_blocked, id=21304, stack(0x00000040e5000000,0x00000040e5100000) (1024K)]
  0x00000179e68b8580 JavaThread "Unconstrained build operations Thread 56"        [_thread_blocked, id=26640, stack(0x00000040e5100000,0x00000040e5200000) (1024K)]
  0x00000179e68b92a0 JavaThread "Unconstrained build operations Thread 57"        [_thread_blocked, id=5588, stack(0x00000040e5200000,0x00000040e5300000) (1024K)]
  0x00000179e68b9930 JavaThread "Unconstrained build operations Thread 58"        [_thread_blocked, id=19080, stack(0x00000040e5300000,0x00000040e5400000) (1024K)]
  0x00000179e68b9fc0 JavaThread "Unconstrained build operations Thread 59"        [_thread_blocked, id=9300, stack(0x00000040e5400000,0x00000040e5500000) (1024K)]
  0x00000179e68ba650 JavaThread "Unconstrained build operations Thread 60"        [_thread_blocked, id=11428, stack(0x00000040e5500000,0x00000040e5600000) (1024K)]
  0x00000179e68bace0 JavaThread "Unconstrained build operations Thread 61"        [_thread_blocked, id=7144, stack(0x00000040e5600000,0x00000040e5700000) (1024K)]
  0x00000179e814aec0 JavaThread "Unconstrained build operations Thread 62"        [_thread_blocked, id=9744, stack(0x00000040e5700000,0x00000040e5800000) (1024K)]
  0x00000179e814c900 JavaThread "Unconstrained build operations Thread 63"        [_thread_blocked, id=7296, stack(0x00000040e5800000,0x00000040e5900000) (1024K)]
  0x00000179e814cf90 JavaThread "Unconstrained build operations Thread 64"        [_thread_blocked, id=5780, stack(0x00000040e5900000,0x00000040e5a00000) (1024K)]
  0x00000179e696d480 JavaThread "Unconstrained build operations Thread 65"        [_thread_blocked, id=24028, stack(0x00000040e5b00000,0x00000040e5c00000) (1024K)]
  0x00000179e696db10 JavaThread "Unconstrained build operations Thread 66"        [_thread_blocked, id=19356, stack(0x00000040e5c00000,0x00000040e5d00000) (1024K)]
  0x00000179e6a55800 JavaThread "Unconstrained build operations Thread 67"        [_thread_blocked, id=14440, stack(0x00000040e5d00000,0x00000040e5e00000) (1024K)]
  0x00000179e70b82c0 JavaThread "Unconstrained build operations Thread 68"        [_thread_blocked, id=10612, stack(0x00000040e5e00000,0x00000040e5f00000) (1024K)]
  0x00000179e70b75a0 JavaThread "Unconstrained build operations Thread 69"        [_thread_blocked, id=10084, stack(0x00000040e5f00000,0x00000040e6000000) (1024K)]
  0x00000179e70b8950 JavaThread "Unconstrained build operations Thread 70"        [_thread_blocked, id=8160, stack(0x00000040e6000000,0x00000040e6100000) (1024K)]
  0x00000179ed30eb80 JavaThread "Unconstrained build operations Thread 71"        [_thread_blocked, id=22608, stack(0x00000040e6100000,0x00000040e6200000) (1024K)]
  0x00000179ed30e4f0 JavaThread "Unconstrained build operations Thread 72"        [_thread_blocked, id=21136, stack(0x00000040e6200000,0x00000040e6300000) (1024K)]
  0x00000179ed30de60 JavaThread "Unconstrained build operations Thread 73"        [_thread_blocked, id=18916, stack(0x00000040e6300000,0x00000040e6400000) (1024K)]
  0x00000179ed30f210 JavaThread "Unconstrained build operations Thread 74"        [_thread_blocked, id=12508, stack(0x00000040e6400000,0x00000040e6500000) (1024K)]
  0x00000179ed30f8a0 JavaThread "Unconstrained build operations Thread 75"        [_thread_blocked, id=24108, stack(0x00000040e6500000,0x00000040e6600000) (1024K)]
  0x00000179e5b5b920 JavaThread "Unconstrained build operations Thread 76"        [_thread_blocked, id=7884, stack(0x00000040e5a00000,0x00000040e5b00000) (1024K)]
  0x00000179e5b5bfb0 JavaThread "Unconstrained build operations Thread 77"        [_thread_blocked, id=15728, stack(0x00000040e6600000,0x00000040e6700000) (1024K)]
  0x00000179e6e12cb0 JavaThread "Unconstrained build operations Thread 78"        [_thread_blocked, id=26380, stack(0x00000040e6700000,0x00000040e6800000) (1024K)]
  0x00000179e6e13340 JavaThread "Unconstrained build operations Thread 79"        [_thread_blocked, id=15944, stack(0x00000040e6800000,0x00000040e6900000) (1024K)]
  0x00000179db961960 JavaThread "Unconstrained build operations Thread 80"        [_thread_blocked, id=24100, stack(0x00000040e6900000,0x00000040e6a00000) (1024K)]
  0x00000179e5e04270 JavaThread "Unconstrained build operations Thread 81"        [_thread_blocked, id=17068, stack(0x00000040e6a00000,0x00000040e6b00000) (1024K)]
  0x00000179e5e02ec0 JavaThread "Unconstrained build operations Thread 82"        [_thread_blocked, id=23624, stack(0x00000040e6b00000,0x00000040e6c00000) (1024K)]
  0x00000179e5e04900 JavaThread "Unconstrained build operations Thread 83"        [_thread_blocked, id=11356, stack(0x00000040e6c00000,0x00000040e6d00000) (1024K)]
  0x00000179e5e05620 JavaThread "Unconstrained build operations Thread 84"        [_thread_blocked, id=8696, stack(0x00000040e6d00000,0x00000040e6e00000) (1024K)]
  0x00000179e5e05cb0 JavaThread "Unconstrained build operations Thread 85"        [_thread_blocked, id=2192, stack(0x00000040e6e00000,0x00000040e6f00000) (1024K)]
  0x00000179e74d3e10 JavaThread "Unconstrained build operations Thread 86"        [_thread_blocked, id=8880, stack(0x00000040e6f00000,0x00000040e7000000) (1024K)]
  0x00000179e6e139d0 JavaThread "WorkerExecutor Queue Thread 3"        [_thread_blocked, id=17464, stack(0x00000040e7000000,0x00000040e7100000) (1024K)]
  0x00000179dfdc8e50 JavaThread "WorkerExecutor Queue Thread 4"        [_thread_blocked, id=3796, stack(0x00000040e7100000,0x00000040e7200000) (1024K)]
  0x00000179dfdcb5b0 JavaThread "Unconstrained build operations Thread 87"        [_thread_blocked, id=22252, stack(0x00000040e7200000,0x00000040e7300000) (1024K)]
  0x00000179dfdca200 JavaThread "Unconstrained build operations Thread 88"        [_thread_blocked, id=4924, stack(0x00000040e7300000,0x00000040e7400000) (1024K)]
  0x00000179dfdc8130 JavaThread "Unconstrained build operations Thread 89"        [_thread_blocked, id=23844, stack(0x00000040e7400000,0x00000040e7500000) (1024K)]
  0x00000179dfdcbc40 JavaThread "Unconstrained build operations Thread 90"        [_thread_blocked, id=6624, stack(0x00000040e7500000,0x00000040e7600000) (1024K)]
  0x00000179dfdc87c0 JavaThread "Unconstrained build operations Thread 91"        [_thread_blocked, id=20740, stack(0x00000040e7600000,0x00000040e7700000) (1024K)]
  0x00000179dfdc94e0 JavaThread "Unconstrained build operations Thread 92"        [_thread_blocked, id=15996, stack(0x00000040e7700000,0x00000040e7800000) (1024K)]
  0x00000179dfdc9b70 JavaThread "Unconstrained build operations Thread 93"        [_thread_blocked, id=964, stack(0x00000040e7800000,0x00000040e7900000) (1024K)]
  0x00000179e5e06340 JavaThread "Unconstrained build operations Thread 94"        [_thread_blocked, id=26120, stack(0x00000040e7900000,0x00000040e7a00000) (1024K)]
  0x00000179f00eea80 JavaThread "Unconstrained build operations Thread 95"        [_thread_blocked, id=11972, stack(0x00000040e7a00000,0x00000040e7b00000) (1024K)]
  0x00000179f00ed040 JavaThread "Unconstrained build operations Thread 96"        [_thread_blocked, id=20752, stack(0x00000040e7b00000,0x00000040e7c00000) (1024K)]
  0x00000179f00ec9b0 JavaThread "Unconstrained build operations Thread 97"        [_thread_blocked, id=17880, stack(0x00000040e7c00000,0x00000040e7d00000) (1024K)]
  0x00000179e6e15410 JavaThread "WorkerExecutor Queue Thread 5"        [_thread_blocked, id=25108, stack(0x00000040e7e00000,0x00000040e7f00000) (1024K)]
  0x00000179e6e15aa0 JavaThread "WorkerExecutor Queue Thread 6"        [_thread_blocked, id=24548, stack(0x00000040e7f00000,0x00000040e8000000) (1024K)]
  0x00000179e6a55e90 JavaThread "Unconstrained build operations Thread 98"        [_thread_blocked, id=13600, stack(0x00000040e8000000,0x00000040e8100000) (1024K)]
  0x00000179e6a53dc0 JavaThread "Unconstrained build operations Thread 99"        [_thread_blocked, id=10156, stack(0x00000040e8100000,0x00000040e8200000) (1024K)]
  0x00000179e6a54ae0 JavaThread "Unconstrained build operations Thread 100"        [_thread_blocked, id=24920, stack(0x00000040e8200000,0x00000040e8300000) (1024K)]
  0x00000179e6a56520 JavaThread "Unconstrained build operations Thread 101"        [_thread_blocked, id=22872, stack(0x00000040e8300000,0x00000040e8400000) (1024K)]
  0x00000179e6a55170 JavaThread "Unconstrained build operations Thread 102"        [_thread_blocked, id=25492, stack(0x00000040e8400000,0x00000040e8500000) (1024K)]
  0x00000179e6a530a0 JavaThread "Unconstrained build operations Thread 103"        [_thread_blocked, id=12184, stack(0x00000040e8500000,0x00000040e8600000) (1024K)]
  0x00000179ee014130 JavaThread "Unconstrained build operations Thread 104"        [_thread_blocked, id=21076, stack(0x00000040e8600000,0x00000040e8700000) (1024K)]
  0x00000179ee0154e0 JavaThread "Unconstrained build operations Thread 105"        [_thread_blocked, id=4836, stack(0x00000040e8700000,0x00000040e8800000) (1024K)]
  0x00000179ee012d80 JavaThread "Unconstrained build operations Thread 106"        [_thread_blocked, id=9616, stack(0x00000040e8800000,0x00000040e8900000) (1024K)]
  0x00000179ee012060 JavaThread "Unconstrained build operations Thread 107"        [_thread_blocked, id=17972, stack(0x00000040e8900000,0x00000040e8a00000) (1024K)]
  0x00000179edfbe360 JavaThread "Unconstrained build operations Thread 108"        [_thread_blocked, id=18248, stack(0x00000040e8a00000,0x00000040e8b00000) (1024K)]
  0x00000179e54e2cd0 JavaThread "WorkerExecutor Queue Thread 7"        [_thread_blocked, id=15308, stack(0x00000040e7d00000,0x00000040e7e00000) (1024K)]
  0x00000179df7b8010 JavaThread "WorkerExecutor Queue Thread 8"        [_thread_blocked, id=26384, stack(0x00000040e8b00000,0x00000040e8c00000) (1024K)]
  0x00000179ef73b570 JavaThread "WorkerExecutor Queue Thread 9"        [_thread_blocked, id=11376, stack(0x00000040e8c00000,0x00000040e8d00000) (1024K)]
  0x00000179ef73a1c0 JavaThread "Unconstrained build operations Thread 109"        [_thread_blocked, id=26924, stack(0x00000040e8e00000,0x00000040e8f00000) (1024K)]
  0x00000179ef73c290 JavaThread "Unconstrained build operations Thread 110"        [_thread_blocked, id=14900, stack(0x00000040e8f00000,0x00000040e9000000) (1024K)]
  0x00000179ef73bc00 JavaThread "Unconstrained build operations Thread 111"        [_thread_blocked, id=15100, stack(0x00000040e9000000,0x00000040e9100000) (1024K)]
  0x00000179ef73c920 JavaThread "Unconstrained build operations Thread 112"        [_thread_blocked, id=25808, stack(0x00000040e9100000,0x00000040e9200000) (1024K)]
  0x00000179ef7394a0 JavaThread "Unconstrained build operations Thread 113"        [_thread_blocked, id=18072, stack(0x00000040e9200000,0x00000040e9300000) (1024K)]
  0x00000179ef739b30 JavaThread "Unconstrained build operations Thread 114"        [_thread_blocked, id=21908, stack(0x00000040e9300000,0x00000040e9400000) (1024K)]
  0x00000179ef73a850 JavaThread "Unconstrained build operations Thread 115"        [_thread_blocked, id=13760, stack(0x00000040e9400000,0x00000040e9500000) (1024K)]
  0x00000179ef73aee0 JavaThread "Unconstrained build operations Thread 116"        [_thread_blocked, id=25416, stack(0x00000040e9500000,0x00000040e9600000) (1024K)]
  0x00000179edef2890 JavaThread "Unconstrained build operations Thread 117"        [_thread_blocked, id=18104, stack(0x00000040e9600000,0x00000040e9700000) (1024K)]
  0x00000179edef2200 JavaThread "Unconstrained build operations Thread 118"        [_thread_blocked, id=21920, stack(0x00000040e9700000,0x00000040e9800000) (1024K)]
  0x00000179edef2f20 JavaThread "Unconstrained build operations Thread 119"        [_thread_blocked, id=16160, stack(0x00000040e9800000,0x00000040e9900000) (1024K)]
  0x00000179edfbe9f0 JavaThread "Unconstrained build operations Thread 120"        [_thread_in_Java, id=18252, stack(0x00000040e8d00000,0x00000040e8e00000) (1024K)]
=>0x00000179e6981990 JavaThread "C2 CompilerThread1"         daemon [_thread_in_native, id=1808, stack(0x00000040e9900000,0x00000040e9a00000) (1024K)]
  0x00000179e6982060 JavaThread "C2 CompilerThread2"         daemon [_thread_in_native, id=8624, stack(0x00000040e9a00000,0x00000040e9b00000) (1024K)]
Total: 196

Other Threads:
  0x00000179d585ed90 VMThread "VM Thread"                           [id=6836, stack(0x00000040dcf00000,0x00000040dd000000) (1024K)]
  0x00000179d57ff1a0 WatcherThread "VM Periodic Task Thread"        [id=19484, stack(0x00000040dce00000,0x00000040dcf00000) (1024K)]
  0x00000179bbb19f90 WorkerThread "GC Thread#0"                     [id=17312, stack(0x00000040dc900000,0x00000040dca00000) (1024K)]
  0x00000179da34e540 WorkerThread "GC Thread#1"                     [id=16768, stack(0x00000040ddc00000,0x00000040ddd00000) (1024K)]
  0x00000179da08a000 WorkerThread "GC Thread#2"                     [id=18728, stack(0x00000040ddd00000,0x00000040dde00000) (1024K)]
  0x00000179dac942a0 WorkerThread "GC Thread#3"                     [id=14732, stack(0x00000040dda00000,0x00000040ddb00000) (1024K)]
  0x00000179daca36b0 WorkerThread "GC Thread#4"                     [id=24280, stack(0x00000040ddb00000,0x00000040ddc00000) (1024K)]
  0x00000179dba78570 WorkerThread "GC Thread#5"                     [id=26752, stack(0x00000040de800000,0x00000040de900000) (1024K)]
  0x00000179dba78910 WorkerThread "GC Thread#6"                     [id=20356, stack(0x00000040de900000,0x00000040dea00000) (1024K)]
  0x00000179db9c3b40 WorkerThread "GC Thread#7"                     [id=24044, stack(0x00000040dea00000,0x00000040deb00000) (1024K)]
  0x00000179db9c49c0 WorkerThread "GC Thread#8"                     [id=19532, stack(0x00000040deb00000,0x00000040dec00000) (1024K)]
  0x00000179db9c4620 WorkerThread "GC Thread#9"                     [id=25008, stack(0x00000040dec00000,0x00000040ded00000) (1024K)]
  0x00000179bbb1e9c0 ConcurrentGCThread "G1 Main Marker"            [id=23308, stack(0x00000040dca00000,0x00000040dcb00000) (1024K)]
  0x00000179bdd95c40 WorkerThread "G1 Conc#0"                       [id=27348, stack(0x00000040dcb00000,0x00000040dcc00000) (1024K)]
  0x00000179db9c3ee0 WorkerThread "G1 Conc#1"                       [id=1988, stack(0x00000040ded00000,0x00000040dee00000) (1024K)]
  0x00000179db9c4d60 WorkerThread "G1 Conc#2"                       [id=15440, stack(0x00000040dee00000,0x00000040def00000) (1024K)]
  0x00000179d56ced60 ConcurrentGCThread "G1 Refine#0"               [id=17136, stack(0x00000040dcc00000,0x00000040dcd00000) (1024K)]
  0x00000179d56d1590 ConcurrentGCThread "G1 Service"                [id=21292, stack(0x00000040dcd00000,0x00000040dce00000) (1024K)]
Total: 18

Threads with active compile tasks:
C2 CompilerThread0  1325217 39637       4       com.android.tools.r8.internal.ed0::b (3604 bytes)
C2 CompilerThread1  1325217 39760       4       com.android.tools.r8.internal.r32::c (1731 bytes)
C2 CompilerThread2  1325217 39771       4       com.android.tools.r8.ir.optimize.z::a (1785 bytes)
Total: 3

VM state: not at safepoint (normal execution)

VM Mutex/Monitor currently owned by a thread: None

Heap address: 0x0000000080000000, size: 2048 MB, Compressed Oops mode: 32-bit

CDS archive(s) not mapped
Compressed class space mapped at: 0x0000000100000000-0x0000000140000000, reserved size: 1073741824
Narrow klass base: 0x0000000000000000, Narrow klass shift: 3, Narrow klass range: 0x140000000

GC Precious Log:
 CardTable entry size: 512
 Card Set container configuration: InlinePtr #cards 5 size 8 Array Of Cards #cards 12 size 40 Howl #buckets 4 coarsen threshold 1843 Howl Bitmap #cards 512 size 80 coarsen threshold 460 Card regions per heap region 1 cards per card region 2048
 CPUs: 12 total, 12 available
 Memory: 8013M
 Large Page Support: Disabled
 NUMA Support: Disabled
 Compressed Oops: Enabled (32-bit)
 Heap Region Size: 1M
 Heap Min Capacity: 8M
 Heap Initial Capacity: 126M
 Heap Max Capacity: 2G
 Pre-touch: Disabled
 Parallel Workers: 10
 Concurrent Workers: 3
 Concurrent Refinement Workers: 10
 Periodic GC: Disabled

Heap:
 garbage-first heap   total 993280K, used 745152K [0x0000000080000000, 0x0000000100000000)
  region size 1024K, 254 young (260096K), 10 survivors (10240K)
 Metaspace       used 208916K, committed 211712K, reserved 1245184K
  class space    used 27569K, committed 28992K, reserved 1048576K

Heap Regions: E=young(eden), S=young(survivor), O=old, HS=humongous(starts), HC=humongous(continues), CS=collection set, F=free, TAMS=top-at-mark-start, PB=parsable bottom
|   0|0x0000000080000000, 0x0000000080100000, 0x0000000080100000|100%|HS|  |TAMS 0x0000000080000000| PB 0x0000000080000000| Complete 
|   1|0x0000000080100000, 0x0000000080200000, 0x0000000080200000|100%|HC|  |TAMS 0x0000000080100000| PB 0x0000000080100000| Complete 
|   2|0x0000000080200000, 0x0000000080300000, 0x0000000080300000|100%|HC|  |TAMS 0x0000000080200000| PB 0x0000000080200000| Complete 
|   3|0x0000000080300000, 0x0000000080400000, 0x0000000080400000|100%| O|  |TAMS 0x0000000080300000| PB 0x0000000080300000| Untracked 
|   4|0x0000000080400000, 0x0000000080500000, 0x0000000080500000|100%| O|  |TAMS 0x0000000080400000| PB 0x0000000080400000| Untracked 
|   5|0x0000000080500000, 0x0000000080600000, 0x0000000080600000|100%| O|  |TAMS 0x0000000080500000| PB 0x0000000080500000| Untracked 
|   6|0x0000000080600000, 0x0000000080700000, 0x0000000080700000|100%|HS|  |TAMS 0x0000000080600000| PB 0x0000000080600000| Complete 
|   7|0x0000000080700000, 0x0000000080800000, 0x0000000080800000|100%| O|  |TAMS 0x0000000080700000| PB 0x0000000080700000| Untracked 
|   8|0x0000000080800000, 0x0000000080900000, 0x0000000080900000|100%| O|  |TAMS 0x0000000080800000| PB 0x0000000080800000| Untracked 
|   9|0x0000000080900000, 0x0000000080a00000, 0x0000000080a00000|100%| O|  |TAMS 0x0000000080900000| PB 0x0000000080900000| Untracked 
|  10|0x0000000080a00000, 0x0000000080b00000, 0x0000000080b00000|100%| O|  |TAMS 0x0000000080a00000| PB 0x0000000080a00000| Untracked 
|  11|0x0000000080b00000, 0x0000000080c00000, 0x0000000080c00000|100%| O|  |TAMS 0x0000000080b00000| PB 0x0000000080b00000| Untracked 
|  12|0x0000000080c00000, 0x0000000080ceadd0, 0x0000000080d00000| 91%| O|  |TAMS 0x0000000080c00000| PB 0x0000000080c00000| Untracked 
|  13|0x0000000080d00000, 0x0000000080e00000, 0x0000000080e00000|100%| O|  |TAMS 0x0000000080d00000| PB 0x0000000080d00000| Untracked 
|  14|0x0000000080e00000, 0x0000000080f00000, 0x0000000080f00000|100%| O|  |TAMS 0x0000000080e00000| PB 0x0000000080e00000| Untracked 
|  15|0x0000000080f00000, 0x0000000081000000, 0x0000000081000000|100%| O|  |TAMS 0x0000000080f00000| PB 0x0000000080f00000| Untracked 
|  16|0x0000000081000000, 0x0000000081100000, 0x0000000081100000|100%| O|  |TAMS 0x0000000081000000| PB 0x0000000081000000| Untracked 
|  17|0x0000000081100000, 0x0000000081200000, 0x0000000081200000|100%| O|  |TAMS 0x0000000081100000| PB 0x0000000081100000| Untracked 
|  18|0x0000000081200000, 0x0000000081300000, 0x0000000081300000|100%| O|  |TAMS 0x0000000081200000| PB 0x0000000081200000| Untracked 
|  19|0x0000000081300000, 0x0000000081400000, 0x0000000081400000|100%| O|  |TAMS 0x0000000081300000| PB 0x0000000081300000| Untracked 
|  20|0x0000000081400000, 0x0000000081500000, 0x0000000081500000|100%| O|  |TAMS 0x0000000081400000| PB 0x0000000081400000| Untracked 
|  21|0x0000000081500000, 0x0000000081600000, 0x0000000081600000|100%| O|  |TAMS 0x0000000081500000| PB 0x0000000081500000| Untracked 
|  22|0x0000000081600000, 0x0000000081700000, 0x0000000081700000|100%|HS|  |TAMS 0x0000000081600000| PB 0x0000000081600000| Complete 
|  23|0x0000000081700000, 0x0000000081800000, 0x0000000081800000|100%|HC|  |TAMS 0x0000000081700000| PB 0x0000000081700000| Complete 
|  24|0x0000000081800000, 0x0000000081900000, 0x0000000081900000|100%|HC|  |TAMS 0x0000000081800000| PB 0x0000000081800000| Complete 
|  25|0x0000000081900000, 0x0000000081a00000, 0x0000000081a00000|100%|HC|  |TAMS 0x0000000081900000| PB 0x0000000081900000| Complete 
|  26|0x0000000081a00000, 0x0000000081b00000, 0x0000000081b00000|100%|HC|  |TAMS 0x0000000081a00000| PB 0x0000000081a00000| Complete 
|  27|0x0000000081b00000, 0x0000000081c00000, 0x0000000081c00000|100%|HC|  |TAMS 0x0000000081b00000| PB 0x0000000081b00000| Complete 
|  28|0x0000000081c00000, 0x0000000081d00000, 0x0000000081d00000|100%|HS|  |TAMS 0x0000000081c00000| PB 0x0000000081c00000| Complete 
|  29|0x0000000081d00000, 0x0000000081e00000, 0x0000000081e00000|100%|HS|  |TAMS 0x0000000081d00000| PB 0x0000000081d00000| Complete 
|  30|0x0000000081e00000, 0x0000000081f00000, 0x0000000081f00000|100%|HC|  |TAMS 0x0000000081e00000| PB 0x0000000081e00000| Complete 
|  31|0x0000000081f00000, 0x0000000082000000, 0x0000000082000000|100%|HC|  |TAMS 0x0000000081f00000| PB 0x0000000081f00000| Complete 
|  32|0x0000000082000000, 0x0000000082100000, 0x0000000082100000|100%|HC|  |TAMS 0x0000000082000000| PB 0x0000000082000000| Complete 
|  33|0x0000000082100000, 0x0000000082200000, 0x0000000082200000|100%|HS|  |TAMS 0x0000000082100000| PB 0x0000000082100000| Complete 
|  34|0x0000000082200000, 0x0000000082300000, 0x0000000082300000|100%|HC|  |TAMS 0x0000000082200000| PB 0x0000000082200000| Complete 
|  35|0x0000000082300000, 0x0000000082400000, 0x0000000082400000|100%|HS|  |TAMS 0x0000000082300000| PB 0x0000000082300000| Complete 
|  36|0x0000000082400000, 0x0000000082500000, 0x0000000082500000|100%|HS|  |TAMS 0x0000000082400000| PB 0x0000000082400000| Complete 
|  37|0x0000000082500000, 0x0000000082600000, 0x0000000082600000|100%|HS|  |TAMS 0x0000000082500000| PB 0x0000000082500000| Complete 
|  38|0x0000000082600000, 0x0000000082700000, 0x0000000082700000|100%|HC|  |TAMS 0x0000000082600000| PB 0x0000000082600000| Complete 
|  39|0x0000000082700000, 0x0000000082800000, 0x0000000082800000|100%| O|  |TAMS 0x0000000082700000| PB 0x0000000082700000| Untracked 
|  40|0x0000000082800000, 0x0000000082900000, 0x0000000082900000|100%| O|  |TAMS 0x0000000082800000| PB 0x0000000082800000| Untracked 
|  41|0x0000000082900000, 0x0000000082a00000, 0x0000000082a00000|100%| O|  |TAMS 0x0000000082900000| PB 0x0000000082900000| Untracked 
|  42|0x0000000082a00000, 0x0000000082b00000, 0x0000000082b00000|100%| O|  |TAMS 0x0000000082a00000| PB 0x0000000082a00000| Untracked 
|  43|0x0000000082b00000, 0x0000000082c00000, 0x0000000082c00000|100%| O|  |TAMS 0x0000000082b00000| PB 0x0000000082b00000| Untracked 
|  44|0x0000000082c00000, 0x0000000082d00000, 0x0000000082d00000|100%|HS|  |TAMS 0x0000000082c00000| PB 0x0000000082c00000| Complete 
|  45|0x0000000082d00000, 0x0000000082e00000, 0x0000000082e00000|100%|HC|  |TAMS 0x0000000082d00000| PB 0x0000000082d00000| Complete 
|  46|0x0000000082e00000, 0x0000000082f00000, 0x0000000082f00000|100%|HC|  |TAMS 0x0000000082e00000| PB 0x0000000082e00000| Complete 
|  47|0x0000000082f00000, 0x0000000083000000, 0x0000000083000000|100%|HC|  |TAMS 0x0000000082f00000| PB 0x0000000082f00000| Complete 
|  48|0x0000000083000000, 0x0000000083100000, 0x0000000083100000|100%|HC|  |TAMS 0x0000000083000000| PB 0x0000000083000000| Complete 
|  49|0x0000000083100000, 0x0000000083200000, 0x0000000083200000|100%|HC|  |TAMS 0x0000000083100000| PB 0x0000000083100000| Complete 
|  50|0x0000000083200000, 0x0000000083300000, 0x0000000083300000|100%|HS|  |TAMS 0x0000000083200000| PB 0x0000000083200000| Complete 
|  51|0x0000000083300000, 0x0000000083400000, 0x0000000083400000|100%|HC|  |TAMS 0x0000000083300000| PB 0x0000000083300000| Complete 
|  52|0x0000000083400000, 0x0000000083500000, 0x0000000083500000|100%|HC|  |TAMS 0x0000000083400000| PB 0x0000000083400000| Complete 
|  53|0x0000000083500000, 0x0000000083600000, 0x0000000083600000|100%|HC|  |TAMS 0x0000000083500000| PB 0x0000000083500000| Complete 
|  54|0x0000000083600000, 0x0000000083700000, 0x0000000083700000|100%| O|  |TAMS 0x0000000083600000| PB 0x0000000083600000| Untracked 
|  55|0x0000000083700000, 0x0000000083800000, 0x0000000083800000|100%| O|  |TAMS 0x0000000083700000| PB 0x0000000083700000| Untracked 
|  56|0x0000000083800000, 0x0000000083900000, 0x0000000083900000|100%| O|  |TAMS 0x0000000083800000| PB 0x0000000083800000| Untracked 
|  57|0x0000000083900000, 0x0000000083a00000, 0x0000000083a00000|100%| O|  |TAMS 0x0000000083900000| PB 0x0000000083900000| Untracked 
|  58|0x0000000083a00000, 0x0000000083b00000, 0x0000000083b00000|100%| O|  |TAMS 0x0000000083a00000| PB 0x0000000083a00000| Untracked 
|  59|0x0000000083b00000, 0x0000000083c00000, 0x0000000083c00000|100%| O|  |TAMS 0x0000000083b00000| PB 0x0000000083b00000| Untracked 
|  60|0x0000000083c00000, 0x0000000083d00000, 0x0000000083d00000|100%|HS|  |TAMS 0x0000000083c00000| PB 0x0000000083c00000| Complete 
|  61|0x0000000083d00000, 0x0000000083e00000, 0x0000000083e00000|100%| O|  |TAMS 0x0000000083d00000| PB 0x0000000083d00000| Untracked 
|  62|0x0000000083e00000, 0x0000000083f00000, 0x0000000083f00000|100%| O|  |TAMS 0x0000000083e00000| PB 0x0000000083e00000| Untracked 
|  63|0x0000000083f00000, 0x0000000084000000, 0x0000000084000000|100%|HS|  |TAMS 0x0000000083f00000| PB 0x0000000083f00000| Complete 
|  64|0x0000000084000000, 0x0000000084100000, 0x0000000084100000|100%|HC|  |TAMS 0x0000000084000000| PB 0x0000000084000000| Complete 
|  65|0x0000000084100000, 0x0000000084200000, 0x0000000084200000|100%| O|  |TAMS 0x0000000084100000| PB 0x0000000084100000| Untracked 
|  66|0x0000000084200000, 0x0000000084300000, 0x0000000084300000|100%| O|  |TAMS 0x0000000084200000| PB 0x0000000084200000| Untracked 
|  67|0x0000000084300000, 0x0000000084400000, 0x0000000084400000|100%| O|  |TAMS 0x0000000084300000| PB 0x0000000084300000| Untracked 
|  68|0x0000000084400000, 0x0000000084500000, 0x0000000084500000|100%| O|  |TAMS 0x0000000084400000| PB 0x0000000084400000| Untracked 
|  69|0x0000000084500000, 0x0000000084600000, 0x0000000084600000|100%| O|Cm|TAMS 0x0000000084500000| PB 0x0000000084500000| Complete 
|  70|0x0000000084600000, 0x0000000084700000, 0x0000000084700000|100%| O|  |TAMS 0x0000000084600000| PB 0x0000000084600000| Untracked 
|  71|0x0000000084700000, 0x0000000084800000, 0x0000000084800000|100%|HS|  |TAMS 0x0000000084700000| PB 0x0000000084700000| Complete 
|  72|0x0000000084800000, 0x0000000084900000, 0x0000000084900000|100%| O|  |TAMS 0x0000000084800000| PB 0x0000000084800000| Untracked 
|  73|0x0000000084900000, 0x0000000084a00000, 0x0000000084a00000|100%| O|  |TAMS 0x0000000084900000| PB 0x0000000084900000| Untracked 
|  74|0x0000000084a00000, 0x0000000084b00000, 0x0000000084b00000|100%| O|  |TAMS 0x0000000084a00000| PB 0x0000000084a00000| Untracked 
|  75|0x0000000084b00000, 0x0000000084c00000, 0x0000000084c00000|100%| O|  |TAMS 0x0000000084b00000| PB 0x0000000084b00000| Untracked 
|  76|0x0000000084c00000, 0x0000000084d00000, 0x0000000084d00000|100%|HS|  |TAMS 0x0000000084c00000| PB 0x0000000084c00000| Complete 
|  77|0x0000000084d00000, 0x0000000084e00000, 0x0000000084e00000|100%|HC|  |TAMS 0x0000000084d00000| PB 0x0000000084d00000| Complete 
|  78|0x0000000084e00000, 0x0000000084f00000, 0x0000000084f00000|100%|HC|  |TAMS 0x0000000084e00000| PB 0x0000000084e00000| Complete 
|  79|0x0000000084f00000, 0x0000000085000000, 0x0000000085000000|100%|HC|  |TAMS 0x0000000084f00000| PB 0x0000000084f00000| Complete 
|  80|0x0000000085000000, 0x0000000085100000, 0x0000000085100000|100%|HC|  |TAMS 0x0000000085000000| PB 0x0000000085000000| Complete 
|  81|0x0000000085100000, 0x0000000085200000, 0x0000000085200000|100%|HC|  |TAMS 0x0000000085100000| PB 0x0000000085100000| Complete 
|  82|0x0000000085200000, 0x0000000085300000, 0x0000000085300000|100%| O|  |TAMS 0x0000000085200000| PB 0x0000000085200000| Untracked 
|  83|0x0000000085300000, 0x0000000085400000, 0x0000000085400000|100%|HS|  |TAMS 0x0000000085300000| PB 0x0000000085300000| Complete 
|  84|0x0000000085400000, 0x0000000085500000, 0x0000000085500000|100%|HC|  |TAMS 0x0000000085400000| PB 0x0000000085400000| Complete 
|  85|0x0000000085500000, 0x0000000085600000, 0x0000000085600000|100%|HC|  |TAMS 0x0000000085500000| PB 0x0000000085500000| Complete 
|  86|0x0000000085600000, 0x0000000085700000, 0x0000000085700000|100%|HC|  |TAMS 0x0000000085600000| PB 0x0000000085600000| Complete 
|  87|0x0000000085700000, 0x0000000085800000, 0x0000000085800000|100%|HC|  |TAMS 0x0000000085700000| PB 0x0000000085700000| Complete 
|  88|0x0000000085800000, 0x0000000085900000, 0x0000000085900000|100%|HC|  |TAMS 0x0000000085800000| PB 0x0000000085800000| Complete 
|  89|0x0000000085900000, 0x0000000085a00000, 0x0000000085a00000|100%|HS|  |TAMS 0x0000000085900000| PB 0x0000000085900000| Complete 
|  90|0x0000000085a00000, 0x0000000085b00000, 0x0000000085b00000|100%| O|  |TAMS 0x0000000085a00000| PB 0x0000000085a00000| Untracked 
|  91|0x0000000085b00000, 0x0000000085c00000, 0x0000000085c00000|100%| O|  |TAMS 0x0000000085b00000| PB 0x0000000085b00000| Untracked 
|  92|0x0000000085c00000, 0x0000000085d00000, 0x0000000085d00000|100%| O|  |TAMS 0x0000000085c00000| PB 0x0000000085c00000| Untracked 
|  93|0x0000000085d00000, 0x0000000085e00000, 0x0000000085e00000|100%| O|  |TAMS 0x0000000085d00000| PB 0x0000000085d00000| Untracked 
|  94|0x0000000085e00000, 0x0000000085f00000, 0x0000000085f00000|100%| O|  |TAMS 0x0000000085e00000| PB 0x0000000085e00000| Untracked 
|  95|0x0000000085f00000, 0x0000000086000000, 0x0000000086000000|100%| O|  |TAMS 0x0000000085f00000| PB 0x0000000085f00000| Untracked 
|  96|0x0000000086000000, 0x0000000086100000, 0x0000000086100000|100%| O|  |TAMS 0x0000000086000000| PB 0x0000000086000000| Untracked 
|  97|0x0000000086100000, 0x0000000086200000, 0x0000000086200000|100%| O|  |TAMS 0x0000000086100000| PB 0x0000000086100000| Untracked 
|  98|0x0000000086200000, 0x0000000086300000, 0x0000000086300000|100%| O|  |TAMS 0x0000000086200000| PB 0x0000000086200000| Untracked 
|  99|0x0000000086300000, 0x0000000086400000, 0x0000000086400000|100%| O|  |TAMS 0x0000000086300000| PB 0x0000000086300000| Untracked 
| 100|0x0000000086400000, 0x0000000086500000, 0x0000000086500000|100%| O|  |TAMS 0x0000000086400000| PB 0x0000000086400000| Untracked 
| 101|0x0000000086500000, 0x0000000086600000, 0x0000000086600000|100%| O|  |TAMS 0x0000000086500000| PB 0x0000000086500000| Untracked 
| 102|0x0000000086600000, 0x0000000086700000, 0x0000000086700000|100%|HS|  |TAMS 0x0000000086600000| PB 0x0000000086600000| Complete 
| 103|0x0000000086700000, 0x0000000086800000, 0x0000000086800000|100%|HS|  |TAMS 0x0000000086700000| PB 0x0000000086700000| Complete 
| 104|0x0000000086800000, 0x0000000086900000, 0x0000000086900000|100%|HS|  |TAMS 0x0000000086800000| PB 0x0000000086800000| Complete 
| 105|0x0000000086900000, 0x0000000086a00000, 0x0000000086a00000|100%|HC|  |TAMS 0x0000000086900000| PB 0x0000000086900000| Complete 
| 106|0x0000000086a00000, 0x0000000086b00000, 0x0000000086b00000|100%|HS|  |TAMS 0x0000000086a00000| PB 0x0000000086a00000| Complete 
| 107|0x0000000086b00000, 0x0000000086c00000, 0x0000000086c00000|100%|HC|  |TAMS 0x0000000086b00000| PB 0x0000000086b00000| Complete 
| 108|0x0000000086c00000, 0x0000000086d00000, 0x0000000086d00000|100%|HS|  |TAMS 0x0000000086c00000| PB 0x0000000086c00000| Complete 
| 109|0x0000000086d00000, 0x0000000086e00000, 0x0000000086e00000|100%|HS|  |TAMS 0x0000000086d00000| PB 0x0000000086d00000| Complete 
| 110|0x0000000086e00000, 0x0000000086f00000, 0x0000000086f00000|100%|HC|  |TAMS 0x0000000086e00000| PB 0x0000000086e00000| Complete 
| 111|0x0000000086f00000, 0x0000000087000000, 0x0000000087000000|100%|HC|  |TAMS 0x0000000086f00000| PB 0x0000000086f00000| Complete 
| 112|0x0000000087000000, 0x0000000087100000, 0x0000000087100000|100%|HS|  |TAMS 0x0000000087000000| PB 0x0000000087000000| Complete 
| 113|0x0000000087100000, 0x0000000087200000, 0x0000000087200000|100%|HS|  |TAMS 0x0000000087100000| PB 0x0000000087100000| Complete 
| 114|0x0000000087200000, 0x0000000087300000, 0x0000000087300000|100%| O|  |TAMS 0x0000000087200000| PB 0x0000000087200000| Untracked 
| 115|0x0000000087300000, 0x0000000087400000, 0x0000000087400000|100%|HS|  |TAMS 0x0000000087300000| PB 0x0000000087300000| Complete 
| 116|0x0000000087400000, 0x0000000087500000, 0x0000000087500000|100%| O|  |TAMS 0x0000000087400000| PB 0x0000000087400000| Untracked 
| 117|0x0000000087500000, 0x0000000087600000, 0x0000000087600000|100%| O|  |TAMS 0x0000000087500000| PB 0x0000000087500000| Untracked 
| 118|0x0000000087600000, 0x0000000087700000, 0x0000000087700000|100%| O|  |TAMS 0x0000000087600000| PB 0x0000000087600000| Untracked 
| 119|0x0000000087700000, 0x0000000087800000, 0x0000000087800000|100%| O|  |TAMS 0x0000000087700000| PB 0x0000000087700000| Untracked 
| 120|0x0000000087800000, 0x0000000087900000, 0x0000000087900000|100%| O|  |TAMS 0x0000000087800000| PB 0x0000000087800000| Untracked 
| 121|0x0000000087900000, 0x0000000087a00000, 0x0000000087a00000|100%| O|  |TAMS 0x0000000087900000| PB 0x0000000087900000| Untracked 
| 122|0x0000000087a00000, 0x0000000087b00000, 0x0000000087b00000|100%| O|  |TAMS 0x0000000087a00000| PB 0x0000000087a00000| Untracked 
| 123|0x0000000087b00000, 0x0000000087c00000, 0x0000000087c00000|100%| O|  |TAMS 0x0000000087b00000| PB 0x0000000087b00000| Untracked 
| 124|0x0000000087c00000, 0x0000000087d00000, 0x0000000087d00000|100%| O|  |TAMS 0x0000000087c00000| PB 0x0000000087c00000| Untracked 
| 125|0x0000000087d00000, 0x0000000087e00000, 0x0000000087e00000|100%| O|  |TAMS 0x0000000087d00000| PB 0x0000000087d00000| Untracked 
| 126|0x0000000087e00000, 0x0000000087f00000, 0x0000000087f00000|100%|HS|  |TAMS 0x0000000087e00000| PB 0x0000000087e00000| Complete 
| 127|0x0000000087f00000, 0x0000000088000000, 0x0000000088000000|100%|HC|  |TAMS 0x0000000087f00000| PB 0x0000000087f00000| Complete 
| 128|0x0000000088000000, 0x0000000088100000, 0x0000000088100000|100%|HC|  |TAMS 0x0000000088000000| PB 0x0000000088000000| Complete 
| 129|0x0000000088100000, 0x0000000088200000, 0x0000000088200000|100%|HS|  |TAMS 0x0000000088100000| PB 0x0000000088100000| Complete 
| 130|0x0000000088200000, 0x0000000088300000, 0x0000000088300000|100%| O|  |TAMS 0x0000000088200000| PB 0x0000000088200000| Untracked 
| 131|0x0000000088300000, 0x0000000088400000, 0x0000000088400000|100%| O|  |TAMS 0x0000000088300000| PB 0x0000000088300000| Untracked 
| 132|0x0000000088400000, 0x0000000088500000, 0x0000000088500000|100%| O|  |TAMS 0x0000000088400000| PB 0x0000000088400000| Untracked 
| 133|0x0000000088500000, 0x0000000088600000, 0x0000000088600000|100%| O|  |TAMS 0x0000000088500000| PB 0x0000000088500000| Untracked 
| 134|0x0000000088600000, 0x0000000088700000, 0x0000000088700000|100%| O|  |TAMS 0x0000000088600000| PB 0x0000000088600000| Untracked 
| 135|0x0000000088700000, 0x0000000088800000, 0x0000000088800000|100%| O|  |TAMS 0x0000000088700000| PB 0x0000000088700000| Untracked 
| 136|0x0000000088800000, 0x0000000088900000, 0x0000000088900000|100%| O|  |TAMS 0x0000000088800000| PB 0x0000000088800000| Untracked 
| 137|0x0000000088900000, 0x0000000088a00000, 0x0000000088a00000|100%| O|  |TAMS 0x0000000088900000| PB 0x0000000088900000| Untracked 
| 138|0x0000000088a00000, 0x0000000088b00000, 0x0000000088b00000|100%| O|  |TAMS 0x0000000088a00000| PB 0x0000000088a00000| Untracked 
| 139|0x0000000088b00000, 0x0000000088c00000, 0x0000000088c00000|100%| O|  |TAMS 0x0000000088b00000| PB 0x0000000088b00000| Untracked 
| 140|0x0000000088c00000, 0x0000000088d00000, 0x0000000088d00000|100%| O|  |TAMS 0x0000000088c00000| PB 0x0000000088c00000| Untracked 
| 141|0x0000000088d00000, 0x0000000088e00000, 0x0000000088e00000|100%| O|  |TAMS 0x0000000088d00000| PB 0x0000000088d00000| Untracked 
| 142|0x0000000088e00000, 0x0000000088f00000, 0x0000000088f00000|100%| O|  |TAMS 0x0000000088e00000| PB 0x0000000088e00000| Untracked 
| 143|0x0000000088f00000, 0x0000000089000000, 0x0000000089000000|100%| O|  |TAMS 0x0000000088f00000| PB 0x0000000088f00000| Untracked 
| 144|0x0000000089000000, 0x0000000089100000, 0x0000000089100000|100%| O|  |TAMS 0x0000000089000000| PB 0x0000000089000000| Untracked 
| 145|0x0000000089100000, 0x0000000089200000, 0x0000000089200000|100%| O|  |TAMS 0x0000000089100000| PB 0x0000000089100000| Untracked 
| 146|0x0000000089200000, 0x0000000089300000, 0x0000000089300000|100%| O|  |TAMS 0x0000000089200000| PB 0x0000000089200000| Untracked 
| 147|0x0000000089300000, 0x0000000089400000, 0x0000000089400000|100%| O|  |TAMS 0x0000000089300000| PB 0x0000000089300000| Untracked 
| 148|0x0000000089400000, 0x0000000089500000, 0x0000000089500000|100%| O|  |TAMS 0x0000000089400000| PB 0x0000000089400000| Untracked 
| 149|0x0000000089500000, 0x0000000089600000, 0x0000000089600000|100%| O|  |TAMS 0x0000000089500000| PB 0x0000000089500000| Untracked 
| 150|0x0000000089600000, 0x0000000089700000, 0x0000000089700000|100%|HS|  |TAMS 0x0000000089600000| PB 0x0000000089600000| Complete 
| 151|0x0000000089700000, 0x0000000089800000, 0x0000000089800000|100%|HC|  |TAMS 0x0000000089700000| PB 0x0000000089700000| Complete 
| 152|0x0000000089800000, 0x0000000089900000, 0x0000000089900000|100%| O|  |TAMS 0x0000000089800000| PB 0x0000000089800000| Untracked 
| 153|0x0000000089900000, 0x0000000089a00000, 0x0000000089a00000|100%| O|  |TAMS 0x0000000089900000| PB 0x0000000089900000| Untracked 
| 154|0x0000000089a00000, 0x0000000089b00000, 0x0000000089b00000|100%| O|  |TAMS 0x0000000089a00000| PB 0x0000000089a00000| Untracked 
| 155|0x0000000089b00000, 0x0000000089c00000, 0x0000000089c00000|100%| O|  |TAMS 0x0000000089b00000| PB 0x0000000089b00000| Untracked 
| 156|0x0000000089c00000, 0x0000000089d00000, 0x0000000089d00000|100%| O|  |TAMS 0x0000000089c00000| PB 0x0000000089c00000| Untracked 
| 157|0x0000000089d00000, 0x0000000089e00000, 0x0000000089e00000|100%| O|  |TAMS 0x0000000089d00000| PB 0x0000000089d00000| Untracked 
| 158|0x0000000089e00000, 0x0000000089f00000, 0x0000000089f00000|100%| O|  |TAMS 0x0000000089e00000| PB 0x0000000089e00000| Untracked 
| 159|0x0000000089f00000, 0x000000008a000000, 0x000000008a000000|100%| O|  |TAMS 0x0000000089f00000| PB 0x0000000089f00000| Untracked 
| 160|0x000000008a000000, 0x000000008a100000, 0x000000008a100000|100%| O|  |TAMS 0x000000008a000000| PB 0x000000008a000000| Untracked 
| 161|0x000000008a100000, 0x000000008a200000, 0x000000008a200000|100%| O|  |TAMS 0x000000008a100000| PB 0x000000008a100000| Untracked 
| 162|0x000000008a200000, 0x000000008a300000, 0x000000008a300000|100%| O|  |TAMS 0x000000008a200000| PB 0x000000008a200000| Untracked 
| 163|0x000000008a300000, 0x000000008a400000, 0x000000008a400000|100%| O|  |TAMS 0x000000008a300000| PB 0x000000008a300000| Untracked 
| 164|0x000000008a400000, 0x000000008a500000, 0x000000008a500000|100%| O|  |TAMS 0x000000008a400000| PB 0x000000008a400000| Untracked 
| 165|0x000000008a500000, 0x000000008a600000, 0x000000008a600000|100%| O|  |TAMS 0x000000008a500000| PB 0x000000008a500000| Untracked 
| 166|0x000000008a600000, 0x000000008a700000, 0x000000008a700000|100%| O|  |TAMS 0x000000008a600000| PB 0x000000008a600000| Untracked 
| 167|0x000000008a700000, 0x000000008a700000, 0x000000008a800000|  0%| F|  |TAMS 0x000000008a700000| PB 0x000000008a700000| Untracked 
| 168|0x000000008a800000, 0x000000008a900000, 0x000000008a900000|100%| O|  |TAMS 0x000000008a800000| PB 0x000000008a800000| Untracked 
| 169|0x000000008a900000, 0x000000008aa00000, 0x000000008aa00000|100%| O|  |TAMS 0x000000008a900000| PB 0x000000008a900000| Untracked 
| 170|0x000000008aa00000, 0x000000008ab00000, 0x000000008ab00000|100%| O|  |TAMS 0x000000008aa00000| PB 0x000000008aa00000| Untracked 
| 171|0x000000008ab00000, 0x000000008ac00000, 0x000000008ac00000|100%| O|  |TAMS 0x000000008ab00000| PB 0x000000008ab00000| Untracked 
| 172|0x000000008ac00000, 0x000000008ad00000, 0x000000008ad00000|100%| O|  |TAMS 0x000000008ac00000| PB 0x000000008ac00000| Untracked 
| 173|0x000000008ad00000, 0x000000008ae00000, 0x000000008ae00000|100%| O|  |TAMS 0x000000008ad00000| PB 0x000000008ad00000| Untracked 
| 174|0x000000008ae00000, 0x000000008af00000, 0x000000008af00000|100%| O|Cm|TAMS 0x000000008ae00000| PB 0x000000008ae00000| Complete 
| 175|0x000000008af00000, 0x000000008b000000, 0x000000008b000000|100%| O|  |TAMS 0x000000008af00000| PB 0x000000008af00000| Untracked 
| 176|0x000000008b000000, 0x000000008b100000, 0x000000008b100000|100%| O|  |TAMS 0x000000008b000000| PB 0x000000008b000000| Untracked 
| 177|0x000000008b100000, 0x000000008b200000, 0x000000008b200000|100%| O|  |TAMS 0x000000008b100000| PB 0x000000008b100000| Untracked 
| 178|0x000000008b200000, 0x000000008b300000, 0x000000008b300000|100%| O|  |TAMS 0x000000008b200000| PB 0x000000008b200000| Untracked 
| 179|0x000000008b300000, 0x000000008b400000, 0x000000008b400000|100%| O|  |TAMS 0x000000008b300000| PB 0x000000008b300000| Untracked 
| 180|0x000000008b400000, 0x000000008b500000, 0x000000008b500000|100%| O|  |TAMS 0x000000008b400000| PB 0x000000008b400000| Untracked 
| 181|0x000000008b500000, 0x000000008b500000, 0x000000008b600000|  0%| F|  |TAMS 0x000000008b500000| PB 0x000000008b500000| Untracked 
| 182|0x000000008b600000, 0x000000008b700000, 0x000000008b700000|100%| O|  |TAMS 0x000000008b600000| PB 0x000000008b600000| Untracked 
| 183|0x000000008b700000, 0x000000008b800000, 0x000000008b800000|100%| O|  |TAMS 0x000000008b700000| PB 0x000000008b700000| Untracked 
| 184|0x000000008b800000, 0x000000008b900000, 0x000000008b900000|100%| O|  |TAMS 0x000000008b800000| PB 0x000000008b800000| Untracked 
| 185|0x000000008b900000, 0x000000008ba00000, 0x000000008ba00000|100%| O|  |TAMS 0x000000008b900000| PB 0x000000008b900000| Untracked 
| 186|0x000000008ba00000, 0x000000008bb00000, 0x000000008bb00000|100%| O|  |TAMS 0x000000008ba00000| PB 0x000000008ba00000| Untracked 
| 187|0x000000008bb00000, 0x000000008bc00000, 0x000000008bc00000|100%| O|  |TAMS 0x000000008bb00000| PB 0x000000008bb00000| Untracked 
| 188|0x000000008bc00000, 0x000000008bd00000, 0x000000008bd00000|100%| O|Cm|TAMS 0x000000008bc00000| PB 0x000000008bc00000| Complete 
| 189|0x000000008bd00000, 0x000000008be00000, 0x000000008be00000|100%| O|  |TAMS 0x000000008bd00000| PB 0x000000008bd00000| Untracked 
| 190|0x000000008be00000, 0x000000008bf00000, 0x000000008bf00000|100%| O|  |TAMS 0x000000008be00000| PB 0x000000008be00000| Untracked 
| 191|0x000000008bf00000, 0x000000008c000000, 0x000000008c000000|100%| O|  |TAMS 0x000000008bf00000| PB 0x000000008bf00000| Untracked 
| 192|0x000000008c000000, 0x000000008c100000, 0x000000008c100000|100%| O|  |TAMS 0x000000008c000000| PB 0x000000008c000000| Untracked 
| 193|0x000000008c100000, 0x000000008c200000, 0x000000008c200000|100%| O|  |TAMS 0x000000008c100000| PB 0x000000008c100000| Untracked 
| 194|0x000000008c200000, 0x000000008c300000, 0x000000008c300000|100%| O|  |TAMS 0x000000008c200000| PB 0x000000008c200000| Untracked 
| 195|0x000000008c300000, 0x000000008c400000, 0x000000008c400000|100%| O|  |TAMS 0x000000008c300000| PB 0x000000008c300000| Untracked 
| 196|0x000000008c400000, 0x000000008c500000, 0x000000008c500000|100%| O|  |TAMS 0x000000008c400000| PB 0x000000008c400000| Untracked 
| 197|0x000000008c500000, 0x000000008c600000, 0x000000008c600000|100%| O|  |TAMS 0x000000008c500000| PB 0x000000008c500000| Untracked 
| 198|0x000000008c600000, 0x000000008c700000, 0x000000008c700000|100%| O|  |TAMS 0x000000008c600000| PB 0x000000008c600000| Untracked 
| 199|0x000000008c700000, 0x000000008c800000, 0x000000008c800000|100%| O|  |TAMS 0x000000008c700000| PB 0x000000008c700000| Untracked 
| 200|0x000000008c800000, 0x000000008c900000, 0x000000008c900000|100%| O|  |TAMS 0x000000008c800000| PB 0x000000008c800000| Untracked 
| 201|0x000000008c900000, 0x000000008ca00000, 0x000000008ca00000|100%| O|  |TAMS 0x000000008c900000| PB 0x000000008c900000| Untracked 
| 202|0x000000008ca00000, 0x000000008cb00000, 0x000000008cb00000|100%| O|  |TAMS 0x000000008ca00000| PB 0x000000008ca00000| Untracked 
| 203|0x000000008cb00000, 0x000000008cc00000, 0x000000008cc00000|100%| O|  |TAMS 0x000000008cb00000| PB 0x000000008cb00000| Untracked 
| 204|0x000000008cc00000, 0x000000008cd00000, 0x000000008cd00000|100%| O|  |TAMS 0x000000008cc00000| PB 0x000000008cc00000| Untracked 
| 205|0x000000008cd00000, 0x000000008ce00000, 0x000000008ce00000|100%| O|  |TAMS 0x000000008cd00000| PB 0x000000008cd00000| Untracked 
| 206|0x000000008ce00000, 0x000000008cf00000, 0x000000008cf00000|100%| O|  |TAMS 0x000000008ce00000| PB 0x000000008ce00000| Untracked 
| 207|0x000000008cf00000, 0x000000008d000000, 0x000000008d000000|100%| O|  |TAMS 0x000000008cf00000| PB 0x000000008cf00000| Untracked 
| 208|0x000000008d000000, 0x000000008d100000, 0x000000008d100000|100%| O|  |TAMS 0x000000008d000000| PB 0x000000008d000000| Untracked 
| 209|0x000000008d100000, 0x000000008d200000, 0x000000008d200000|100%| O|  |TAMS 0x000000008d100000| PB 0x000000008d100000| Untracked 
| 210|0x000000008d200000, 0x000000008d300000, 0x000000008d300000|100%| O|  |TAMS 0x000000008d200000| PB 0x000000008d200000| Untracked 
| 211|0x000000008d300000, 0x000000008d400000, 0x000000008d400000|100%| O|Cm|TAMS 0x000000008d300000| PB 0x000000008d300000| Complete 
| 212|0x000000008d400000, 0x000000008d500000, 0x000000008d500000|100%| O|  |TAMS 0x000000008d400000| PB 0x000000008d400000| Untracked 
| 213|0x000000008d500000, 0x000000008d600000, 0x000000008d600000|100%| O|  |TAMS 0x000000008d500000| PB 0x000000008d500000| Untracked 
| 214|0x000000008d600000, 0x000000008d700000, 0x000000008d700000|100%| O|  |TAMS 0x000000008d600000| PB 0x000000008d600000| Untracked 
| 215|0x000000008d700000, 0x000000008d800000, 0x000000008d800000|100%| O|  |TAMS 0x000000008d700000| PB 0x000000008d700000| Untracked 
| 216|0x000000008d800000, 0x000000008d900000, 0x000000008d900000|100%| O|  |TAMS 0x000000008d800000| PB 0x000000008d800000| Untracked 
| 217|0x000000008d900000, 0x000000008da00000, 0x000000008da00000|100%| O|  |TAMS 0x000000008d900000| PB 0x000000008d900000| Untracked 
| 218|0x000000008da00000, 0x000000008db00000, 0x000000008db00000|100%| O|  |TAMS 0x000000008da00000| PB 0x000000008da00000| Untracked 
| 219|0x000000008db00000, 0x000000008dc00000, 0x000000008dc00000|100%| O|  |TAMS 0x000000008db00000| PB 0x000000008db00000| Untracked 
| 220|0x000000008dc00000, 0x000000008dd00000, 0x000000008dd00000|100%| O|Cm|TAMS 0x000000008dc00000| PB 0x000000008dc00000| Complete 
| 221|0x000000008dd00000, 0x000000008de00000, 0x000000008de00000|100%| O|  |TAMS 0x000000008dd00000| PB 0x000000008dd00000| Untracked 
| 222|0x000000008de00000, 0x000000008de00000, 0x000000008df00000|  0%| F|  |TAMS 0x000000008de00000| PB 0x000000008de00000| Untracked 
| 223|0x000000008df00000, 0x000000008e000000, 0x000000008e000000|100%| O|  |TAMS 0x000000008df00000| PB 0x000000008df00000| Untracked 
| 224|0x000000008e000000, 0x000000008e100000, 0x000000008e100000|100%| O|  |TAMS 0x000000008e000000| PB 0x000000008e000000| Untracked 
| 225|0x000000008e100000, 0x000000008e200000, 0x000000008e200000|100%| O|Cm|TAMS 0x000000008e100000| PB 0x000000008e100000| Complete 
| 226|0x000000008e200000, 0x000000008e300000, 0x000000008e300000|100%| O|  |TAMS 0x000000008e200000| PB 0x000000008e200000| Untracked 
| 227|0x000000008e300000, 0x000000008e400000, 0x000000008e400000|100%| O|  |TAMS 0x000000008e300000| PB 0x000000008e300000| Untracked 
| 228|0x000000008e400000, 0x000000008e500000, 0x000000008e500000|100%| O|  |TAMS 0x000000008e400000| PB 0x000000008e400000| Untracked 
| 229|0x000000008e500000, 0x000000008e600000, 0x000000008e600000|100%| O|  |TAMS 0x000000008e500000| PB 0x000000008e500000| Untracked 
| 230|0x000000008e600000, 0x000000008e700000, 0x000000008e700000|100%| O|  |TAMS 0x000000008e600000| PB 0x000000008e600000| Untracked 
| 231|0x000000008e700000, 0x000000008e800000, 0x000000008e800000|100%| O|  |TAMS 0x000000008e700000| PB 0x000000008e700000| Untracked 
| 232|0x000000008e800000, 0x000000008e900000, 0x000000008e900000|100%| O|  |TAMS 0x000000008e800000| PB 0x000000008e800000| Untracked 
| 233|0x000000008e900000, 0x000000008ea00000, 0x000000008ea00000|100%| O|  |TAMS 0x000000008e900000| PB 0x000000008e900000| Untracked 
| 234|0x000000008ea00000, 0x000000008eb00000, 0x000000008eb00000|100%| O|  |TAMS 0x000000008ea00000| PB 0x000000008ea00000| Untracked 
| 235|0x000000008eb00000, 0x000000008ec00000, 0x000000008ec00000|100%| O|  |TAMS 0x000000008eb00000| PB 0x000000008eb00000| Untracked 
| 236|0x000000008ec00000, 0x000000008ed00000, 0x000000008ed00000|100%| O|  |TAMS 0x000000008ec00000| PB 0x000000008ec00000| Untracked 
| 237|0x000000008ed00000, 0x000000008ee00000, 0x000000008ee00000|100%| O|  |TAMS 0x000000008ed00000| PB 0x000000008ed00000| Untracked 
| 238|0x000000008ee00000, 0x000000008ef00000, 0x000000008ef00000|100%| O|  |TAMS 0x000000008ee00000| PB 0x000000008ee00000| Untracked 
| 239|0x000000008ef00000, 0x000000008f000000, 0x000000008f000000|100%| O|  |TAMS 0x000000008ef00000| PB 0x000000008ef00000| Untracked 
| 240|0x000000008f000000, 0x000000008f100000, 0x000000008f100000|100%| O|Cm|TAMS 0x000000008f000000| PB 0x000000008f000000| Complete 
| 241|0x000000008f100000, 0x000000008f200000, 0x000000008f200000|100%| O|  |TAMS 0x000000008f100000| PB 0x000000008f100000| Untracked 
| 242|0x000000008f200000, 0x000000008f300000, 0x000000008f300000|100%| O|  |TAMS 0x000000008f200000| PB 0x000000008f200000| Untracked 
| 243|0x000000008f300000, 0x000000008f400000, 0x000000008f400000|100%| O|  |TAMS 0x000000008f300000| PB 0x000000008f300000| Untracked 
| 244|0x000000008f400000, 0x000000008f500000, 0x000000008f500000|100%| O|  |TAMS 0x000000008f400000| PB 0x000000008f400000| Untracked 
| 245|0x000000008f500000, 0x000000008f600000, 0x000000008f600000|100%| O|  |TAMS 0x000000008f500000| PB 0x000000008f500000| Untracked 
| 246|0x000000008f600000, 0x000000008f700000, 0x000000008f700000|100%| O|Cm|TAMS 0x000000008f600000| PB 0x000000008f600000| Complete 
| 247|0x000000008f700000, 0x000000008f800000, 0x000000008f800000|100%| O|  |TAMS 0x000000008f700000| PB 0x000000008f700000| Untracked 
| 248|0x000000008f800000, 0x000000008f900000, 0x000000008f900000|100%| O|  |TAMS 0x000000008f800000| PB 0x000000008f800000| Untracked 
| 249|0x000000008f900000, 0x000000008fa00000, 0x000000008fa00000|100%| O|  |TAMS 0x000000008f900000| PB 0x000000008f900000| Untracked 
| 250|0x000000008fa00000, 0x000000008fb00000, 0x000000008fb00000|100%| O|  |TAMS 0x000000008fa00000| PB 0x000000008fa00000| Untracked 
| 251|0x000000008fb00000, 0x000000008fc00000, 0x000000008fc00000|100%| O|Cm|TAMS 0x000000008fb00000| PB 0x000000008fb00000| Complete 
| 252|0x000000008fc00000, 0x000000008fd00000, 0x000000008fd00000|100%| O|  |TAMS 0x000000008fc00000| PB 0x000000008fc00000| Untracked 
| 253|0x000000008fd00000, 0x000000008fe00000, 0x000000008fe00000|100%| O|  |TAMS 0x000000008fd00000| PB 0x000000008fd00000| Untracked 
| 254|0x000000008fe00000, 0x000000008ff00000, 0x000000008ff00000|100%| O|  |TAMS 0x000000008fe00000| PB 0x000000008fe00000| Untracked 
| 255|0x000000008ff00000, 0x0000000090000000, 0x0000000090000000|100%| O|  |TAMS 0x000000008ff00000| PB 0x000000008ff00000| Untracked 
| 256|0x0000000090000000, 0x0000000090100000, 0x0000000090100000|100%| O|Cm|TAMS 0x0000000090000000| PB 0x0000000090000000| Complete 
| 257|0x0000000090100000, 0x0000000090200000, 0x0000000090200000|100%| O|  |TAMS 0x0000000090100000| PB 0x0000000090100000| Untracked 
| 258|0x0000000090200000, 0x0000000090300000, 0x0000000090300000|100%| O|  |TAMS 0x0000000090200000| PB 0x0000000090200000| Untracked 
| 259|0x0000000090300000, 0x0000000090400000, 0x0000000090400000|100%| O|  |TAMS 0x0000000090300000| PB 0x0000000090300000| Untracked 
| 260|0x0000000090400000, 0x0000000090500000, 0x0000000090500000|100%| O|  |TAMS 0x0000000090400000| PB 0x0000000090400000| Untracked 
| 261|0x0000000090500000, 0x0000000090600000, 0x0000000090600000|100%| O|  |TAMS 0x0000000090500000| PB 0x0000000090500000| Untracked 
| 262|0x0000000090600000, 0x0000000090700000, 0x0000000090700000|100%| O|  |TAMS 0x0000000090600000| PB 0x0000000090600000| Untracked 
| 263|0x0000000090700000, 0x0000000090800000, 0x0000000090800000|100%| O|  |TAMS 0x0000000090700000| PB 0x0000000090700000| Untracked 
| 264|0x0000000090800000, 0x0000000090900000, 0x0000000090900000|100%| O|  |TAMS 0x0000000090800000| PB 0x0000000090800000| Untracked 
| 265|0x0000000090900000, 0x0000000090900000, 0x0000000090a00000|  0%| F|  |TAMS 0x0000000090900000| PB 0x0000000090900000| Untracked 
| 266|0x0000000090a00000, 0x0000000090b00000, 0x0000000090b00000|100%| O|  |TAMS 0x0000000090a00000| PB 0x0000000090a00000| Untracked 
| 267|0x0000000090b00000, 0x0000000090c00000, 0x0000000090c00000|100%| O|  |TAMS 0x0000000090b00000| PB 0x0000000090b00000| Untracked 
| 268|0x0000000090c00000, 0x0000000090d00000, 0x0000000090d00000|100%| O|  |TAMS 0x0000000090c00000| PB 0x0000000090c00000| Untracked 
| 269|0x0000000090d00000, 0x0000000090d00000, 0x0000000090e00000|  0%| F|  |TAMS 0x0000000090d00000| PB 0x0000000090d00000| Untracked 
| 270|0x0000000090e00000, 0x0000000090f00000, 0x0000000090f00000|100%| O|  |TAMS 0x0000000090e00000| PB 0x0000000090e00000| Untracked 
| 271|0x0000000090f00000, 0x0000000091000000, 0x0000000091000000|100%| O|  |TAMS 0x0000000090f00000| PB 0x0000000090f00000| Untracked 
| 272|0x0000000091000000, 0x0000000091100000, 0x0000000091100000|100%| O|  |TAMS 0x0000000091000000| PB 0x0000000091000000| Untracked 
| 273|0x0000000091100000, 0x0000000091200000, 0x0000000091200000|100%| O|  |TAMS 0x0000000091100000| PB 0x0000000091100000| Untracked 
| 274|0x0000000091200000, 0x0000000091300000, 0x0000000091300000|100%| O|  |TAMS 0x0000000091200000| PB 0x0000000091200000| Untracked 
| 275|0x0000000091300000, 0x0000000091400000, 0x0000000091400000|100%| O|  |TAMS 0x0000000091300000| PB 0x0000000091300000| Untracked 
| 276|0x0000000091400000, 0x0000000091500000, 0x0000000091500000|100%| O|  |TAMS 0x0000000091400000| PB 0x0000000091400000| Untracked 
| 277|0x0000000091500000, 0x0000000091600000, 0x0000000091600000|100%| O|  |TAMS 0x0000000091500000| PB 0x0000000091500000| Untracked 
| 278|0x0000000091600000, 0x0000000091700000, 0x0000000091700000|100%| O|  |TAMS 0x0000000091600000| PB 0x0000000091600000| Untracked 
| 279|0x0000000091700000, 0x0000000091800000, 0x0000000091800000|100%| O|Cm|TAMS 0x0000000091700000| PB 0x0000000091700000| Complete 
| 280|0x0000000091800000, 0x0000000091900000, 0x0000000091900000|100%| O|  |TAMS 0x0000000091800000| PB 0x0000000091800000| Untracked 
| 281|0x0000000091900000, 0x0000000091a00000, 0x0000000091a00000|100%| O|  |TAMS 0x0000000091900000| PB 0x0000000091900000| Untracked 
| 282|0x0000000091a00000, 0x0000000091b00000, 0x0000000091b00000|100%| O|  |TAMS 0x0000000091a00000| PB 0x0000000091a00000| Untracked 
| 283|0x0000000091b00000, 0x0000000091b00000, 0x0000000091c00000|  0%| F|  |TAMS 0x0000000091b00000| PB 0x0000000091b00000| Untracked 
| 284|0x0000000091c00000, 0x0000000091d00000, 0x0000000091d00000|100%| O|  |TAMS 0x0000000091c00000| PB 0x0000000091c00000| Untracked 
| 285|0x0000000091d00000, 0x0000000091e00000, 0x0000000091e00000|100%| O|  |TAMS 0x0000000091d00000| PB 0x0000000091d00000| Untracked 
| 286|0x0000000091e00000, 0x0000000091f00000, 0x0000000091f00000|100%| O|Cm|TAMS 0x0000000091e00000| PB 0x0000000091e00000| Complete 
| 287|0x0000000091f00000, 0x0000000092000000, 0x0000000092000000|100%| O|  |TAMS 0x0000000091f00000| PB 0x0000000091f00000| Untracked 
| 288|0x0000000092000000, 0x0000000092100000, 0x0000000092100000|100%| O|  |TAMS 0x0000000092000000| PB 0x0000000092000000| Untracked 
| 289|0x0000000092100000, 0x0000000092200000, 0x0000000092200000|100%| O|  |TAMS 0x0000000092100000| PB 0x0000000092100000| Untracked 
| 290|0x0000000092200000, 0x0000000092300000, 0x0000000092300000|100%| O|Cm|TAMS 0x0000000092200000| PB 0x0000000092200000| Complete 
| 291|0x0000000092300000, 0x0000000092400000, 0x0000000092400000|100%| O|  |TAMS 0x0000000092300000| PB 0x0000000092300000| Untracked 
| 292|0x0000000092400000, 0x0000000092500000, 0x0000000092500000|100%| O|  |TAMS 0x0000000092400000| PB 0x0000000092400000| Untracked 
| 293|0x0000000092500000, 0x0000000092600000, 0x0000000092600000|100%| O|  |TAMS 0x0000000092500000| PB 0x0000000092500000| Untracked 
| 294|0x0000000092600000, 0x0000000092700000, 0x0000000092700000|100%| O|Cm|TAMS 0x0000000092600000| PB 0x0000000092600000| Complete 
| 295|0x0000000092700000, 0x0000000092800000, 0x0000000092800000|100%| O|  |TAMS 0x0000000092700000| PB 0x0000000092700000| Untracked 
| 296|0x0000000092800000, 0x0000000092900000, 0x0000000092900000|100%| O|  |TAMS 0x0000000092800000| PB 0x0000000092800000| Untracked 
| 297|0x0000000092900000, 0x0000000092a00000, 0x0000000092a00000|100%| O|  |TAMS 0x0000000092900000| PB 0x0000000092900000| Untracked 
| 298|0x0000000092a00000, 0x0000000092b00000, 0x0000000092b00000|100%| O|  |TAMS 0x0000000092a00000| PB 0x0000000092a00000| Untracked 
| 299|0x0000000092b00000, 0x0000000092c00000, 0x0000000092c00000|100%| O|  |TAMS 0x0000000092b00000| PB 0x0000000092b00000| Untracked 
| 300|0x0000000092c00000, 0x0000000092d00000, 0x0000000092d00000|100%| O|  |TAMS 0x0000000092c00000| PB 0x0000000092c00000| Untracked 
| 301|0x0000000092d00000, 0x0000000092e00000, 0x0000000092e00000|100%| O|  |TAMS 0x0000000092d00000| PB 0x0000000092d00000| Untracked 
| 302|0x0000000092e00000, 0x0000000092f00000, 0x0000000092f00000|100%| O|  |TAMS 0x0000000092e00000| PB 0x0000000092e00000| Untracked 
| 303|0x0000000092f00000, 0x0000000093000000, 0x0000000093000000|100%| O|  |TAMS 0x0000000092f00000| PB 0x0000000092f00000| Untracked 
| 304|0x0000000093000000, 0x0000000093100000, 0x0000000093100000|100%| O|Cm|TAMS 0x0000000093000000| PB 0x0000000093000000| Complete 
| 305|0x0000000093100000, 0x0000000093200000, 0x0000000093200000|100%| O|  |TAMS 0x0000000093100000| PB 0x0000000093100000| Untracked 
| 306|0x0000000093200000, 0x0000000093300000, 0x0000000093300000|100%| O|Cm|TAMS 0x0000000093200000| PB 0x0000000093200000| Complete 
| 307|0x0000000093300000, 0x0000000093400000, 0x0000000093400000|100%| O|  |TAMS 0x0000000093300000| PB 0x0000000093300000| Untracked 
| 308|0x0000000093400000, 0x0000000093500000, 0x0000000093500000|100%| O|  |TAMS 0x0000000093400000| PB 0x0000000093400000| Untracked 
| 309|0x0000000093500000, 0x0000000093600000, 0x0000000093600000|100%| O|  |TAMS 0x0000000093500000| PB 0x0000000093500000| Untracked 
| 310|0x0000000093600000, 0x0000000093700000, 0x0000000093700000|100%| O|  |TAMS 0x0000000093600000| PB 0x0000000093600000| Untracked 
| 311|0x0000000093700000, 0x0000000093800000, 0x0000000093800000|100%| O|  |TAMS 0x0000000093700000| PB 0x0000000093700000| Untracked 
| 312|0x0000000093800000, 0x0000000093900000, 0x0000000093900000|100%| O|  |TAMS 0x0000000093800000| PB 0x0000000093800000| Untracked 
| 313|0x0000000093900000, 0x0000000093a00000, 0x0000000093a00000|100%| O|  |TAMS 0x0000000093900000| PB 0x0000000093900000| Untracked 
| 314|0x0000000093a00000, 0x0000000093b00000, 0x0000000093b00000|100%| O|Cm|TAMS 0x0000000093a00000| PB 0x0000000093a00000| Complete 
| 315|0x0000000093b00000, 0x0000000093c00000, 0x0000000093c00000|100%| O|Cm|TAMS 0x0000000093b00000| PB 0x0000000093b00000| Complete 
| 316|0x0000000093c00000, 0x0000000093d00000, 0x0000000093d00000|100%| O|  |TAMS 0x0000000093c00000| PB 0x0000000093c00000| Untracked 
| 317|0x0000000093d00000, 0x0000000093e00000, 0x0000000093e00000|100%| O|Cm|TAMS 0x0000000093d00000| PB 0x0000000093d00000| Complete 
| 318|0x0000000093e00000, 0x0000000093f00000, 0x0000000093f00000|100%| O|Cm|TAMS 0x0000000093e00000| PB 0x0000000093e00000| Complete 
| 319|0x0000000093f00000, 0x0000000094000000, 0x0000000094000000|100%| O|  |TAMS 0x0000000093f00000| PB 0x0000000093f00000| Untracked 
| 320|0x0000000094000000, 0x0000000094100000, 0x0000000094100000|100%| O|  |TAMS 0x0000000094000000| PB 0x0000000094000000| Untracked 
| 321|0x0000000094100000, 0x0000000094200000, 0x0000000094200000|100%| O|  |TAMS 0x0000000094100000| PB 0x0000000094100000| Untracked 
| 322|0x0000000094200000, 0x0000000094300000, 0x0000000094300000|100%| O|  |TAMS 0x0000000094200000| PB 0x0000000094200000| Untracked 
| 323|0x0000000094300000, 0x0000000094400000, 0x0000000094400000|100%| O|  |TAMS 0x0000000094300000| PB 0x0000000094300000| Untracked 
| 324|0x0000000094400000, 0x0000000094500000, 0x0000000094500000|100%| O|  |TAMS 0x0000000094400000| PB 0x0000000094400000| Untracked 
| 325|0x0000000094500000, 0x0000000094600000, 0x0000000094600000|100%| O|  |TAMS 0x0000000094500000| PB 0x0000000094500000| Untracked 
| 326|0x0000000094600000, 0x0000000094700000, 0x0000000094700000|100%| O|  |TAMS 0x0000000094600000| PB 0x0000000094600000| Untracked 
| 327|0x0000000094700000, 0x0000000094800000, 0x0000000094800000|100%| O|  |TAMS 0x0000000094700000| PB 0x0000000094700000| Untracked 
| 328|0x0000000094800000, 0x0000000094900000, 0x0000000094900000|100%| O|  |TAMS 0x0000000094800000| PB 0x0000000094800000| Untracked 
| 329|0x0000000094900000, 0x0000000094a00000, 0x0000000094a00000|100%| O|  |TAMS 0x0000000094900000| PB 0x0000000094900000| Untracked 
| 330|0x0000000094a00000, 0x0000000094b00000, 0x0000000094b00000|100%| O|  |TAMS 0x0000000094a00000| PB 0x0000000094a00000| Untracked 
| 331|0x0000000094b00000, 0x0000000094c00000, 0x0000000094c00000|100%| O|  |TAMS 0x0000000094b00000| PB 0x0000000094b00000| Untracked 
| 332|0x0000000094c00000, 0x0000000094d00000, 0x0000000094d00000|100%| O|  |TAMS 0x0000000094c00000| PB 0x0000000094c00000| Untracked 
| 333|0x0000000094d00000, 0x0000000094e00000, 0x0000000094e00000|100%| O|  |TAMS 0x0000000094d00000| PB 0x0000000094d00000| Untracked 
| 334|0x0000000094e00000, 0x0000000094f00000, 0x0000000094f00000|100%| O|  |TAMS 0x0000000094e00000| PB 0x0000000094e00000| Untracked 
| 335|0x0000000094f00000, 0x0000000094f00000, 0x0000000095000000|  0%| F|  |TAMS 0x0000000094f00000| PB 0x0000000094f00000| Untracked 
| 336|0x0000000095000000, 0x0000000095100000, 0x0000000095100000|100%| O|  |TAMS 0x0000000095000000| PB 0x0000000095000000| Untracked 
| 337|0x0000000095100000, 0x0000000095200000, 0x0000000095200000|100%| O|  |TAMS 0x0000000095100000| PB 0x0000000095100000| Untracked 
| 338|0x0000000095200000, 0x0000000095300000, 0x0000000095300000|100%| O|Cm|TAMS 0x0000000095200000| PB 0x0000000095200000| Complete 
| 339|0x0000000095300000, 0x0000000095400000, 0x0000000095400000|100%| O|Cm|TAMS 0x0000000095300000| PB 0x0000000095300000| Complete 
| 340|0x0000000095400000, 0x0000000095500000, 0x0000000095500000|100%| O|Cm|TAMS 0x0000000095400000| PB 0x0000000095400000| Complete 
| 341|0x0000000095500000, 0x0000000095600000, 0x0000000095600000|100%| O|Cm|TAMS 0x0000000095500000| PB 0x0000000095500000| Complete 
| 342|0x0000000095600000, 0x0000000095700000, 0x0000000095700000|100%| O|  |TAMS 0x0000000095600000| PB 0x0000000095600000| Untracked 
| 343|0x0000000095700000, 0x0000000095800000, 0x0000000095800000|100%| O|  |TAMS 0x0000000095700000| PB 0x0000000095700000| Untracked 
| 344|0x0000000095800000, 0x0000000095900000, 0x0000000095900000|100%| O|  |TAMS 0x0000000095800000| PB 0x0000000095800000| Untracked 
| 345|0x0000000095900000, 0x0000000095a00000, 0x0000000095a00000|100%| O|Cm|TAMS 0x0000000095900000| PB 0x0000000095900000| Complete 
| 346|0x0000000095a00000, 0x0000000095b00000, 0x0000000095b00000|100%| O|  |TAMS 0x0000000095a00000| PB 0x0000000095a00000| Untracked 
| 347|0x0000000095b00000, 0x0000000095c00000, 0x0000000095c00000|100%| O|  |TAMS 0x0000000095b00000| PB 0x0000000095b00000| Untracked 
| 348|0x0000000095c00000, 0x0000000095d00000, 0x0000000095d00000|100%| O|Cm|TAMS 0x0000000095c00000| PB 0x0000000095c00000| Complete 
| 349|0x0000000095d00000, 0x0000000095e00000, 0x0000000095e00000|100%| O|  |TAMS 0x0000000095d00000| PB 0x0000000095d00000| Untracked 
| 350|0x0000000095e00000, 0x0000000095f00000, 0x0000000095f00000|100%| O|  |TAMS 0x0000000095e00000| PB 0x0000000095e00000| Untracked 
| 351|0x0000000095f00000, 0x0000000096000000, 0x0000000096000000|100%| O|Cm|TAMS 0x0000000095f00000| PB 0x0000000095f00000| Complete 
| 352|0x0000000096000000, 0x0000000096100000, 0x0000000096100000|100%| O|Cm|TAMS 0x0000000096000000| PB 0x0000000096000000| Complete 
| 353|0x0000000096100000, 0x0000000096200000, 0x0000000096200000|100%| O|Cm|TAMS 0x0000000096100000| PB 0x0000000096100000| Complete 
| 354|0x0000000096200000, 0x0000000096300000, 0x0000000096300000|100%| O|  |TAMS 0x0000000096200000| PB 0x0000000096200000| Untracked 
| 355|0x0000000096300000, 0x0000000096400000, 0x0000000096400000|100%| O|  |TAMS 0x0000000096300000| PB 0x0000000096300000| Untracked 
| 356|0x0000000096400000, 0x0000000096500000, 0x0000000096500000|100%| O|  |TAMS 0x0000000096400000| PB 0x0000000096400000| Untracked 
| 357|0x0000000096500000, 0x0000000096600000, 0x0000000096600000|100%| O|  |TAMS 0x0000000096500000| PB 0x0000000096500000| Untracked 
| 358|0x0000000096600000, 0x0000000096700000, 0x0000000096700000|100%| O|  |TAMS 0x0000000096600000| PB 0x0000000096600000| Untracked 
| 359|0x0000000096700000, 0x0000000096800000, 0x0000000096800000|100%| O|  |TAMS 0x0000000096700000| PB 0x0000000096700000| Untracked 
| 360|0x0000000096800000, 0x0000000096900000, 0x0000000096900000|100%| O|  |TAMS 0x0000000096800000| PB 0x0000000096800000| Untracked 
| 361|0x0000000096900000, 0x0000000096a00000, 0x0000000096a00000|100%| O|Cm|TAMS 0x0000000096900000| PB 0x0000000096900000| Complete 
| 362|0x0000000096a00000, 0x0000000096b00000, 0x0000000096b00000|100%| O|Cm|TAMS 0x0000000096a00000| PB 0x0000000096a00000| Complete 
| 363|0x0000000096b00000, 0x0000000096c00000, 0x0000000096c00000|100%| O|  |TAMS 0x0000000096b00000| PB 0x0000000096b00000| Untracked 
| 364|0x0000000096c00000, 0x0000000096d00000, 0x0000000096d00000|100%| O|  |TAMS 0x0000000096c00000| PB 0x0000000096c00000| Untracked 
| 365|0x0000000096d00000, 0x0000000096e00000, 0x0000000096e00000|100%| O|  |TAMS 0x0000000096d00000| PB 0x0000000096d00000| Untracked 
| 366|0x0000000096e00000, 0x0000000096f00000, 0x0000000096f00000|100%| O|  |TAMS 0x0000000096e00000| PB 0x0000000096e00000| Untracked 
| 367|0x0000000096f00000, 0x0000000097000000, 0x0000000097000000|100%| O|  |TAMS 0x0000000096f00000| PB 0x0000000096f00000| Untracked 
| 368|0x0000000097000000, 0x0000000097100000, 0x0000000097100000|100%| O|  |TAMS 0x0000000097000000| PB 0x0000000097000000| Untracked 
| 369|0x0000000097100000, 0x0000000097200000, 0x0000000097200000|100%| O|  |TAMS 0x0000000097100000| PB 0x0000000097100000| Untracked 
| 370|0x0000000097200000, 0x0000000097300000, 0x0000000097300000|100%| O|  |TAMS 0x0000000097200000| PB 0x0000000097200000| Untracked 
| 371|0x0000000097300000, 0x0000000097400000, 0x0000000097400000|100%| O|Cm|TAMS 0x0000000097300000| PB 0x0000000097300000| Complete 
| 372|0x0000000097400000, 0x0000000097500000, 0x0000000097500000|100%| O|  |TAMS 0x0000000097400000| PB 0x0000000097400000| Untracked 
| 373|0x0000000097500000, 0x0000000097600000, 0x0000000097600000|100%| O|  |TAMS 0x0000000097500000| PB 0x0000000097500000| Untracked 
| 374|0x0000000097600000, 0x0000000097700000, 0x0000000097700000|100%| O|  |TAMS 0x0000000097600000| PB 0x0000000097600000| Untracked 
| 375|0x0000000097700000, 0x0000000097800000, 0x0000000097800000|100%| O|  |TAMS 0x0000000097700000| PB 0x0000000097700000| Untracked 
| 376|0x0000000097800000, 0x0000000097900000, 0x0000000097900000|100%| O|Cm|TAMS 0x0000000097800000| PB 0x0000000097800000| Complete 
| 377|0x0000000097900000, 0x0000000097a00000, 0x0000000097a00000|100%| O|  |TAMS 0x0000000097900000| PB 0x0000000097900000| Untracked 
| 378|0x0000000097a00000, 0x0000000097b00000, 0x0000000097b00000|100%| O|Cm|TAMS 0x0000000097a00000| PB 0x0000000097a00000| Complete 
| 379|0x0000000097b00000, 0x0000000097c00000, 0x0000000097c00000|100%| O|  |TAMS 0x0000000097b00000| PB 0x0000000097b00000| Untracked 
| 380|0x0000000097c00000, 0x0000000097d00000, 0x0000000097d00000|100%| O|  |TAMS 0x0000000097c00000| PB 0x0000000097c00000| Untracked 
| 381|0x0000000097d00000, 0x0000000097e00000, 0x0000000097e00000|100%| O|  |TAMS 0x0000000097d00000| PB 0x0000000097d00000| Untracked 
| 382|0x0000000097e00000, 0x0000000097f00000, 0x0000000097f00000|100%| O|  |TAMS 0x0000000097e00000| PB 0x0000000097e00000| Untracked 
| 383|0x0000000097f00000, 0x0000000098000000, 0x0000000098000000|100%| O|Cm|TAMS 0x0000000097f00000| PB 0x0000000097f00000| Complete 
| 384|0x0000000098000000, 0x0000000098100000, 0x0000000098100000|100%| O|  |TAMS 0x0000000098000000| PB 0x0000000098000000| Untracked 
| 385|0x0000000098100000, 0x0000000098200000, 0x0000000098200000|100%| O|  |TAMS 0x0000000098100000| PB 0x0000000098100000| Untracked 
| 386|0x0000000098200000, 0x0000000098300000, 0x0000000098300000|100%| O|Cm|TAMS 0x0000000098200000| PB 0x0000000098200000| Complete 
| 387|0x0000000098300000, 0x0000000098400000, 0x0000000098400000|100%| O|  |TAMS 0x0000000098300000| PB 0x0000000098300000| Untracked 
| 388|0x0000000098400000, 0x0000000098500000, 0x0000000098500000|100%| O|  |TAMS 0x0000000098400000| PB 0x0000000098400000| Untracked 
| 389|0x0000000098500000, 0x0000000098600000, 0x0000000098600000|100%| O|Cm|TAMS 0x0000000098500000| PB 0x0000000098500000| Complete 
| 390|0x0000000098600000, 0x0000000098700000, 0x0000000098700000|100%| O|  |TAMS 0x0000000098600000| PB 0x0000000098600000| Untracked 
| 391|0x0000000098700000, 0x0000000098800000, 0x0000000098800000|100%| O|  |TAMS 0x0000000098700000| PB 0x0000000098700000| Untracked 
| 392|0x0000000098800000, 0x0000000098900000, 0x0000000098900000|100%| O|Cm|TAMS 0x0000000098800000| PB 0x0000000098800000| Complete 
| 393|0x0000000098900000, 0x0000000098a00000, 0x0000000098a00000|100%| O|Cm|TAMS 0x0000000098900000| PB 0x0000000098900000| Complete 
| 394|0x0000000098a00000, 0x0000000098b00000, 0x0000000098b00000|100%| O|Cm|TAMS 0x0000000098a00000| PB 0x0000000098a00000| Complete 
| 395|0x0000000098b00000, 0x0000000098c00000, 0x0000000098c00000|100%| O|Cm|TAMS 0x0000000098b00000| PB 0x0000000098b00000| Complete 
| 396|0x0000000098c00000, 0x0000000098c00000, 0x0000000098d00000|  0%| F|  |TAMS 0x0000000098c00000| PB 0x0000000098c00000| Untracked 
| 397|0x0000000098d00000, 0x0000000098e00000, 0x0000000098e00000|100%| O|  |TAMS 0x0000000098d00000| PB 0x0000000098d00000| Untracked 
| 398|0x0000000098e00000, 0x0000000098f00000, 0x0000000098f00000|100%| O|Cm|TAMS 0x0000000098e00000| PB 0x0000000098e00000| Complete 
| 399|0x0000000098f00000, 0x0000000098f00000, 0x0000000099000000|  0%| F|  |TAMS 0x0000000098f00000| PB 0x0000000098f00000| Untracked 
| 400|0x0000000099000000, 0x0000000099100000, 0x0000000099100000|100%| O|  |TAMS 0x0000000099000000| PB 0x0000000099000000| Untracked 
| 401|0x0000000099100000, 0x0000000099200000, 0x0000000099200000|100%| O|Cm|TAMS 0x0000000099100000| PB 0x0000000099100000| Complete 
| 402|0x0000000099200000, 0x0000000099300000, 0x0000000099300000|100%| O|Cm|TAMS 0x0000000099200000| PB 0x0000000099200000| Complete 
| 403|0x0000000099300000, 0x0000000099400000, 0x0000000099400000|100%| O|  |TAMS 0x0000000099300000| PB 0x0000000099300000| Untracked 
| 404|0x0000000099400000, 0x0000000099500000, 0x0000000099500000|100%| O|  |TAMS 0x0000000099400000| PB 0x0000000099400000| Untracked 
| 405|0x0000000099500000, 0x0000000099600000, 0x0000000099600000|100%| O|  |TAMS 0x0000000099500000| PB 0x0000000099500000| Untracked 
| 406|0x0000000099600000, 0x0000000099700000, 0x0000000099700000|100%| O|  |TAMS 0x0000000099600000| PB 0x0000000099600000| Untracked 
| 407|0x0000000099700000, 0x0000000099800000, 0x0000000099800000|100%| O|  |TAMS 0x0000000099700000| PB 0x0000000099700000| Untracked 
| 408|0x0000000099800000, 0x0000000099900000, 0x0000000099900000|100%| O|Cm|TAMS 0x0000000099800000| PB 0x0000000099800000| Complete 
| 409|0x0000000099900000, 0x0000000099a00000, 0x0000000099a00000|100%| O|  |TAMS 0x0000000099900000| PB 0x0000000099900000| Untracked 
| 410|0x0000000099a00000, 0x0000000099b00000, 0x0000000099b00000|100%| O|  |TAMS 0x0000000099a00000| PB 0x0000000099a00000| Untracked 
| 411|0x0000000099b00000, 0x0000000099c00000, 0x0000000099c00000|100%| O|  |TAMS 0x0000000099b00000| PB 0x0000000099b00000| Untracked 
| 412|0x0000000099c00000, 0x0000000099d00000, 0x0000000099d00000|100%| O|  |TAMS 0x0000000099c00000| PB 0x0000000099c00000| Untracked 
| 413|0x0000000099d00000, 0x0000000099e00000, 0x0000000099e00000|100%| O|  |TAMS 0x0000000099d00000| PB 0x0000000099d00000| Untracked 
| 414|0x0000000099e00000, 0x0000000099f00000, 0x0000000099f00000|100%| O|Cm|TAMS 0x0000000099e00000| PB 0x0000000099e00000| Complete 
| 415|0x0000000099f00000, 0x000000009a000000, 0x000000009a000000|100%| O|  |TAMS 0x0000000099f00000| PB 0x0000000099f00000| Untracked 
| 416|0x000000009a000000, 0x000000009a100000, 0x000000009a100000|100%| O|  |TAMS 0x000000009a000000| PB 0x000000009a000000| Untracked 
| 417|0x000000009a100000, 0x000000009a200000, 0x000000009a200000|100%| O|  |TAMS 0x000000009a100000| PB 0x000000009a100000| Untracked 
| 418|0x000000009a200000, 0x000000009a300000, 0x000000009a300000|100%| O|  |TAMS 0x000000009a200000| PB 0x000000009a200000| Untracked 
| 419|0x000000009a300000, 0x000000009a400000, 0x000000009a400000|100%| O|  |TAMS 0x000000009a300000| PB 0x000000009a300000| Untracked 
| 420|0x000000009a400000, 0x000000009a500000, 0x000000009a500000|100%| O|  |TAMS 0x000000009a400000| PB 0x000000009a400000| Untracked 
| 421|0x000000009a500000, 0x000000009a600000, 0x000000009a600000|100%| O|  |TAMS 0x000000009a500000| PB 0x000000009a500000| Untracked 
| 422|0x000000009a600000, 0x000000009a700000, 0x000000009a700000|100%| O|  |TAMS 0x000000009a600000| PB 0x000000009a600000| Untracked 
| 423|0x000000009a700000, 0x000000009a800000, 0x000000009a800000|100%| O|  |TAMS 0x000000009a700000| PB 0x000000009a700000| Untracked 
| 424|0x000000009a800000, 0x000000009a900000, 0x000000009a900000|100%| O|  |TAMS 0x000000009a800000| PB 0x000000009a800000| Untracked 
| 425|0x000000009a900000, 0x000000009aa00000, 0x000000009aa00000|100%| O|  |TAMS 0x000000009a900000| PB 0x000000009a900000| Untracked 
| 426|0x000000009aa00000, 0x000000009ab00000, 0x000000009ab00000|100%| O|  |TAMS 0x000000009aa00000| PB 0x000000009aa00000| Untracked 
| 427|0x000000009ab00000, 0x000000009ac00000, 0x000000009ac00000|100%| O|  |TAMS 0x000000009ab00000| PB 0x000000009ab00000| Untracked 
| 428|0x000000009ac00000, 0x000000009ad00000, 0x000000009ad00000|100%| O|  |TAMS 0x000000009ac00000| PB 0x000000009ac00000| Untracked 
| 429|0x000000009ad00000, 0x000000009ae00000, 0x000000009ae00000|100%| O|Cm|TAMS 0x000000009ad00000| PB 0x000000009ad00000| Complete 
| 430|0x000000009ae00000, 0x000000009af00000, 0x000000009af00000|100%| O|  |TAMS 0x000000009ae00000| PB 0x000000009ae00000| Untracked 
| 431|0x000000009af00000, 0x000000009b000000, 0x000000009b000000|100%| O|  |TAMS 0x000000009af00000| PB 0x000000009af00000| Untracked 
| 432|0x000000009b000000, 0x000000009b100000, 0x000000009b100000|100%| O|Cm|TAMS 0x000000009b000000| PB 0x000000009b000000| Complete 
| 433|0x000000009b100000, 0x000000009b200000, 0x000000009b200000|100%| O|  |TAMS 0x000000009b100000| PB 0x000000009b100000| Untracked 
| 434|0x000000009b200000, 0x000000009b300000, 0x000000009b300000|100%| O|  |TAMS 0x000000009b200000| PB 0x000000009b200000| Untracked 
| 435|0x000000009b300000, 0x000000009b400000, 0x000000009b400000|100%| O|  |TAMS 0x000000009b300000| PB 0x000000009b300000| Untracked 
| 436|0x000000009b400000, 0x000000009b500000, 0x000000009b500000|100%| O|  |TAMS 0x000000009b400000| PB 0x000000009b400000| Untracked 
| 437|0x000000009b500000, 0x000000009b600000, 0x000000009b600000|100%| O|Cm|TAMS 0x000000009b500000| PB 0x000000009b500000| Complete 
| 438|0x000000009b600000, 0x000000009b700000, 0x000000009b700000|100%| O|Cm|TAMS 0x000000009b600000| PB 0x000000009b600000| Complete 
| 439|0x000000009b700000, 0x000000009b800000, 0x000000009b800000|100%| O|  |TAMS 0x000000009b700000| PB 0x000000009b700000| Untracked 
| 440|0x000000009b800000, 0x000000009b900000, 0x000000009b900000|100%| O|  |TAMS 0x000000009b800000| PB 0x000000009b800000| Untracked 
| 441|0x000000009b900000, 0x000000009ba00000, 0x000000009ba00000|100%| O|Cm|TAMS 0x000000009b900000| PB 0x000000009b900000| Complete 
| 442|0x000000009ba00000, 0x000000009ba00000, 0x000000009bb00000|  0%| F|  |TAMS 0x000000009ba00000| PB 0x000000009ba00000| Untracked 
| 443|0x000000009bb00000, 0x000000009bc00000, 0x000000009bc00000|100%| O|Cm|TAMS 0x000000009bb00000| PB 0x000000009bb00000| Complete 
| 444|0x000000009bc00000, 0x000000009bd00000, 0x000000009bd00000|100%| O|Cm|TAMS 0x000000009bc00000| PB 0x000000009bc00000| Complete 
| 445|0x000000009bd00000, 0x000000009bd00000, 0x000000009be00000|  0%| F|  |TAMS 0x000000009bd00000| PB 0x000000009bd00000| Untracked 
| 446|0x000000009be00000, 0x000000009bf00000, 0x000000009bf00000|100%| O|  |TAMS 0x000000009be00000| PB 0x000000009be00000| Untracked 
| 447|0x000000009bf00000, 0x000000009c000000, 0x000000009c000000|100%| O|  |TAMS 0x000000009bf00000| PB 0x000000009bf00000| Untracked 
| 448|0x000000009c000000, 0x000000009c100000, 0x000000009c100000|100%| O|  |TAMS 0x000000009c000000| PB 0x000000009c000000| Untracked 
| 449|0x000000009c100000, 0x000000009c200000, 0x000000009c200000|100%| O|Cm|TAMS 0x000000009c100000| PB 0x000000009c100000| Complete 
| 450|0x000000009c200000, 0x000000009c300000, 0x000000009c300000|100%| O|  |TAMS 0x000000009c200000| PB 0x000000009c200000| Untracked 
| 451|0x000000009c300000, 0x000000009c400000, 0x000000009c400000|100%| O|  |TAMS 0x000000009c300000| PB 0x000000009c300000| Untracked 
| 452|0x000000009c400000, 0x000000009c500000, 0x000000009c500000|100%| O|  |TAMS 0x000000009c400000| PB 0x000000009c400000| Untracked 
| 453|0x000000009c500000, 0x000000009c600000, 0x000000009c600000|100%| O|  |TAMS 0x000000009c500000| PB 0x000000009c500000| Untracked 
| 454|0x000000009c600000, 0x000000009c700000, 0x000000009c700000|100%| O|Cm|TAMS 0x000000009c600000| PB 0x000000009c600000| Complete 
| 455|0x000000009c700000, 0x000000009c800000, 0x000000009c800000|100%| O|Cm|TAMS 0x000000009c700000| PB 0x000000009c700000| Complete 
| 456|0x000000009c800000, 0x000000009c900000, 0x000000009c900000|100%| O|  |TAMS 0x000000009c800000| PB 0x000000009c800000| Untracked 
| 457|0x000000009c900000, 0x000000009ca00000, 0x000000009ca00000|100%| O|Cm|TAMS 0x000000009c900000| PB 0x000000009c900000| Complete 
| 458|0x000000009ca00000, 0x000000009cb00000, 0x000000009cb00000|100%| O|  |TAMS 0x000000009ca00000| PB 0x000000009ca00000| Untracked 
| 459|0x000000009cb00000, 0x000000009cc00000, 0x000000009cc00000|100%| O|  |TAMS 0x000000009cb00000| PB 0x000000009cb00000| Untracked 
| 460|0x000000009cc00000, 0x000000009cd00000, 0x000000009cd00000|100%| O|Cm|TAMS 0x000000009cc00000| PB 0x000000009cc00000| Complete 
| 461|0x000000009cd00000, 0x000000009ce00000, 0x000000009ce00000|100%| O|Cm|TAMS 0x000000009cd00000| PB 0x000000009cd00000| Complete 
| 462|0x000000009ce00000, 0x000000009cf00000, 0x000000009cf00000|100%| O|  |TAMS 0x000000009ce00000| PB 0x000000009ce00000| Untracked 
| 463|0x000000009cf00000, 0x000000009d000000, 0x000000009d000000|100%| O|  |TAMS 0x000000009cf00000| PB 0x000000009cf00000| Untracked 
| 464|0x000000009d000000, 0x000000009d100000, 0x000000009d100000|100%| O|  |TAMS 0x000000009d000000| PB 0x000000009d000000| Untracked 
| 465|0x000000009d100000, 0x000000009d200000, 0x000000009d200000|100%| O|  |TAMS 0x000000009d100000| PB 0x000000009d100000| Untracked 
| 466|0x000000009d200000, 0x000000009d300000, 0x000000009d300000|100%| O|  |TAMS 0x000000009d200000| PB 0x000000009d200000| Untracked 
| 467|0x000000009d300000, 0x000000009d400000, 0x000000009d400000|100%| O|  |TAMS 0x000000009d300000| PB 0x000000009d300000| Untracked 
| 468|0x000000009d400000, 0x000000009d500000, 0x000000009d500000|100%| O|  |TAMS 0x000000009d400000| PB 0x000000009d400000| Untracked 
| 469|0x000000009d500000, 0x000000009d600000, 0x000000009d600000|100%| O|  |TAMS 0x000000009d500000| PB 0x000000009d500000| Untracked 
| 470|0x000000009d600000, 0x000000009d700000, 0x000000009d700000|100%| O|  |TAMS 0x000000009d600000| PB 0x000000009d600000| Untracked 
| 471|0x000000009d700000, 0x000000009d800000, 0x000000009d800000|100%| O|  |TAMS 0x000000009d700000| PB 0x000000009d700000| Untracked 
| 472|0x000000009d800000, 0x000000009d8c5300, 0x000000009d900000| 77%| O|  |TAMS 0x000000009d800000| PB 0x000000009d800000| Untracked 
| 473|0x000000009d900000, 0x000000009da00000, 0x000000009da00000|100%|HS|  |TAMS 0x000000009d900000| PB 0x000000009d900000| Complete 
| 474|0x000000009da00000, 0x000000009db00000, 0x000000009db00000|100%|HC|  |TAMS 0x000000009da00000| PB 0x000000009da00000| Complete 
| 475|0x000000009db00000, 0x000000009dc00000, 0x000000009dc00000|100%|HC|  |TAMS 0x000000009db00000| PB 0x000000009db00000| Complete 
| 476|0x000000009dc00000, 0x000000009dd00000, 0x000000009dd00000|100%|HS|  |TAMS 0x000000009dc00000| PB 0x000000009dc00000| Complete 
| 477|0x000000009dd00000, 0x000000009de00000, 0x000000009de00000|100%|HC|  |TAMS 0x000000009dd00000| PB 0x000000009dd00000| Complete 
| 478|0x000000009de00000, 0x000000009df00000, 0x000000009df00000|100%|HC|  |TAMS 0x000000009de00000| PB 0x000000009de00000| Complete 
| 479|0x000000009df00000, 0x000000009e000000, 0x000000009e000000|100%|HC|  |TAMS 0x000000009df00000| PB 0x000000009df00000| Complete 
| 480|0x000000009e000000, 0x000000009e100000, 0x000000009e100000|100%|HC|  |TAMS 0x000000009e000000| PB 0x000000009e000000| Complete 
| 481|0x000000009e100000, 0x000000009e200000, 0x000000009e200000|100%|HC|  |TAMS 0x000000009e100000| PB 0x000000009e100000| Complete 
| 482|0x000000009e200000, 0x000000009e200000, 0x000000009e300000|  0%| F|  |TAMS 0x000000009e200000| PB 0x000000009e200000| Untracked 
| 483|0x000000009e300000, 0x000000009e300000, 0x000000009e400000|  0%| F|  |TAMS 0x000000009e300000| PB 0x000000009e300000| Untracked 
| 484|0x000000009e400000, 0x000000009e400000, 0x000000009e500000|  0%| F|  |TAMS 0x000000009e400000| PB 0x000000009e400000| Untracked 
| 485|0x000000009e500000, 0x000000009e500000, 0x000000009e600000|  0%| F|  |TAMS 0x000000009e500000| PB 0x000000009e500000| Untracked 
| 486|0x000000009e600000, 0x000000009e600000, 0x000000009e700000|  0%| F|  |TAMS 0x000000009e600000| PB 0x000000009e600000| Untracked 
| 487|0x000000009e700000, 0x000000009e700000, 0x000000009e800000|  0%| F|  |TAMS 0x000000009e700000| PB 0x000000009e700000| Untracked 
| 488|0x000000009e800000, 0x000000009e800000, 0x000000009e900000|  0%| F|  |TAMS 0x000000009e800000| PB 0x000000009e800000| Untracked 
| 489|0x000000009e900000, 0x000000009e900000, 0x000000009ea00000|  0%| F|  |TAMS 0x000000009e900000| PB 0x000000009e900000| Untracked 
| 490|0x000000009ea00000, 0x000000009ea00000, 0x000000009eb00000|  0%| F|  |TAMS 0x000000009ea00000| PB 0x000000009ea00000| Untracked 
| 491|0x000000009eb00000, 0x000000009eb00000, 0x000000009ec00000|  0%| F|  |TAMS 0x000000009eb00000| PB 0x000000009eb00000| Untracked 
| 492|0x000000009ec00000, 0x000000009ec00000, 0x000000009ed00000|  0%| F|  |TAMS 0x000000009ec00000| PB 0x000000009ec00000| Untracked 
| 493|0x000000009ed00000, 0x000000009ed00000, 0x000000009ee00000|  0%| F|  |TAMS 0x000000009ed00000| PB 0x000000009ed00000| Untracked 
| 494|0x000000009ee00000, 0x000000009ee00000, 0x000000009ef00000|  0%| F|  |TAMS 0x000000009ee00000| PB 0x000000009ee00000| Untracked 
| 495|0x000000009ef00000, 0x000000009ef00000, 0x000000009f000000|  0%| F|  |TAMS 0x000000009ef00000| PB 0x000000009ef00000| Untracked 
| 496|0x000000009f000000, 0x000000009f000000, 0x000000009f100000|  0%| F|  |TAMS 0x000000009f000000| PB 0x000000009f000000| Untracked 
| 497|0x000000009f100000, 0x000000009f100000, 0x000000009f200000|  0%| F|  |TAMS 0x000000009f100000| PB 0x000000009f100000| Untracked 
| 498|0x000000009f200000, 0x000000009f200000, 0x000000009f300000|  0%| F|  |TAMS 0x000000009f200000| PB 0x000000009f200000| Untracked 
| 499|0x000000009f300000, 0x000000009f300000, 0x000000009f400000|  0%| F|  |TAMS 0x000000009f300000| PB 0x000000009f300000| Untracked 
| 500|0x000000009f400000, 0x000000009f400000, 0x000000009f500000|  0%| F|  |TAMS 0x000000009f400000| PB 0x000000009f400000| Untracked 
| 501|0x000000009f500000, 0x000000009f500000, 0x000000009f600000|  0%| F|  |TAMS 0x000000009f500000| PB 0x000000009f500000| Untracked 
| 502|0x000000009f600000, 0x000000009f600000, 0x000000009f700000|  0%| F|  |TAMS 0x000000009f600000| PB 0x000000009f600000| Untracked 
| 503|0x000000009f700000, 0x000000009f700000, 0x000000009f800000|  0%| F|  |TAMS 0x000000009f700000| PB 0x000000009f700000| Untracked 
| 504|0x000000009f800000, 0x000000009f800000, 0x000000009f900000|  0%| F|  |TAMS 0x000000009f800000| PB 0x000000009f800000| Untracked 
| 505|0x000000009f900000, 0x000000009f900000, 0x000000009fa00000|  0%| F|  |TAMS 0x000000009f900000| PB 0x000000009f900000| Untracked 
| 506|0x000000009fa00000, 0x000000009fa00000, 0x000000009fb00000|  0%| F|  |TAMS 0x000000009fa00000| PB 0x000000009fa00000| Untracked 
| 507|0x000000009fb00000, 0x000000009fb00000, 0x000000009fc00000|  0%| F|  |TAMS 0x000000009fb00000| PB 0x000000009fb00000| Untracked 
| 508|0x000000009fc00000, 0x000000009fc00000, 0x000000009fd00000|  0%| F|  |TAMS 0x000000009fc00000| PB 0x000000009fc00000| Untracked 
| 509|0x000000009fd00000, 0x000000009fd00000, 0x000000009fe00000|  0%| F|  |TAMS 0x000000009fd00000| PB 0x000000009fd00000| Untracked 
| 510|0x000000009fe00000, 0x000000009fe00000, 0x000000009ff00000|  0%| F|  |TAMS 0x000000009fe00000| PB 0x000000009fe00000| Untracked 
| 511|0x000000009ff00000, 0x000000009ff00000, 0x00000000a0000000|  0%| F|  |TAMS 0x000000009ff00000| PB 0x000000009ff00000| Untracked 
| 512|0x00000000a0000000, 0x00000000a0000000, 0x00000000a0100000|  0%| F|  |TAMS 0x00000000a0000000| PB 0x00000000a0000000| Untracked 
| 513|0x00000000a0100000, 0x00000000a0100000, 0x00000000a0200000|  0%| F|  |TAMS 0x00000000a0100000| PB 0x00000000a0100000| Untracked 
| 514|0x00000000a0200000, 0x00000000a0200000, 0x00000000a0300000|  0%| F|  |TAMS 0x00000000a0200000| PB 0x00000000a0200000| Untracked 
| 515|0x00000000a0300000, 0x00000000a0300000, 0x00000000a0400000|  0%| F|  |TAMS 0x00000000a0300000| PB 0x00000000a0300000| Untracked 
| 516|0x00000000a0400000, 0x00000000a0400000, 0x00000000a0500000|  0%| F|  |TAMS 0x00000000a0400000| PB 0x00000000a0400000| Untracked 
| 517|0x00000000a0500000, 0x00000000a0500000, 0x00000000a0600000|  0%| F|  |TAMS 0x00000000a0500000| PB 0x00000000a0500000| Untracked 
| 518|0x00000000a0600000, 0x00000000a0600000, 0x00000000a0700000|  0%| F|  |TAMS 0x00000000a0600000| PB 0x00000000a0600000| Untracked 
| 519|0x00000000a0700000, 0x00000000a0700000, 0x00000000a0800000|  0%| F|  |TAMS 0x00000000a0700000| PB 0x00000000a0700000| Untracked 
| 520|0x00000000a0800000, 0x00000000a0800000, 0x00000000a0900000|  0%| F|  |TAMS 0x00000000a0800000| PB 0x00000000a0800000| Untracked 
| 521|0x00000000a0900000, 0x00000000a0900000, 0x00000000a0a00000|  0%| F|  |TAMS 0x00000000a0900000| PB 0x00000000a0900000| Untracked 
| 522|0x00000000a0a00000, 0x00000000a0a00000, 0x00000000a0b00000|  0%| F|  |TAMS 0x00000000a0a00000| PB 0x00000000a0a00000| Untracked 
| 523|0x00000000a0b00000, 0x00000000a0b00000, 0x00000000a0c00000|  0%| F|  |TAMS 0x00000000a0b00000| PB 0x00000000a0b00000| Untracked 
| 524|0x00000000a0c00000, 0x00000000a0c00000, 0x00000000a0d00000|  0%| F|  |TAMS 0x00000000a0c00000| PB 0x00000000a0c00000| Untracked 
| 525|0x00000000a0d00000, 0x00000000a0d00000, 0x00000000a0e00000|  0%| F|  |TAMS 0x00000000a0d00000| PB 0x00000000a0d00000| Untracked 
| 526|0x00000000a0e00000, 0x00000000a0e00000, 0x00000000a0f00000|  0%| F|  |TAMS 0x00000000a0e00000| PB 0x00000000a0e00000| Untracked 
| 527|0x00000000a0f00000, 0x00000000a0f00000, 0x00000000a1000000|  0%| F|  |TAMS 0x00000000a0f00000| PB 0x00000000a0f00000| Untracked 
| 528|0x00000000a1000000, 0x00000000a1000000, 0x00000000a1100000|  0%| F|  |TAMS 0x00000000a1000000| PB 0x00000000a1000000| Untracked 
| 529|0x00000000a1100000, 0x00000000a1100000, 0x00000000a1200000|  0%| F|  |TAMS 0x00000000a1100000| PB 0x00000000a1100000| Untracked 
| 530|0x00000000a1200000, 0x00000000a1200000, 0x00000000a1300000|  0%| F|  |TAMS 0x00000000a1200000| PB 0x00000000a1200000| Untracked 
| 531|0x00000000a1300000, 0x00000000a1300000, 0x00000000a1400000|  0%| F|  |TAMS 0x00000000a1300000| PB 0x00000000a1300000| Untracked 
| 532|0x00000000a1400000, 0x00000000a1400000, 0x00000000a1500000|  0%| F|  |TAMS 0x00000000a1400000| PB 0x00000000a1400000| Untracked 
| 533|0x00000000a1500000, 0x00000000a1500000, 0x00000000a1600000|  0%| F|  |TAMS 0x00000000a1500000| PB 0x00000000a1500000| Untracked 
| 534|0x00000000a1600000, 0x00000000a1600000, 0x00000000a1700000|  0%| F|  |TAMS 0x00000000a1600000| PB 0x00000000a1600000| Untracked 
| 535|0x00000000a1700000, 0x00000000a1700000, 0x00000000a1800000|  0%| F|  |TAMS 0x00000000a1700000| PB 0x00000000a1700000| Untracked 
| 536|0x00000000a1800000, 0x00000000a1800000, 0x00000000a1900000|  0%| F|  |TAMS 0x00000000a1800000| PB 0x00000000a1800000| Untracked 
| 537|0x00000000a1900000, 0x00000000a1900000, 0x00000000a1a00000|  0%| F|  |TAMS 0x00000000a1900000| PB 0x00000000a1900000| Untracked 
| 538|0x00000000a1a00000, 0x00000000a1a00000, 0x00000000a1b00000|  0%| F|  |TAMS 0x00000000a1a00000| PB 0x00000000a1a00000| Untracked 
| 539|0x00000000a1b00000, 0x00000000a1b00000, 0x00000000a1c00000|  0%| F|  |TAMS 0x00000000a1b00000| PB 0x00000000a1b00000| Untracked 
| 540|0x00000000a1c00000, 0x00000000a1c00000, 0x00000000a1d00000|  0%| F|  |TAMS 0x00000000a1c00000| PB 0x00000000a1c00000| Untracked 
| 541|0x00000000a1d00000, 0x00000000a1d00000, 0x00000000a1e00000|  0%| F|  |TAMS 0x00000000a1d00000| PB 0x00000000a1d00000| Untracked 
| 542|0x00000000a1e00000, 0x00000000a1e00000, 0x00000000a1f00000|  0%| F|  |TAMS 0x00000000a1e00000| PB 0x00000000a1e00000| Untracked 
| 543|0x00000000a1f00000, 0x00000000a1f00000, 0x00000000a2000000|  0%| F|  |TAMS 0x00000000a1f00000| PB 0x00000000a1f00000| Untracked 
| 544|0x00000000a2000000, 0x00000000a2000000, 0x00000000a2100000|  0%| F|  |TAMS 0x00000000a2000000| PB 0x00000000a2000000| Untracked 
| 545|0x00000000a2100000, 0x00000000a2100000, 0x00000000a2200000|  0%| F|  |TAMS 0x00000000a2100000| PB 0x00000000a2100000| Untracked 
| 546|0x00000000a2200000, 0x00000000a2200000, 0x00000000a2300000|  0%| F|  |TAMS 0x00000000a2200000| PB 0x00000000a2200000| Untracked 
| 547|0x00000000a2300000, 0x00000000a2300000, 0x00000000a2400000|  0%| F|  |TAMS 0x00000000a2300000| PB 0x00000000a2300000| Untracked 
| 548|0x00000000a2400000, 0x00000000a2400000, 0x00000000a2500000|  0%| F|  |TAMS 0x00000000a2400000| PB 0x00000000a2400000| Untracked 
| 549|0x00000000a2500000, 0x00000000a2500000, 0x00000000a2600000|  0%| F|  |TAMS 0x00000000a2500000| PB 0x00000000a2500000| Untracked 
| 550|0x00000000a2600000, 0x00000000a2600000, 0x00000000a2700000|  0%| F|  |TAMS 0x00000000a2600000| PB 0x00000000a2600000| Untracked 
| 551|0x00000000a2700000, 0x00000000a2700000, 0x00000000a2800000|  0%| F|  |TAMS 0x00000000a2700000| PB 0x00000000a2700000| Untracked 
| 552|0x00000000a2800000, 0x00000000a2800000, 0x00000000a2900000|  0%| F|  |TAMS 0x00000000a2800000| PB 0x00000000a2800000| Untracked 
| 553|0x00000000a2900000, 0x00000000a2900000, 0x00000000a2a00000|  0%| F|  |TAMS 0x00000000a2900000| PB 0x00000000a2900000| Untracked 
| 554|0x00000000a2a00000, 0x00000000a2a00000, 0x00000000a2b00000|  0%| F|  |TAMS 0x00000000a2a00000| PB 0x00000000a2a00000| Untracked 
| 555|0x00000000a2b00000, 0x00000000a2b00000, 0x00000000a2c00000|  0%| F|  |TAMS 0x00000000a2b00000| PB 0x00000000a2b00000| Untracked 
| 556|0x00000000a2c00000, 0x00000000a2c00000, 0x00000000a2d00000|  0%| F|  |TAMS 0x00000000a2c00000| PB 0x00000000a2c00000| Untracked 
| 557|0x00000000a2d00000, 0x00000000a2d00000, 0x00000000a2e00000|  0%| F|  |TAMS 0x00000000a2d00000| PB 0x00000000a2d00000| Untracked 
| 558|0x00000000a2e00000, 0x00000000a2e00000, 0x00000000a2f00000|  0%| F|  |TAMS 0x00000000a2e00000| PB 0x00000000a2e00000| Untracked 
| 559|0x00000000a2f00000, 0x00000000a2f00000, 0x00000000a3000000|  0%| F|  |TAMS 0x00000000a2f00000| PB 0x00000000a2f00000| Untracked 
| 560|0x00000000a3000000, 0x00000000a3000000, 0x00000000a3100000|  0%| F|  |TAMS 0x00000000a3000000| PB 0x00000000a3000000| Untracked 
| 561|0x00000000a3100000, 0x00000000a3100000, 0x00000000a3200000|  0%| F|  |TAMS 0x00000000a3100000| PB 0x00000000a3100000| Untracked 
| 562|0x00000000a3200000, 0x00000000a3200000, 0x00000000a3300000|  0%| F|  |TAMS 0x00000000a3200000| PB 0x00000000a3200000| Untracked 
| 563|0x00000000a3300000, 0x00000000a3300000, 0x00000000a3400000|  0%| F|  |TAMS 0x00000000a3300000| PB 0x00000000a3300000| Untracked 
| 564|0x00000000a3400000, 0x00000000a3400000, 0x00000000a3500000|  0%| F|  |TAMS 0x00000000a3400000| PB 0x00000000a3400000| Untracked 
| 565|0x00000000a3500000, 0x00000000a3500000, 0x00000000a3600000|  0%| F|  |TAMS 0x00000000a3500000| PB 0x00000000a3500000| Untracked 
| 566|0x00000000a3600000, 0x00000000a3600000, 0x00000000a3700000|  0%| F|  |TAMS 0x00000000a3600000| PB 0x00000000a3600000| Untracked 
| 567|0x00000000a3700000, 0x00000000a3700000, 0x00000000a3800000|  0%| F|  |TAMS 0x00000000a3700000| PB 0x00000000a3700000| Untracked 
| 568|0x00000000a3800000, 0x00000000a3800000, 0x00000000a3900000|  0%| F|  |TAMS 0x00000000a3800000| PB 0x00000000a3800000| Untracked 
| 569|0x00000000a3900000, 0x00000000a3900000, 0x00000000a3a00000|  0%| F|  |TAMS 0x00000000a3900000| PB 0x00000000a3900000| Untracked 
| 570|0x00000000a3a00000, 0x00000000a3a00000, 0x00000000a3b00000|  0%| F|  |TAMS 0x00000000a3a00000| PB 0x00000000a3a00000| Untracked 
| 571|0x00000000a3b00000, 0x00000000a3b00000, 0x00000000a3c00000|  0%| F|  |TAMS 0x00000000a3b00000| PB 0x00000000a3b00000| Untracked 
| 572|0x00000000a3c00000, 0x00000000a3c00000, 0x00000000a3d00000|  0%| F|  |TAMS 0x00000000a3c00000| PB 0x00000000a3c00000| Untracked 
| 573|0x00000000a3d00000, 0x00000000a3d00000, 0x00000000a3e00000|  0%| F|  |TAMS 0x00000000a3d00000| PB 0x00000000a3d00000| Untracked 
| 574|0x00000000a3e00000, 0x00000000a3e00000, 0x00000000a3f00000|  0%| F|  |TAMS 0x00000000a3e00000| PB 0x00000000a3e00000| Untracked 
| 575|0x00000000a3f00000, 0x00000000a3f00000, 0x00000000a4000000|  0%| F|  |TAMS 0x00000000a3f00000| PB 0x00000000a3f00000| Untracked 
| 576|0x00000000a4000000, 0x00000000a4000000, 0x00000000a4100000|  0%| F|  |TAMS 0x00000000a4000000| PB 0x00000000a4000000| Untracked 
| 577|0x00000000a4100000, 0x00000000a4100000, 0x00000000a4200000|  0%| F|  |TAMS 0x00000000a4100000| PB 0x00000000a4100000| Untracked 
| 578|0x00000000a4200000, 0x00000000a4200000, 0x00000000a4300000|  0%| F|  |TAMS 0x00000000a4200000| PB 0x00000000a4200000| Untracked 
| 579|0x00000000a4300000, 0x00000000a4300000, 0x00000000a4400000|  0%| F|  |TAMS 0x00000000a4300000| PB 0x00000000a4300000| Untracked 
| 580|0x00000000a4400000, 0x00000000a4400000, 0x00000000a4500000|  0%| F|  |TAMS 0x00000000a4400000| PB 0x00000000a4400000| Untracked 
| 581|0x00000000a4500000, 0x00000000a4500000, 0x00000000a4600000|  0%| F|  |TAMS 0x00000000a4500000| PB 0x00000000a4500000| Untracked 
| 582|0x00000000a4600000, 0x00000000a4600000, 0x00000000a4700000|  0%| F|  |TAMS 0x00000000a4600000| PB 0x00000000a4600000| Untracked 
| 583|0x00000000a4700000, 0x00000000a4700000, 0x00000000a4800000|  0%| F|  |TAMS 0x00000000a4700000| PB 0x00000000a4700000| Untracked 
| 584|0x00000000a4800000, 0x00000000a4800000, 0x00000000a4900000|  0%| F|  |TAMS 0x00000000a4800000| PB 0x00000000a4800000| Untracked 
| 585|0x00000000a4900000, 0x00000000a4900000, 0x00000000a4a00000|  0%| F|  |TAMS 0x00000000a4900000| PB 0x00000000a4900000| Untracked 
| 586|0x00000000a4a00000, 0x00000000a4a00000, 0x00000000a4b00000|  0%| F|  |TAMS 0x00000000a4a00000| PB 0x00000000a4a00000| Untracked 
| 587|0x00000000a4b00000, 0x00000000a4b00000, 0x00000000a4c00000|  0%| F|  |TAMS 0x00000000a4b00000| PB 0x00000000a4b00000| Untracked 
| 588|0x00000000a4c00000, 0x00000000a4c00000, 0x00000000a4d00000|  0%| F|  |TAMS 0x00000000a4c00000| PB 0x00000000a4c00000| Untracked 
| 589|0x00000000a4d00000, 0x00000000a4d00000, 0x00000000a4e00000|  0%| F|  |TAMS 0x00000000a4d00000| PB 0x00000000a4d00000| Untracked 
| 590|0x00000000a4e00000, 0x00000000a4e00000, 0x00000000a4f00000|  0%| F|  |TAMS 0x00000000a4e00000| PB 0x00000000a4e00000| Untracked 
| 591|0x00000000a4f00000, 0x00000000a4f00000, 0x00000000a5000000|  0%| F|  |TAMS 0x00000000a4f00000| PB 0x00000000a4f00000| Untracked 
| 592|0x00000000a5000000, 0x00000000a5000000, 0x00000000a5100000|  0%| F|  |TAMS 0x00000000a5000000| PB 0x00000000a5000000| Untracked 
| 593|0x00000000a5100000, 0x00000000a5100000, 0x00000000a5200000|  0%| F|  |TAMS 0x00000000a5100000| PB 0x00000000a5100000| Untracked 
| 594|0x00000000a5200000, 0x00000000a5200000, 0x00000000a5300000|  0%| F|  |TAMS 0x00000000a5200000| PB 0x00000000a5200000| Untracked 
| 595|0x00000000a5300000, 0x00000000a5300000, 0x00000000a5400000|  0%| F|  |TAMS 0x00000000a5300000| PB 0x00000000a5300000| Untracked 
| 596|0x00000000a5400000, 0x00000000a5400000, 0x00000000a5500000|  0%| F|  |TAMS 0x00000000a5400000| PB 0x00000000a5400000| Untracked 
| 597|0x00000000a5500000, 0x00000000a5500000, 0x00000000a5600000|  0%| F|  |TAMS 0x00000000a5500000| PB 0x00000000a5500000| Untracked 
| 598|0x00000000a5600000, 0x00000000a5600000, 0x00000000a5700000|  0%| F|  |TAMS 0x00000000a5600000| PB 0x00000000a5600000| Untracked 
| 599|0x00000000a5700000, 0x00000000a5700000, 0x00000000a5800000|  0%| F|  |TAMS 0x00000000a5700000| PB 0x00000000a5700000| Untracked 
| 600|0x00000000a5800000, 0x00000000a5800000, 0x00000000a5900000|  0%| F|  |TAMS 0x00000000a5800000| PB 0x00000000a5800000| Untracked 
| 601|0x00000000a5900000, 0x00000000a5900000, 0x00000000a5a00000|  0%| F|  |TAMS 0x00000000a5900000| PB 0x00000000a5900000| Untracked 
| 602|0x00000000a5a00000, 0x00000000a5a00000, 0x00000000a5b00000|  0%| F|  |TAMS 0x00000000a5a00000| PB 0x00000000a5a00000| Untracked 
| 603|0x00000000a5b00000, 0x00000000a5b00000, 0x00000000a5c00000|  0%| F|  |TAMS 0x00000000a5b00000| PB 0x00000000a5b00000| Untracked 
| 604|0x00000000a5c00000, 0x00000000a5c00000, 0x00000000a5d00000|  0%| F|  |TAMS 0x00000000a5c00000| PB 0x00000000a5c00000| Untracked 
| 605|0x00000000a5d00000, 0x00000000a5d00000, 0x00000000a5e00000|  0%| F|  |TAMS 0x00000000a5d00000| PB 0x00000000a5d00000| Untracked 
| 606|0x00000000a5e00000, 0x00000000a5e00000, 0x00000000a5f00000|  0%| F|  |TAMS 0x00000000a5e00000| PB 0x00000000a5e00000| Untracked 
| 607|0x00000000a5f00000, 0x00000000a5f00000, 0x00000000a6000000|  0%| F|  |TAMS 0x00000000a5f00000| PB 0x00000000a5f00000| Untracked 
| 608|0x00000000a6000000, 0x00000000a6000000, 0x00000000a6100000|  0%| F|  |TAMS 0x00000000a6000000| PB 0x00000000a6000000| Untracked 
| 609|0x00000000a6100000, 0x00000000a6100000, 0x00000000a6200000|  0%| F|  |TAMS 0x00000000a6100000| PB 0x00000000a6100000| Untracked 
| 610|0x00000000a6200000, 0x00000000a6200000, 0x00000000a6300000|  0%| F|  |TAMS 0x00000000a6200000| PB 0x00000000a6200000| Untracked 
| 611|0x00000000a6300000, 0x00000000a6300000, 0x00000000a6400000|  0%| F|  |TAMS 0x00000000a6300000| PB 0x00000000a6300000| Untracked 
| 612|0x00000000a6400000, 0x00000000a6400000, 0x00000000a6500000|  0%| F|  |TAMS 0x00000000a6400000| PB 0x00000000a6400000| Untracked 
| 613|0x00000000a6500000, 0x00000000a6500000, 0x00000000a6600000|  0%| F|  |TAMS 0x00000000a6500000| PB 0x00000000a6500000| Untracked 
| 614|0x00000000a6600000, 0x00000000a6600000, 0x00000000a6700000|  0%| F|  |TAMS 0x00000000a6600000| PB 0x00000000a6600000| Untracked 
| 615|0x00000000a6700000, 0x00000000a6700000, 0x00000000a6800000|  0%| F|  |TAMS 0x00000000a6700000| PB 0x00000000a6700000| Untracked 
| 616|0x00000000a6800000, 0x00000000a6800000, 0x00000000a6900000|  0%| F|  |TAMS 0x00000000a6800000| PB 0x00000000a6800000| Untracked 
| 617|0x00000000a6900000, 0x00000000a6900000, 0x00000000a6a00000|  0%| F|  |TAMS 0x00000000a6900000| PB 0x00000000a6900000| Untracked 
| 618|0x00000000a6a00000, 0x00000000a6a00000, 0x00000000a6b00000|  0%| F|  |TAMS 0x00000000a6a00000| PB 0x00000000a6a00000| Untracked 
| 619|0x00000000a6b00000, 0x00000000a6b00000, 0x00000000a6c00000|  0%| F|  |TAMS 0x00000000a6b00000| PB 0x00000000a6b00000| Untracked 
| 620|0x00000000a6c00000, 0x00000000a6c00000, 0x00000000a6d00000|  0%| F|  |TAMS 0x00000000a6c00000| PB 0x00000000a6c00000| Untracked 
| 621|0x00000000a6d00000, 0x00000000a6d00000, 0x00000000a6e00000|  0%| F|  |TAMS 0x00000000a6d00000| PB 0x00000000a6d00000| Untracked 
| 622|0x00000000a6e00000, 0x00000000a6e00000, 0x00000000a6f00000|  0%| F|  |TAMS 0x00000000a6e00000| PB 0x00000000a6e00000| Untracked 
| 623|0x00000000a6f00000, 0x00000000a6f00000, 0x00000000a7000000|  0%| F|  |TAMS 0x00000000a6f00000| PB 0x00000000a6f00000| Untracked 
| 624|0x00000000a7000000, 0x00000000a7000000, 0x00000000a7100000|  0%| F|  |TAMS 0x00000000a7000000| PB 0x00000000a7000000| Untracked 
| 625|0x00000000a7100000, 0x00000000a7100000, 0x00000000a7200000|  0%| F|  |TAMS 0x00000000a7100000| PB 0x00000000a7100000| Untracked 
| 626|0x00000000a7200000, 0x00000000a7200000, 0x00000000a7300000|  0%| F|  |TAMS 0x00000000a7200000| PB 0x00000000a7200000| Untracked 
| 627|0x00000000a7300000, 0x00000000a7300000, 0x00000000a7400000|  0%| F|  |TAMS 0x00000000a7300000| PB 0x00000000a7300000| Untracked 
| 628|0x00000000a7400000, 0x00000000a7400000, 0x00000000a7500000|  0%| F|  |TAMS 0x00000000a7400000| PB 0x00000000a7400000| Untracked 
| 629|0x00000000a7500000, 0x00000000a7500000, 0x00000000a7600000|  0%| F|  |TAMS 0x00000000a7500000| PB 0x00000000a7500000| Untracked 
| 630|0x00000000a7600000, 0x00000000a7600000, 0x00000000a7700000|  0%| F|  |TAMS 0x00000000a7600000| PB 0x00000000a7600000| Untracked 
| 631|0x00000000a7700000, 0x00000000a7700000, 0x00000000a7800000|  0%| F|  |TAMS 0x00000000a7700000| PB 0x00000000a7700000| Untracked 
| 632|0x00000000a7800000, 0x00000000a7800000, 0x00000000a7900000|  0%| F|  |TAMS 0x00000000a7800000| PB 0x00000000a7800000| Untracked 
| 633|0x00000000a7900000, 0x00000000a7900000, 0x00000000a7a00000|  0%| F|  |TAMS 0x00000000a7900000| PB 0x00000000a7900000| Untracked 
| 634|0x00000000a7a00000, 0x00000000a7a00000, 0x00000000a7b00000|  0%| F|  |TAMS 0x00000000a7a00000| PB 0x00000000a7a00000| Untracked 
| 635|0x00000000a7b00000, 0x00000000a7b00000, 0x00000000a7c00000|  0%| F|  |TAMS 0x00000000a7b00000| PB 0x00000000a7b00000| Untracked 
| 636|0x00000000a7c00000, 0x00000000a7c00000, 0x00000000a7d00000|  0%| F|  |TAMS 0x00000000a7c00000| PB 0x00000000a7c00000| Untracked 
| 637|0x00000000a7d00000, 0x00000000a7d00000, 0x00000000a7e00000|  0%| F|  |TAMS 0x00000000a7d00000| PB 0x00000000a7d00000| Untracked 
| 638|0x00000000a7e00000, 0x00000000a7e00000, 0x00000000a7f00000|  0%| F|  |TAMS 0x00000000a7e00000| PB 0x00000000a7e00000| Untracked 
| 639|0x00000000a7f00000, 0x00000000a7f00000, 0x00000000a8000000|  0%| F|  |TAMS 0x00000000a7f00000| PB 0x00000000a7f00000| Untracked 
| 640|0x00000000a8000000, 0x00000000a8000000, 0x00000000a8100000|  0%| F|  |TAMS 0x00000000a8000000| PB 0x00000000a8000000| Untracked 
| 641|0x00000000a8100000, 0x00000000a8100000, 0x00000000a8200000|  0%| F|  |TAMS 0x00000000a8100000| PB 0x00000000a8100000| Untracked 
| 642|0x00000000a8200000, 0x00000000a8200000, 0x00000000a8300000|  0%| F|  |TAMS 0x00000000a8200000| PB 0x00000000a8200000| Untracked 
| 643|0x00000000a8300000, 0x00000000a8300000, 0x00000000a8400000|  0%| F|  |TAMS 0x00000000a8300000| PB 0x00000000a8300000| Untracked 
| 644|0x00000000a8400000, 0x00000000a8400000, 0x00000000a8500000|  0%| F|  |TAMS 0x00000000a8400000| PB 0x00000000a8400000| Untracked 
| 645|0x00000000a8500000, 0x00000000a8500000, 0x00000000a8600000|  0%| F|  |TAMS 0x00000000a8500000| PB 0x00000000a8500000| Untracked 
| 646|0x00000000a8600000, 0x00000000a8600000, 0x00000000a8700000|  0%| F|  |TAMS 0x00000000a8600000| PB 0x00000000a8600000| Untracked 
| 647|0x00000000a8700000, 0x00000000a8700000, 0x00000000a8800000|  0%| F|  |TAMS 0x00000000a8700000| PB 0x00000000a8700000| Untracked 
| 648|0x00000000a8800000, 0x00000000a8800000, 0x00000000a8900000|  0%| F|  |TAMS 0x00000000a8800000| PB 0x00000000a8800000| Untracked 
| 649|0x00000000a8900000, 0x00000000a8900000, 0x00000000a8a00000|  0%| F|  |TAMS 0x00000000a8900000| PB 0x00000000a8900000| Untracked 
| 650|0x00000000a8a00000, 0x00000000a8a00000, 0x00000000a8b00000|  0%| F|  |TAMS 0x00000000a8a00000| PB 0x00000000a8a00000| Untracked 
| 651|0x00000000a8b00000, 0x00000000a8b00000, 0x00000000a8c00000|  0%| F|  |TAMS 0x00000000a8b00000| PB 0x00000000a8b00000| Untracked 
| 652|0x00000000a8c00000, 0x00000000a8c00000, 0x00000000a8d00000|  0%| F|  |TAMS 0x00000000a8c00000| PB 0x00000000a8c00000| Untracked 
| 653|0x00000000a8d00000, 0x00000000a8d00000, 0x00000000a8e00000|  0%| F|  |TAMS 0x00000000a8d00000| PB 0x00000000a8d00000| Untracked 
| 654|0x00000000a8e00000, 0x00000000a8e00000, 0x00000000a8f00000|  0%| F|  |TAMS 0x00000000a8e00000| PB 0x00000000a8e00000| Untracked 
| 655|0x00000000a8f00000, 0x00000000a8f00000, 0x00000000a9000000|  0%| F|  |TAMS 0x00000000a8f00000| PB 0x00000000a8f00000| Untracked 
| 656|0x00000000a9000000, 0x00000000a9000000, 0x00000000a9100000|  0%| F|  |TAMS 0x00000000a9000000| PB 0x00000000a9000000| Untracked 
| 657|0x00000000a9100000, 0x00000000a9100000, 0x00000000a9200000|  0%| F|  |TAMS 0x00000000a9100000| PB 0x00000000a9100000| Untracked 
| 658|0x00000000a9200000, 0x00000000a9200000, 0x00000000a9300000|  0%| F|  |TAMS 0x00000000a9200000| PB 0x00000000a9200000| Untracked 
| 659|0x00000000a9300000, 0x00000000a9300000, 0x00000000a9400000|  0%| F|  |TAMS 0x00000000a9300000| PB 0x00000000a9300000| Untracked 
| 660|0x00000000a9400000, 0x00000000a9400000, 0x00000000a9500000|  0%| F|  |TAMS 0x00000000a9400000| PB 0x00000000a9400000| Untracked 
| 661|0x00000000a9500000, 0x00000000a9500000, 0x00000000a9600000|  0%| F|  |TAMS 0x00000000a9500000| PB 0x00000000a9500000| Untracked 
| 662|0x00000000a9600000, 0x00000000a9600000, 0x00000000a9700000|  0%| F|  |TAMS 0x00000000a9600000| PB 0x00000000a9600000| Untracked 
| 663|0x00000000a9700000, 0x00000000a9700000, 0x00000000a9800000|  0%| F|  |TAMS 0x00000000a9700000| PB 0x00000000a9700000| Untracked 
| 664|0x00000000a9800000, 0x00000000a9800000, 0x00000000a9900000|  0%| F|  |TAMS 0x00000000a9800000| PB 0x00000000a9800000| Untracked 
| 665|0x00000000a9900000, 0x00000000a9900000, 0x00000000a9a00000|  0%| F|  |TAMS 0x00000000a9900000| PB 0x00000000a9900000| Untracked 
| 666|0x00000000a9a00000, 0x00000000a9a00000, 0x00000000a9b00000|  0%| F|  |TAMS 0x00000000a9a00000| PB 0x00000000a9a00000| Untracked 
| 667|0x00000000a9b00000, 0x00000000a9b00000, 0x00000000a9c00000|  0%| F|  |TAMS 0x00000000a9b00000| PB 0x00000000a9b00000| Untracked 
| 668|0x00000000a9c00000, 0x00000000a9c00000, 0x00000000a9d00000|  0%| F|  |TAMS 0x00000000a9c00000| PB 0x00000000a9c00000| Untracked 
| 669|0x00000000a9d00000, 0x00000000a9d00000, 0x00000000a9e00000|  0%| F|  |TAMS 0x00000000a9d00000| PB 0x00000000a9d00000| Untracked 
| 670|0x00000000a9e00000, 0x00000000a9e00000, 0x00000000a9f00000|  0%| F|  |TAMS 0x00000000a9e00000| PB 0x00000000a9e00000| Untracked 
| 671|0x00000000a9f00000, 0x00000000a9f00000, 0x00000000aa000000|  0%| F|  |TAMS 0x00000000a9f00000| PB 0x00000000a9f00000| Untracked 
| 672|0x00000000aa000000, 0x00000000aa000000, 0x00000000aa100000|  0%| F|  |TAMS 0x00000000aa000000| PB 0x00000000aa000000| Untracked 
| 673|0x00000000aa100000, 0x00000000aa100000, 0x00000000aa200000|  0%| F|  |TAMS 0x00000000aa100000| PB 0x00000000aa100000| Untracked 
| 674|0x00000000aa200000, 0x00000000aa200000, 0x00000000aa300000|  0%| F|  |TAMS 0x00000000aa200000| PB 0x00000000aa200000| Untracked 
| 675|0x00000000aa300000, 0x00000000aa300000, 0x00000000aa400000|  0%| F|  |TAMS 0x00000000aa300000| PB 0x00000000aa300000| Untracked 
| 676|0x00000000aa400000, 0x00000000aa400000, 0x00000000aa500000|  0%| F|  |TAMS 0x00000000aa400000| PB 0x00000000aa400000| Untracked 
| 677|0x00000000aa500000, 0x00000000aa500000, 0x00000000aa600000|  0%| F|  |TAMS 0x00000000aa500000| PB 0x00000000aa500000| Untracked 
| 678|0x00000000aa600000, 0x00000000aa600000, 0x00000000aa700000|  0%| F|  |TAMS 0x00000000aa600000| PB 0x00000000aa600000| Untracked 
| 679|0x00000000aa700000, 0x00000000aa700000, 0x00000000aa800000|  0%| F|  |TAMS 0x00000000aa700000| PB 0x00000000aa700000| Untracked 
| 680|0x00000000aa800000, 0x00000000aa800000, 0x00000000aa900000|  0%| F|  |TAMS 0x00000000aa800000| PB 0x00000000aa800000| Untracked 
| 681|0x00000000aa900000, 0x00000000aa900000, 0x00000000aaa00000|  0%| F|  |TAMS 0x00000000aa900000| PB 0x00000000aa900000| Untracked 
| 682|0x00000000aaa00000, 0x00000000aaa00000, 0x00000000aab00000|  0%| F|  |TAMS 0x00000000aaa00000| PB 0x00000000aaa00000| Untracked 
| 683|0x00000000aab00000, 0x00000000aab00000, 0x00000000aac00000|  0%| F|  |TAMS 0x00000000aab00000| PB 0x00000000aab00000| Untracked 
| 684|0x00000000aac00000, 0x00000000aac00000, 0x00000000aad00000|  0%| F|  |TAMS 0x00000000aac00000| PB 0x00000000aac00000| Untracked 
| 685|0x00000000aad00000, 0x00000000aaddeeb8, 0x00000000aae00000| 87%| E|  |TAMS 0x00000000aad00000| PB 0x00000000aad00000| Complete 
| 686|0x00000000aae00000, 0x00000000aaf00000, 0x00000000aaf00000|100%| E|CS|TAMS 0x00000000aae00000| PB 0x00000000aae00000| Complete 
| 687|0x00000000aaf00000, 0x00000000ab000000, 0x00000000ab000000|100%| E|CS|TAMS 0x00000000aaf00000| PB 0x00000000aaf00000| Complete 
| 688|0x00000000ab000000, 0x00000000ab100000, 0x00000000ab100000|100%| E|CS|TAMS 0x00000000ab000000| PB 0x00000000ab000000| Complete 
| 689|0x00000000ab100000, 0x00000000ab200000, 0x00000000ab200000|100%| E|CS|TAMS 0x00000000ab100000| PB 0x00000000ab100000| Complete 
| 690|0x00000000ab200000, 0x00000000ab300000, 0x00000000ab300000|100%| E|CS|TAMS 0x00000000ab200000| PB 0x00000000ab200000| Complete 
| 691|0x00000000ab300000, 0x00000000ab400000, 0x00000000ab400000|100%| E|CS|TAMS 0x00000000ab300000| PB 0x00000000ab300000| Complete 
| 692|0x00000000ab400000, 0x00000000ab500000, 0x00000000ab500000|100%| E|CS|TAMS 0x00000000ab400000| PB 0x00000000ab400000| Complete 
| 693|0x00000000ab500000, 0x00000000ab600000, 0x00000000ab600000|100%| E|CS|TAMS 0x00000000ab500000| PB 0x00000000ab500000| Complete 
| 694|0x00000000ab600000, 0x00000000ab700000, 0x00000000ab700000|100%| E|CS|TAMS 0x00000000ab600000| PB 0x00000000ab600000| Complete 
| 695|0x00000000ab700000, 0x00000000ab800000, 0x00000000ab800000|100%| E|CS|TAMS 0x00000000ab700000| PB 0x00000000ab700000| Complete 
| 696|0x00000000ab800000, 0x00000000ab900000, 0x00000000ab900000|100%| E|CS|TAMS 0x00000000ab800000| PB 0x00000000ab800000| Complete 
| 697|0x00000000ab900000, 0x00000000aba00000, 0x00000000aba00000|100%| E|CS|TAMS 0x00000000ab900000| PB 0x00000000ab900000| Complete 
| 698|0x00000000aba00000, 0x00000000abb00000, 0x00000000abb00000|100%| E|CS|TAMS 0x00000000aba00000| PB 0x00000000aba00000| Complete 
| 699|0x00000000abb00000, 0x00000000abc00000, 0x00000000abc00000|100%| E|CS|TAMS 0x00000000abb00000| PB 0x00000000abb00000| Complete 
| 700|0x00000000abc00000, 0x00000000abd00000, 0x00000000abd00000|100%| E|CS|TAMS 0x00000000abc00000| PB 0x00000000abc00000| Complete 
| 701|0x00000000abd00000, 0x00000000abe00000, 0x00000000abe00000|100%| E|CS|TAMS 0x00000000abd00000| PB 0x00000000abd00000| Complete 
| 702|0x00000000abe00000, 0x00000000abf00000, 0x00000000abf00000|100%| E|CS|TAMS 0x00000000abe00000| PB 0x00000000abe00000| Complete 
| 703|0x00000000abf00000, 0x00000000ac000000, 0x00000000ac000000|100%| E|CS|TAMS 0x00000000abf00000| PB 0x00000000abf00000| Complete 
| 704|0x00000000ac000000, 0x00000000ac100000, 0x00000000ac100000|100%| E|CS|TAMS 0x00000000ac000000| PB 0x00000000ac000000| Complete 
| 705|0x00000000ac100000, 0x00000000ac200000, 0x00000000ac200000|100%| E|CS|TAMS 0x00000000ac100000| PB 0x00000000ac100000| Complete 
| 706|0x00000000ac200000, 0x00000000ac300000, 0x00000000ac300000|100%| E|CS|TAMS 0x00000000ac200000| PB 0x00000000ac200000| Complete 
| 707|0x00000000ac300000, 0x00000000ac400000, 0x00000000ac400000|100%| E|CS|TAMS 0x00000000ac300000| PB 0x00000000ac300000| Complete 
| 708|0x00000000ac400000, 0x00000000ac500000, 0x00000000ac500000|100%| E|CS|TAMS 0x00000000ac400000| PB 0x00000000ac400000| Complete 
| 709|0x00000000ac500000, 0x00000000ac600000, 0x00000000ac600000|100%| E|CS|TAMS 0x00000000ac500000| PB 0x00000000ac500000| Complete 
| 710|0x00000000ac600000, 0x00000000ac700000, 0x00000000ac700000|100%| E|CS|TAMS 0x00000000ac600000| PB 0x00000000ac600000| Complete 
| 711|0x00000000ac700000, 0x00000000ac800000, 0x00000000ac800000|100%| E|CS|TAMS 0x00000000ac700000| PB 0x00000000ac700000| Complete 
| 712|0x00000000ac800000, 0x00000000ac900000, 0x00000000ac900000|100%| E|CS|TAMS 0x00000000ac800000| PB 0x00000000ac800000| Complete 
| 713|0x00000000ac900000, 0x00000000aca00000, 0x00000000aca00000|100%| E|CS|TAMS 0x00000000ac900000| PB 0x00000000ac900000| Complete 
| 714|0x00000000aca00000, 0x00000000acb00000, 0x00000000acb00000|100%| E|CS|TAMS 0x00000000aca00000| PB 0x00000000aca00000| Complete 
| 715|0x00000000acb00000, 0x00000000acc00000, 0x00000000acc00000|100%| E|CS|TAMS 0x00000000acb00000| PB 0x00000000acb00000| Complete 
| 716|0x00000000acc00000, 0x00000000acd00000, 0x00000000acd00000|100%| E|CS|TAMS 0x00000000acc00000| PB 0x00000000acc00000| Complete 
| 717|0x00000000acd00000, 0x00000000ace00000, 0x00000000ace00000|100%| E|CS|TAMS 0x00000000acd00000| PB 0x00000000acd00000| Complete 
| 718|0x00000000ace00000, 0x00000000acf00000, 0x00000000acf00000|100%| E|CS|TAMS 0x00000000ace00000| PB 0x00000000ace00000| Complete 
| 719|0x00000000acf00000, 0x00000000ad000000, 0x00000000ad000000|100%| E|CS|TAMS 0x00000000acf00000| PB 0x00000000acf00000| Complete 
| 720|0x00000000ad000000, 0x00000000ad100000, 0x00000000ad100000|100%| E|CS|TAMS 0x00000000ad000000| PB 0x00000000ad000000| Complete 
| 721|0x00000000ad100000, 0x00000000ad200000, 0x00000000ad200000|100%| E|CS|TAMS 0x00000000ad100000| PB 0x00000000ad100000| Complete 
| 722|0x00000000ad200000, 0x00000000ad300000, 0x00000000ad300000|100%| E|CS|TAMS 0x00000000ad200000| PB 0x00000000ad200000| Complete 
| 723|0x00000000ad300000, 0x00000000ad400000, 0x00000000ad400000|100%| E|CS|TAMS 0x00000000ad300000| PB 0x00000000ad300000| Complete 
| 724|0x00000000ad400000, 0x00000000ad500000, 0x00000000ad500000|100%| E|CS|TAMS 0x00000000ad400000| PB 0x00000000ad400000| Complete 
| 725|0x00000000ad500000, 0x00000000ad600000, 0x00000000ad600000|100%| E|CS|TAMS 0x00000000ad500000| PB 0x00000000ad500000| Complete 
| 726|0x00000000ad600000, 0x00000000ad700000, 0x00000000ad700000|100%| E|CS|TAMS 0x00000000ad600000| PB 0x00000000ad600000| Complete 
| 727|0x00000000ad700000, 0x00000000ad800000, 0x00000000ad800000|100%| E|CS|TAMS 0x00000000ad700000| PB 0x00000000ad700000| Complete 
| 728|0x00000000ad800000, 0x00000000ad900000, 0x00000000ad900000|100%| E|CS|TAMS 0x00000000ad800000| PB 0x00000000ad800000| Complete 
| 729|0x00000000ad900000, 0x00000000ada00000, 0x00000000ada00000|100%| E|CS|TAMS 0x00000000ad900000| PB 0x00000000ad900000| Complete 
| 730|0x00000000ada00000, 0x00000000adb00000, 0x00000000adb00000|100%| E|CS|TAMS 0x00000000ada00000| PB 0x00000000ada00000| Complete 
| 731|0x00000000adb00000, 0x00000000adc00000, 0x00000000adc00000|100%| E|CS|TAMS 0x00000000adb00000| PB 0x00000000adb00000| Complete 
| 732|0x00000000adc00000, 0x00000000add00000, 0x00000000add00000|100%| E|CS|TAMS 0x00000000adc00000| PB 0x00000000adc00000| Complete 
| 733|0x00000000add00000, 0x00000000ade00000, 0x00000000ade00000|100%| E|CS|TAMS 0x00000000add00000| PB 0x00000000add00000| Complete 
| 734|0x00000000ade00000, 0x00000000adf00000, 0x00000000adf00000|100%| E|CS|TAMS 0x00000000ade00000| PB 0x00000000ade00000| Complete 
| 735|0x00000000adf00000, 0x00000000ae000000, 0x00000000ae000000|100%| E|CS|TAMS 0x00000000adf00000| PB 0x00000000adf00000| Complete 
| 736|0x00000000ae000000, 0x00000000ae100000, 0x00000000ae100000|100%| E|CS|TAMS 0x00000000ae000000| PB 0x00000000ae000000| Complete 
| 737|0x00000000ae100000, 0x00000000ae200000, 0x00000000ae200000|100%| E|CS|TAMS 0x00000000ae100000| PB 0x00000000ae100000| Complete 
| 738|0x00000000ae200000, 0x00000000ae300000, 0x00000000ae300000|100%| E|CS|TAMS 0x00000000ae200000| PB 0x00000000ae200000| Complete 
| 739|0x00000000ae300000, 0x00000000ae400000, 0x00000000ae400000|100%| E|CS|TAMS 0x00000000ae300000| PB 0x00000000ae300000| Complete 
| 740|0x00000000ae400000, 0x00000000ae500000, 0x00000000ae500000|100%| E|CS|TAMS 0x00000000ae400000| PB 0x00000000ae400000| Complete 
| 741|0x00000000ae500000, 0x00000000ae600000, 0x00000000ae600000|100%| E|CS|TAMS 0x00000000ae500000| PB 0x00000000ae500000| Complete 
| 742|0x00000000ae600000, 0x00000000ae700000, 0x00000000ae700000|100%| E|CS|TAMS 0x00000000ae600000| PB 0x00000000ae600000| Complete 
| 743|0x00000000ae700000, 0x00000000ae800000, 0x00000000ae800000|100%| E|CS|TAMS 0x00000000ae700000| PB 0x00000000ae700000| Complete 
| 744|0x00000000ae800000, 0x00000000ae900000, 0x00000000ae900000|100%| E|CS|TAMS 0x00000000ae800000| PB 0x00000000ae800000| Complete 
| 745|0x00000000ae900000, 0x00000000aea00000, 0x00000000aea00000|100%| E|CS|TAMS 0x00000000ae900000| PB 0x00000000ae900000| Complete 
| 746|0x00000000aea00000, 0x00000000aeb00000, 0x00000000aeb00000|100%| E|CS|TAMS 0x00000000aea00000| PB 0x00000000aea00000| Complete 
| 747|0x00000000aeb00000, 0x00000000aec00000, 0x00000000aec00000|100%| E|CS|TAMS 0x00000000aeb00000| PB 0x00000000aeb00000| Complete 
| 748|0x00000000aec00000, 0x00000000aed00000, 0x00000000aed00000|100%| E|CS|TAMS 0x00000000aec00000| PB 0x00000000aec00000| Complete 
| 749|0x00000000aed00000, 0x00000000aee00000, 0x00000000aee00000|100%| E|CS|TAMS 0x00000000aed00000| PB 0x00000000aed00000| Complete 
| 750|0x00000000aee00000, 0x00000000aef00000, 0x00000000aef00000|100%| E|CS|TAMS 0x00000000aee00000| PB 0x00000000aee00000| Complete 
| 751|0x00000000aef00000, 0x00000000af000000, 0x00000000af000000|100%| E|CS|TAMS 0x00000000aef00000| PB 0x00000000aef00000| Complete 
| 752|0x00000000af000000, 0x00000000af100000, 0x00000000af100000|100%| E|CS|TAMS 0x00000000af000000| PB 0x00000000af000000| Complete 
| 753|0x00000000af100000, 0x00000000af200000, 0x00000000af200000|100%| E|CS|TAMS 0x00000000af100000| PB 0x00000000af100000| Complete 
| 754|0x00000000af200000, 0x00000000af300000, 0x00000000af300000|100%| E|CS|TAMS 0x00000000af200000| PB 0x00000000af200000| Complete 
| 755|0x00000000af300000, 0x00000000af400000, 0x00000000af400000|100%| E|CS|TAMS 0x00000000af300000| PB 0x00000000af300000| Complete 
| 756|0x00000000af400000, 0x00000000af500000, 0x00000000af500000|100%| E|CS|TAMS 0x00000000af400000| PB 0x00000000af400000| Complete 
| 757|0x00000000af500000, 0x00000000af600000, 0x00000000af600000|100%| E|CS|TAMS 0x00000000af500000| PB 0x00000000af500000| Complete 
| 758|0x00000000af600000, 0x00000000af700000, 0x00000000af700000|100%| E|CS|TAMS 0x00000000af600000| PB 0x00000000af600000| Complete 
| 759|0x00000000af700000, 0x00000000af800000, 0x00000000af800000|100%| E|CS|TAMS 0x00000000af700000| PB 0x00000000af700000| Complete 
| 760|0x00000000af800000, 0x00000000af900000, 0x00000000af900000|100%| E|CS|TAMS 0x00000000af800000| PB 0x00000000af800000| Complete 
| 761|0x00000000af900000, 0x00000000afa00000, 0x00000000afa00000|100%| E|CS|TAMS 0x00000000af900000| PB 0x00000000af900000| Complete 
| 762|0x00000000afa00000, 0x00000000afb00000, 0x00000000afb00000|100%| E|CS|TAMS 0x00000000afa00000| PB 0x00000000afa00000| Complete 
| 763|0x00000000afb00000, 0x00000000afc00000, 0x00000000afc00000|100%| E|CS|TAMS 0x00000000afb00000| PB 0x00000000afb00000| Complete 
| 764|0x00000000afc00000, 0x00000000afd00000, 0x00000000afd00000|100%| E|CS|TAMS 0x00000000afc00000| PB 0x00000000afc00000| Complete 
| 765|0x00000000afd00000, 0x00000000afe00000, 0x00000000afe00000|100%| E|CS|TAMS 0x00000000afd00000| PB 0x00000000afd00000| Complete 
| 766|0x00000000afe00000, 0x00000000aff00000, 0x00000000aff00000|100%| E|CS|TAMS 0x00000000afe00000| PB 0x00000000afe00000| Complete 
| 767|0x00000000aff00000, 0x00000000b0000000, 0x00000000b0000000|100%| E|CS|TAMS 0x00000000aff00000| PB 0x00000000aff00000| Complete 
| 768|0x00000000b0000000, 0x00000000b0100000, 0x00000000b0100000|100%| E|CS|TAMS 0x00000000b0000000| PB 0x00000000b0000000| Complete 
| 769|0x00000000b0100000, 0x00000000b0200000, 0x00000000b0200000|100%| E|CS|TAMS 0x00000000b0100000| PB 0x00000000b0100000| Complete 
| 770|0x00000000b0200000, 0x00000000b0300000, 0x00000000b0300000|100%| E|CS|TAMS 0x00000000b0200000| PB 0x00000000b0200000| Complete 
| 771|0x00000000b0300000, 0x00000000b0400000, 0x00000000b0400000|100%| E|CS|TAMS 0x00000000b0300000| PB 0x00000000b0300000| Complete 
| 772|0x00000000b0400000, 0x00000000b0500000, 0x00000000b0500000|100%| E|CS|TAMS 0x00000000b0400000| PB 0x00000000b0400000| Complete 
| 773|0x00000000b0500000, 0x00000000b0600000, 0x00000000b0600000|100%| E|CS|TAMS 0x00000000b0500000| PB 0x00000000b0500000| Complete 
| 774|0x00000000b0600000, 0x00000000b0700000, 0x00000000b0700000|100%| E|CS|TAMS 0x00000000b0600000| PB 0x00000000b0600000| Complete 
| 775|0x00000000b0700000, 0x00000000b0800000, 0x00000000b0800000|100%| E|CS|TAMS 0x00000000b0700000| PB 0x00000000b0700000| Complete 
| 776|0x00000000b0800000, 0x00000000b0900000, 0x00000000b0900000|100%| E|CS|TAMS 0x00000000b0800000| PB 0x00000000b0800000| Complete 
| 777|0x00000000b0900000, 0x00000000b0a00000, 0x00000000b0a00000|100%| E|CS|TAMS 0x00000000b0900000| PB 0x00000000b0900000| Complete 
| 778|0x00000000b0a00000, 0x00000000b0b00000, 0x00000000b0b00000|100%| E|CS|TAMS 0x00000000b0a00000| PB 0x00000000b0a00000| Complete 
| 779|0x00000000b0b00000, 0x00000000b0c00000, 0x00000000b0c00000|100%| E|CS|TAMS 0x00000000b0b00000| PB 0x00000000b0b00000| Complete 
| 780|0x00000000b0c00000, 0x00000000b0d00000, 0x00000000b0d00000|100%| E|CS|TAMS 0x00000000b0c00000| PB 0x00000000b0c00000| Complete 
| 781|0x00000000b0d00000, 0x00000000b0e00000, 0x00000000b0e00000|100%| E|CS|TAMS 0x00000000b0d00000| PB 0x00000000b0d00000| Complete 
| 782|0x00000000b0e00000, 0x00000000b0f00000, 0x00000000b0f00000|100%| E|CS|TAMS 0x00000000b0e00000| PB 0x00000000b0e00000| Complete 
| 783|0x00000000b0f00000, 0x00000000b1000000, 0x00000000b1000000|100%| E|CS|TAMS 0x00000000b0f00000| PB 0x00000000b0f00000| Complete 
| 784|0x00000000b1000000, 0x00000000b1100000, 0x00000000b1100000|100%| E|CS|TAMS 0x00000000b1000000| PB 0x00000000b1000000| Complete 
| 785|0x00000000b1100000, 0x00000000b1200000, 0x00000000b1200000|100%| E|CS|TAMS 0x00000000b1100000| PB 0x00000000b1100000| Complete 
| 786|0x00000000b1200000, 0x00000000b1300000, 0x00000000b1300000|100%| E|CS|TAMS 0x00000000b1200000| PB 0x00000000b1200000| Complete 
| 787|0x00000000b1300000, 0x00000000b1400000, 0x00000000b1400000|100%| E|CS|TAMS 0x00000000b1300000| PB 0x00000000b1300000| Complete 
| 788|0x00000000b1400000, 0x00000000b1500000, 0x00000000b1500000|100%| E|CS|TAMS 0x00000000b1400000| PB 0x00000000b1400000| Complete 
| 789|0x00000000b1500000, 0x00000000b1600000, 0x00000000b1600000|100%| E|CS|TAMS 0x00000000b1500000| PB 0x00000000b1500000| Complete 
| 790|0x00000000b1600000, 0x00000000b1700000, 0x00000000b1700000|100%| E|CS|TAMS 0x00000000b1600000| PB 0x00000000b1600000| Complete 
| 791|0x00000000b1700000, 0x00000000b1800000, 0x00000000b1800000|100%| E|CS|TAMS 0x00000000b1700000| PB 0x00000000b1700000| Complete 
| 792|0x00000000b1800000, 0x00000000b1900000, 0x00000000b1900000|100%| E|CS|TAMS 0x00000000b1800000| PB 0x00000000b1800000| Complete 
| 793|0x00000000b1900000, 0x00000000b1a00000, 0x00000000b1a00000|100%| E|CS|TAMS 0x00000000b1900000| PB 0x00000000b1900000| Complete 
| 794|0x00000000b1a00000, 0x00000000b1b00000, 0x00000000b1b00000|100%| E|CS|TAMS 0x00000000b1a00000| PB 0x00000000b1a00000| Complete 
| 795|0x00000000b1b00000, 0x00000000b1c00000, 0x00000000b1c00000|100%| E|CS|TAMS 0x00000000b1b00000| PB 0x00000000b1b00000| Complete 
| 796|0x00000000b1c00000, 0x00000000b1d00000, 0x00000000b1d00000|100%| E|CS|TAMS 0x00000000b1c00000| PB 0x00000000b1c00000| Complete 
| 797|0x00000000b1d00000, 0x00000000b1e00000, 0x00000000b1e00000|100%| E|CS|TAMS 0x00000000b1d00000| PB 0x00000000b1d00000| Complete 
| 798|0x00000000b1e00000, 0x00000000b1f00000, 0x00000000b1f00000|100%| E|CS|TAMS 0x00000000b1e00000| PB 0x00000000b1e00000| Complete 
| 799|0x00000000b1f00000, 0x00000000b2000000, 0x00000000b2000000|100%| E|CS|TAMS 0x00000000b1f00000| PB 0x00000000b1f00000| Complete 
| 800|0x00000000b2000000, 0x00000000b2100000, 0x00000000b2100000|100%| E|CS|TAMS 0x00000000b2000000| PB 0x00000000b2000000| Complete 
| 801|0x00000000b2100000, 0x00000000b2200000, 0x00000000b2200000|100%| E|CS|TAMS 0x00000000b2100000| PB 0x00000000b2100000| Complete 
| 802|0x00000000b2200000, 0x00000000b2300000, 0x00000000b2300000|100%| E|CS|TAMS 0x00000000b2200000| PB 0x00000000b2200000| Complete 
| 803|0x00000000b2300000, 0x00000000b2400000, 0x00000000b2400000|100%| E|CS|TAMS 0x00000000b2300000| PB 0x00000000b2300000| Complete 
| 804|0x00000000b2400000, 0x00000000b2500000, 0x00000000b2500000|100%| E|CS|TAMS 0x00000000b2400000| PB 0x00000000b2400000| Complete 
| 805|0x00000000b2500000, 0x00000000b2600000, 0x00000000b2600000|100%| E|CS|TAMS 0x00000000b2500000| PB 0x00000000b2500000| Complete 
| 806|0x00000000b2600000, 0x00000000b2700000, 0x00000000b2700000|100%| E|CS|TAMS 0x00000000b2600000| PB 0x00000000b2600000| Complete 
| 807|0x00000000b2700000, 0x00000000b2800000, 0x00000000b2800000|100%| E|CS|TAMS 0x00000000b2700000| PB 0x00000000b2700000| Complete 
| 808|0x00000000b2800000, 0x00000000b2900000, 0x00000000b2900000|100%| E|CS|TAMS 0x00000000b2800000| PB 0x00000000b2800000| Complete 
| 809|0x00000000b2900000, 0x00000000b2a00000, 0x00000000b2a00000|100%| E|CS|TAMS 0x00000000b2900000| PB 0x00000000b2900000| Complete 
| 810|0x00000000b2a00000, 0x00000000b2b00000, 0x00000000b2b00000|100%| E|CS|TAMS 0x00000000b2a00000| PB 0x00000000b2a00000| Complete 
| 811|0x00000000b2b00000, 0x00000000b2c00000, 0x00000000b2c00000|100%| E|CS|TAMS 0x00000000b2b00000| PB 0x00000000b2b00000| Complete 
| 812|0x00000000b2c00000, 0x00000000b2d00000, 0x00000000b2d00000|100%| E|CS|TAMS 0x00000000b2c00000| PB 0x00000000b2c00000| Complete 
| 813|0x00000000b2d00000, 0x00000000b2e00000, 0x00000000b2e00000|100%| E|CS|TAMS 0x00000000b2d00000| PB 0x00000000b2d00000| Complete 
| 814|0x00000000b2e00000, 0x00000000b2f00000, 0x00000000b2f00000|100%| E|CS|TAMS 0x00000000b2e00000| PB 0x00000000b2e00000| Complete 
| 815|0x00000000b2f00000, 0x00000000b3000000, 0x00000000b3000000|100%| E|CS|TAMS 0x00000000b2f00000| PB 0x00000000b2f00000| Complete 
| 816|0x00000000b3000000, 0x00000000b3100000, 0x00000000b3100000|100%| E|CS|TAMS 0x00000000b3000000| PB 0x00000000b3000000| Complete 
| 817|0x00000000b3100000, 0x00000000b3200000, 0x00000000b3200000|100%| E|CS|TAMS 0x00000000b3100000| PB 0x00000000b3100000| Complete 
| 818|0x00000000b3200000, 0x00000000b3300000, 0x00000000b3300000|100%| E|CS|TAMS 0x00000000b3200000| PB 0x00000000b3200000| Complete 
| 819|0x00000000b3300000, 0x00000000b3400000, 0x00000000b3400000|100%| E|CS|TAMS 0x00000000b3300000| PB 0x00000000b3300000| Complete 
| 820|0x00000000b3400000, 0x00000000b3500000, 0x00000000b3500000|100%| E|CS|TAMS 0x00000000b3400000| PB 0x00000000b3400000| Complete 
| 821|0x00000000b3500000, 0x00000000b3600000, 0x00000000b3600000|100%| E|CS|TAMS 0x00000000b3500000| PB 0x00000000b3500000| Complete 
| 822|0x00000000b3600000, 0x00000000b3700000, 0x00000000b3700000|100%| E|  |TAMS 0x00000000b3600000| PB 0x00000000b3600000| Complete 
| 823|0x00000000b3700000, 0x00000000b3800000, 0x00000000b3800000|100%| E|CS|TAMS 0x00000000b3700000| PB 0x00000000b3700000| Complete 
| 824|0x00000000b3800000, 0x00000000b3900000, 0x00000000b3900000|100%| E|CS|TAMS 0x00000000b3800000| PB 0x00000000b3800000| Complete 
| 825|0x00000000b3900000, 0x00000000b3a00000, 0x00000000b3a00000|100%| E|CS|TAMS 0x00000000b3900000| PB 0x00000000b3900000| Complete 
| 826|0x00000000b3a00000, 0x00000000b3b00000, 0x00000000b3b00000|100%| E|CS|TAMS 0x00000000b3a00000| PB 0x00000000b3a00000| Complete 
| 827|0x00000000b3b00000, 0x00000000b3c00000, 0x00000000b3c00000|100%| E|CS|TAMS 0x00000000b3b00000| PB 0x00000000b3b00000| Complete 
| 828|0x00000000b3c00000, 0x00000000b3d00000, 0x00000000b3d00000|100%| E|CS|TAMS 0x00000000b3c00000| PB 0x00000000b3c00000| Complete 
| 829|0x00000000b3d00000, 0x00000000b3e00000, 0x00000000b3e00000|100%| E|CS|TAMS 0x00000000b3d00000| PB 0x00000000b3d00000| Complete 
| 830|0x00000000b3e00000, 0x00000000b3f00000, 0x00000000b3f00000|100%| E|CS|TAMS 0x00000000b3e00000| PB 0x00000000b3e00000| Complete 
| 831|0x00000000b3f00000, 0x00000000b4000000, 0x00000000b4000000|100%| E|CS|TAMS 0x00000000b3f00000| PB 0x00000000b3f00000| Complete 
| 832|0x00000000b4000000, 0x00000000b4100000, 0x00000000b4100000|100%| E|CS|TAMS 0x00000000b4000000| PB 0x00000000b4000000| Complete 
| 833|0x00000000b4100000, 0x00000000b4200000, 0x00000000b4200000|100%| E|CS|TAMS 0x00000000b4100000| PB 0x00000000b4100000| Complete 
| 834|0x00000000b4200000, 0x00000000b4300000, 0x00000000b4300000|100%| E|CS|TAMS 0x00000000b4200000| PB 0x00000000b4200000| Complete 
| 835|0x00000000b4300000, 0x00000000b4400000, 0x00000000b4400000|100%| E|CS|TAMS 0x00000000b4300000| PB 0x00000000b4300000| Complete 
| 836|0x00000000b4400000, 0x00000000b4500000, 0x00000000b4500000|100%| E|CS|TAMS 0x00000000b4400000| PB 0x00000000b4400000| Complete 
| 837|0x00000000b4500000, 0x00000000b4600000, 0x00000000b4600000|100%| E|CS|TAMS 0x00000000b4500000| PB 0x00000000b4500000| Complete 
| 838|0x00000000b4600000, 0x00000000b4700000, 0x00000000b4700000|100%| E|CS|TAMS 0x00000000b4600000| PB 0x00000000b4600000| Complete 
| 839|0x00000000b4700000, 0x00000000b4800000, 0x00000000b4800000|100%| E|CS|TAMS 0x00000000b4700000| PB 0x00000000b4700000| Complete 
| 840|0x00000000b4800000, 0x00000000b4900000, 0x00000000b4900000|100%| E|CS|TAMS 0x00000000b4800000| PB 0x00000000b4800000| Complete 
| 841|0x00000000b4900000, 0x00000000b4a00000, 0x00000000b4a00000|100%| E|CS|TAMS 0x00000000b4900000| PB 0x00000000b4900000| Complete 
| 842|0x00000000b4a00000, 0x00000000b4b00000, 0x00000000b4b00000|100%| E|CS|TAMS 0x00000000b4a00000| PB 0x00000000b4a00000| Complete 
| 843|0x00000000b4b00000, 0x00000000b4c00000, 0x00000000b4c00000|100%| E|CS|TAMS 0x00000000b4b00000| PB 0x00000000b4b00000| Complete 
| 844|0x00000000b4c00000, 0x00000000b4d00000, 0x00000000b4d00000|100%| E|CS|TAMS 0x00000000b4c00000| PB 0x00000000b4c00000| Complete 
| 845|0x00000000b4d00000, 0x00000000b4e00000, 0x00000000b4e00000|100%| E|CS|TAMS 0x00000000b4d00000| PB 0x00000000b4d00000| Complete 
| 846|0x00000000b4e00000, 0x00000000b4f00000, 0x00000000b4f00000|100%| E|CS|TAMS 0x00000000b4e00000| PB 0x00000000b4e00000| Complete 
| 847|0x00000000b4f00000, 0x00000000b5000000, 0x00000000b5000000|100%| E|CS|TAMS 0x00000000b4f00000| PB 0x00000000b4f00000| Complete 
| 848|0x00000000b5000000, 0x00000000b5100000, 0x00000000b5100000|100%| E|CS|TAMS 0x00000000b5000000| PB 0x00000000b5000000| Complete 
| 849|0x00000000b5100000, 0x00000000b5200000, 0x00000000b5200000|100%| E|CS|TAMS 0x00000000b5100000| PB 0x00000000b5100000| Complete 
| 850|0x00000000b5200000, 0x00000000b5300000, 0x00000000b5300000|100%| E|CS|TAMS 0x00000000b5200000| PB 0x00000000b5200000| Complete 
| 851|0x00000000b5300000, 0x00000000b5400000, 0x00000000b5400000|100%| E|CS|TAMS 0x00000000b5300000| PB 0x00000000b5300000| Complete 
| 852|0x00000000b5400000, 0x00000000b5500000, 0x00000000b5500000|100%| E|CS|TAMS 0x00000000b5400000| PB 0x00000000b5400000| Complete 
| 853|0x00000000b5500000, 0x00000000b5600000, 0x00000000b5600000|100%| E|CS|TAMS 0x00000000b5500000| PB 0x00000000b5500000| Complete 
| 854|0x00000000b5600000, 0x00000000b5700000, 0x00000000b5700000|100%| E|CS|TAMS 0x00000000b5600000| PB 0x00000000b5600000| Complete 
| 855|0x00000000b5700000, 0x00000000b5800000, 0x00000000b5800000|100%| E|CS|TAMS 0x00000000b5700000| PB 0x00000000b5700000| Complete 
| 856|0x00000000b5800000, 0x00000000b5900000, 0x00000000b5900000|100%| E|CS|TAMS 0x00000000b5800000| PB 0x00000000b5800000| Complete 
| 857|0x00000000b5900000, 0x00000000b5a00000, 0x00000000b5a00000|100%| S|CS|TAMS 0x00000000b5900000| PB 0x00000000b5900000| Complete 
| 858|0x00000000b5a00000, 0x00000000b5b00000, 0x00000000b5b00000|100%| S|CS|TAMS 0x00000000b5a00000| PB 0x00000000b5a00000| Complete 
| 859|0x00000000b5b00000, 0x00000000b5c00000, 0x00000000b5c00000|100%| S|CS|TAMS 0x00000000b5b00000| PB 0x00000000b5b00000| Complete 
| 860|0x00000000b5c00000, 0x00000000b5d00000, 0x00000000b5d00000|100%| S|CS|TAMS 0x00000000b5c00000| PB 0x00000000b5c00000| Complete 
| 861|0x00000000b5d00000, 0x00000000b5e00000, 0x00000000b5e00000|100%| S|CS|TAMS 0x00000000b5d00000| PB 0x00000000b5d00000| Complete 
| 862|0x00000000b5e00000, 0x00000000b5f00000, 0x00000000b5f00000|100%| S|CS|TAMS 0x00000000b5e00000| PB 0x00000000b5e00000| Complete 
| 863|0x00000000b5f00000, 0x00000000b6000000, 0x00000000b6000000|100%| S|CS|TAMS 0x00000000b5f00000| PB 0x00000000b5f00000| Complete 
| 864|0x00000000b6000000, 0x00000000b6100000, 0x00000000b6100000|100%| S|CS|TAMS 0x00000000b6000000| PB 0x00000000b6000000| Complete 
| 865|0x00000000b6100000, 0x00000000b6200000, 0x00000000b6200000|100%| S|CS|TAMS 0x00000000b6100000| PB 0x00000000b6100000| Complete 
| 866|0x00000000b6200000, 0x00000000b6300000, 0x00000000b6300000|100%| S|CS|TAMS 0x00000000b6200000| PB 0x00000000b6200000| Complete 
| 867|0x00000000b6300000, 0x00000000b6400000, 0x00000000b6400000|100%| E|CS|TAMS 0x00000000b6300000| PB 0x00000000b6300000| Complete 
| 868|0x00000000b6400000, 0x00000000b6500000, 0x00000000b6500000|100%| E|CS|TAMS 0x00000000b6400000| PB 0x00000000b6400000| Complete 
| 869|0x00000000b6500000, 0x00000000b6600000, 0x00000000b6600000|100%| E|CS|TAMS 0x00000000b6500000| PB 0x00000000b6500000| Complete 
| 870|0x00000000b6600000, 0x00000000b6700000, 0x00000000b6700000|100%| E|CS|TAMS 0x00000000b6600000| PB 0x00000000b6600000| Complete 
| 871|0x00000000b6700000, 0x00000000b6800000, 0x00000000b6800000|100%| E|CS|TAMS 0x00000000b6700000| PB 0x00000000b6700000| Complete 
| 872|0x00000000b6800000, 0x00000000b6900000, 0x00000000b6900000|100%| E|CS|TAMS 0x00000000b6800000| PB 0x00000000b6800000| Complete 
| 873|0x00000000b6900000, 0x00000000b6a00000, 0x00000000b6a00000|100%| E|CS|TAMS 0x00000000b6900000| PB 0x00000000b6900000| Complete 
| 874|0x00000000b6a00000, 0x00000000b6b00000, 0x00000000b6b00000|100%| E|CS|TAMS 0x00000000b6a00000| PB 0x00000000b6a00000| Complete 
| 875|0x00000000b6b00000, 0x00000000b6c00000, 0x00000000b6c00000|100%| E|CS|TAMS 0x00000000b6b00000| PB 0x00000000b6b00000| Complete 
| 876|0x00000000b6c00000, 0x00000000b6d00000, 0x00000000b6d00000|100%| E|CS|TAMS 0x00000000b6c00000| PB 0x00000000b6c00000| Complete 
| 877|0x00000000b6d00000, 0x00000000b6e00000, 0x00000000b6e00000|100%| E|CS|TAMS 0x00000000b6d00000| PB 0x00000000b6d00000| Complete 
| 878|0x00000000b6e00000, 0x00000000b6f00000, 0x00000000b6f00000|100%| E|CS|TAMS 0x00000000b6e00000| PB 0x00000000b6e00000| Complete 
| 879|0x00000000b6f00000, 0x00000000b7000000, 0x00000000b7000000|100%| E|CS|TAMS 0x00000000b6f00000| PB 0x00000000b6f00000| Complete 
| 880|0x00000000b7000000, 0x00000000b7100000, 0x00000000b7100000|100%| E|CS|TAMS 0x00000000b7000000| PB 0x00000000b7000000| Complete 
| 881|0x00000000b7100000, 0x00000000b7200000, 0x00000000b7200000|100%| E|CS|TAMS 0x00000000b7100000| PB 0x00000000b7100000| Complete 
| 882|0x00000000b7200000, 0x00000000b7300000, 0x00000000b7300000|100%| E|CS|TAMS 0x00000000b7200000| PB 0x00000000b7200000| Complete 
| 883|0x00000000b7300000, 0x00000000b7400000, 0x00000000b7400000|100%| E|CS|TAMS 0x00000000b7300000| PB 0x00000000b7300000| Complete 
| 884|0x00000000b7400000, 0x00000000b7500000, 0x00000000b7500000|100%| E|CS|TAMS 0x00000000b7400000| PB 0x00000000b7400000| Complete 
| 885|0x00000000b7500000, 0x00000000b7600000, 0x00000000b7600000|100%| E|CS|TAMS 0x00000000b7500000| PB 0x00000000b7500000| Complete 
| 886|0x00000000b7600000, 0x00000000b7700000, 0x00000000b7700000|100%| E|CS|TAMS 0x00000000b7600000| PB 0x00000000b7600000| Complete 
| 887|0x00000000b7700000, 0x00000000b7800000, 0x00000000b7800000|100%| E|CS|TAMS 0x00000000b7700000| PB 0x00000000b7700000| Complete 
| 888|0x00000000b7800000, 0x00000000b7900000, 0x00000000b7900000|100%| E|CS|TAMS 0x00000000b7800000| PB 0x00000000b7800000| Complete 
| 889|0x00000000b7900000, 0x00000000b7a00000, 0x00000000b7a00000|100%| E|CS|TAMS 0x00000000b7900000| PB 0x00000000b7900000| Complete 
| 890|0x00000000b7a00000, 0x00000000b7b00000, 0x00000000b7b00000|100%| E|CS|TAMS 0x00000000b7a00000| PB 0x00000000b7a00000| Complete 
| 891|0x00000000b7b00000, 0x00000000b7c00000, 0x00000000b7c00000|100%| E|CS|TAMS 0x00000000b7b00000| PB 0x00000000b7b00000| Complete 
| 892|0x00000000b7c00000, 0x00000000b7d00000, 0x00000000b7d00000|100%| E|CS|TAMS 0x00000000b7c00000| PB 0x00000000b7c00000| Complete 
| 893|0x00000000b7d00000, 0x00000000b7e00000, 0x00000000b7e00000|100%| E|CS|TAMS 0x00000000b7d00000| PB 0x00000000b7d00000| Complete 
| 894|0x00000000b7e00000, 0x00000000b7f00000, 0x00000000b7f00000|100%| E|CS|TAMS 0x00000000b7e00000| PB 0x00000000b7e00000| Complete 
| 895|0x00000000b7f00000, 0x00000000b8000000, 0x00000000b8000000|100%| E|CS|TAMS 0x00000000b7f00000| PB 0x00000000b7f00000| Complete 
| 896|0x00000000b8000000, 0x00000000b8100000, 0x00000000b8100000|100%| E|CS|TAMS 0x00000000b8000000| PB 0x00000000b8000000| Complete 
| 897|0x00000000b8100000, 0x00000000b8200000, 0x00000000b8200000|100%| E|CS|TAMS 0x00000000b8100000| PB 0x00000000b8100000| Complete 
| 898|0x00000000b8200000, 0x00000000b8300000, 0x00000000b8300000|100%| E|CS|TAMS 0x00000000b8200000| PB 0x00000000b8200000| Complete 
| 899|0x00000000b8300000, 0x00000000b8400000, 0x00000000b8400000|100%| E|CS|TAMS 0x00000000b8300000| PB 0x00000000b8300000| Complete 
| 900|0x00000000b8400000, 0x00000000b8500000, 0x00000000b8500000|100%| E|CS|TAMS 0x00000000b8400000| PB 0x00000000b8400000| Complete 
| 901|0x00000000b8500000, 0x00000000b8600000, 0x00000000b8600000|100%| E|CS|TAMS 0x00000000b8500000| PB 0x00000000b8500000| Complete 
| 902|0x00000000b8600000, 0x00000000b8700000, 0x00000000b8700000|100%| E|CS|TAMS 0x00000000b8600000| PB 0x00000000b8600000| Complete 
| 903|0x00000000b8700000, 0x00000000b8800000, 0x00000000b8800000|100%| E|CS|TAMS 0x00000000b8700000| PB 0x00000000b8700000| Complete 
| 904|0x00000000b8800000, 0x00000000b8900000, 0x00000000b8900000|100%| E|CS|TAMS 0x00000000b8800000| PB 0x00000000b8800000| Complete 
| 905|0x00000000b8900000, 0x00000000b8a00000, 0x00000000b8a00000|100%| E|CS|TAMS 0x00000000b8900000| PB 0x00000000b8900000| Complete 
| 906|0x00000000b8a00000, 0x00000000b8b00000, 0x00000000b8b00000|100%| E|CS|TAMS 0x00000000b8a00000| PB 0x00000000b8a00000| Complete 
| 907|0x00000000b8b00000, 0x00000000b8c00000, 0x00000000b8c00000|100%| E|CS|TAMS 0x00000000b8b00000| PB 0x00000000b8b00000| Complete 
| 908|0x00000000b8c00000, 0x00000000b8d00000, 0x00000000b8d00000|100%| E|CS|TAMS 0x00000000b8c00000| PB 0x00000000b8c00000| Complete 
| 909|0x00000000b8d00000, 0x00000000b8e00000, 0x00000000b8e00000|100%| E|CS|TAMS 0x00000000b8d00000| PB 0x00000000b8d00000| Complete 
| 910|0x00000000b8e00000, 0x00000000b8f00000, 0x00000000b8f00000|100%| E|CS|TAMS 0x00000000b8e00000| PB 0x00000000b8e00000| Complete 
| 911|0x00000000b8f00000, 0x00000000b9000000, 0x00000000b9000000|100%| E|CS|TAMS 0x00000000b8f00000| PB 0x00000000b8f00000| Complete 
| 912|0x00000000b9000000, 0x00000000b9100000, 0x00000000b9100000|100%| E|CS|TAMS 0x00000000b9000000| PB 0x00000000b9000000| Complete 
| 913|0x00000000b9100000, 0x00000000b9200000, 0x00000000b9200000|100%| E|CS|TAMS 0x00000000b9100000| PB 0x00000000b9100000| Complete 
| 914|0x00000000b9200000, 0x00000000b9300000, 0x00000000b9300000|100%| E|CS|TAMS 0x00000000b9200000| PB 0x00000000b9200000| Complete 
| 915|0x00000000b9300000, 0x00000000b9400000, 0x00000000b9400000|100%| E|CS|TAMS 0x00000000b9300000| PB 0x00000000b9300000| Complete 
| 916|0x00000000b9400000, 0x00000000b9500000, 0x00000000b9500000|100%| E|CS|TAMS 0x00000000b9400000| PB 0x00000000b9400000| Complete 
| 917|0x00000000b9500000, 0x00000000b9600000, 0x00000000b9600000|100%| E|CS|TAMS 0x00000000b9500000| PB 0x00000000b9500000| Complete 
| 918|0x00000000b9600000, 0x00000000b9700000, 0x00000000b9700000|100%| E|CS|TAMS 0x00000000b9600000| PB 0x00000000b9600000| Complete 
| 919|0x00000000b9700000, 0x00000000b9800000, 0x00000000b9800000|100%| E|CS|TAMS 0x00000000b9700000| PB 0x00000000b9700000| Complete 
| 920|0x00000000b9800000, 0x00000000b9900000, 0x00000000b9900000|100%| E|CS|TAMS 0x00000000b9800000| PB 0x00000000b9800000| Complete 
| 921|0x00000000b9900000, 0x00000000b9a00000, 0x00000000b9a00000|100%| E|CS|TAMS 0x00000000b9900000| PB 0x00000000b9900000| Complete 
| 922|0x00000000b9a00000, 0x00000000b9b00000, 0x00000000b9b00000|100%| E|CS|TAMS 0x00000000b9a00000| PB 0x00000000b9a00000| Complete 
| 923|0x00000000b9b00000, 0x00000000b9c00000, 0x00000000b9c00000|100%| E|CS|TAMS 0x00000000b9b00000| PB 0x00000000b9b00000| Complete 
| 924|0x00000000b9c00000, 0x00000000b9d00000, 0x00000000b9d00000|100%| E|CS|TAMS 0x00000000b9c00000| PB 0x00000000b9c00000| Complete 
| 925|0x00000000b9d00000, 0x00000000b9e00000, 0x00000000b9e00000|100%| E|CS|TAMS 0x00000000b9d00000| PB 0x00000000b9d00000| Complete 
| 926|0x00000000b9e00000, 0x00000000b9f00000, 0x00000000b9f00000|100%| E|CS|TAMS 0x00000000b9e00000| PB 0x00000000b9e00000| Complete 
| 927|0x00000000b9f00000, 0x00000000ba000000, 0x00000000ba000000|100%| E|CS|TAMS 0x00000000b9f00000| PB 0x00000000b9f00000| Complete 
| 928|0x00000000ba000000, 0x00000000ba100000, 0x00000000ba100000|100%| E|CS|TAMS 0x00000000ba000000| PB 0x00000000ba000000| Complete 
| 929|0x00000000ba100000, 0x00000000ba200000, 0x00000000ba200000|100%| E|CS|TAMS 0x00000000ba100000| PB 0x00000000ba100000| Complete 
| 930|0x00000000ba200000, 0x00000000ba300000, 0x00000000ba300000|100%| E|CS|TAMS 0x00000000ba200000| PB 0x00000000ba200000| Complete 
| 931|0x00000000ba300000, 0x00000000ba400000, 0x00000000ba400000|100%| E|CS|TAMS 0x00000000ba300000| PB 0x00000000ba300000| Complete 
| 932|0x00000000ba400000, 0x00000000ba500000, 0x00000000ba500000|100%| E|CS|TAMS 0x00000000ba400000| PB 0x00000000ba400000| Complete 
| 933|0x00000000ba500000, 0x00000000ba600000, 0x00000000ba600000|100%| E|CS|TAMS 0x00000000ba500000| PB 0x00000000ba500000| Complete 
| 934|0x00000000ba600000, 0x00000000ba700000, 0x00000000ba700000|100%| E|CS|TAMS 0x00000000ba600000| PB 0x00000000ba600000| Complete 
| 935|0x00000000ba700000, 0x00000000ba800000, 0x00000000ba800000|100%| E|CS|TAMS 0x00000000ba700000| PB 0x00000000ba700000| Complete 
| 936|0x00000000ba800000, 0x00000000ba900000, 0x00000000ba900000|100%| E|CS|TAMS 0x00000000ba800000| PB 0x00000000ba800000| Complete 
| 937|0x00000000ba900000, 0x00000000baa00000, 0x00000000baa00000|100%| E|CS|TAMS 0x00000000ba900000| PB 0x00000000ba900000| Complete 
| 938|0x00000000baa00000, 0x00000000bab00000, 0x00000000bab00000|100%| E|CS|TAMS 0x00000000baa00000| PB 0x00000000baa00000| Complete 
| 939|0x00000000bab00000, 0x00000000bac00000, 0x00000000bac00000|100%| E|CS|TAMS 0x00000000bab00000| PB 0x00000000bab00000| Complete 
| 940|0x00000000bac00000, 0x00000000bad00000, 0x00000000bad00000|100%| E|CS|TAMS 0x00000000bac00000| PB 0x00000000bac00000| Complete 
| 941|0x00000000bad00000, 0x00000000bae00000, 0x00000000bae00000|100%| E|CS|TAMS 0x00000000bad00000| PB 0x00000000bad00000| Complete 
| 942|0x00000000bae00000, 0x00000000baf00000, 0x00000000baf00000|100%| E|CS|TAMS 0x00000000bae00000| PB 0x00000000bae00000| Complete 
| 943|0x00000000baf00000, 0x00000000bb000000, 0x00000000bb000000|100%| E|CS|TAMS 0x00000000baf00000| PB 0x00000000baf00000| Complete 
| 944|0x00000000bb000000, 0x00000000bb100000, 0x00000000bb100000|100%| E|CS|TAMS 0x00000000bb000000| PB 0x00000000bb000000| Complete 
| 945|0x00000000bb100000, 0x00000000bb200000, 0x00000000bb200000|100%| E|CS|TAMS 0x00000000bb100000| PB 0x00000000bb100000| Complete 
| 946|0x00000000bb200000, 0x00000000bb300000, 0x00000000bb300000|100%| E|CS|TAMS 0x00000000bb200000| PB 0x00000000bb200000| Complete 
| 947|0x00000000bb300000, 0x00000000bb400000, 0x00000000bb400000|100%| E|CS|TAMS 0x00000000bb300000| PB 0x00000000bb300000| Complete 
| 948|0x00000000bb400000, 0x00000000bb500000, 0x00000000bb500000|100%| E|CS|TAMS 0x00000000bb400000| PB 0x00000000bb400000| Complete 
| 949|0x00000000bb500000, 0x00000000bb600000, 0x00000000bb600000|100%| E|CS|TAMS 0x00000000bb500000| PB 0x00000000bb500000| Complete 
| 950|0x00000000bb600000, 0x00000000bb700000, 0x00000000bb700000|100%| E|CS|TAMS 0x00000000bb600000| PB 0x00000000bb600000| Complete 
|2029|0x00000000fed00000, 0x00000000fee00000, 0x00000000fee00000|100%| E|CS|TAMS 0x00000000fed00000| PB 0x00000000fed00000| Complete 
|2030|0x00000000fee00000, 0x00000000fef00000, 0x00000000fef00000|100%| E|CS|TAMS 0x00000000fee00000| PB 0x00000000fee00000| Complete 
|2031|0x00000000fef00000, 0x00000000ff000000, 0x00000000ff000000|100%| O|  |TAMS 0x00000000fef00000| PB 0x00000000fef00000| Untracked 
|2032|0x00000000ff000000, 0x00000000ff100000, 0x00000000ff100000|100%| E|CS|TAMS 0x00000000ff000000| PB 0x00000000ff000000| Complete 
|2033|0x00000000ff100000, 0x00000000ff200000, 0x00000000ff200000|100%| E|CS|TAMS 0x00000000ff100000| PB 0x00000000ff100000| Complete 
|2034|0x00000000ff200000, 0x00000000ff300000, 0x00000000ff300000|100%| E|CS|TAMS 0x00000000ff200000| PB 0x00000000ff200000| Complete 
|2035|0x00000000ff300000, 0x00000000ff400000, 0x00000000ff400000|100%| E|CS|TAMS 0x00000000ff300000| PB 0x00000000ff300000| Complete 
|2036|0x00000000ff400000, 0x00000000ff500000, 0x00000000ff500000|100%| E|CS|TAMS 0x00000000ff400000| PB 0x00000000ff400000| Complete 
|2037|0x00000000ff500000, 0x00000000ff600000, 0x00000000ff600000|100%| E|CS|TAMS 0x00000000ff500000| PB 0x00000000ff500000| Complete 
|2038|0x00000000ff600000, 0x00000000ff700000, 0x00000000ff700000|100%| E|CS|TAMS 0x00000000ff600000| PB 0x00000000ff600000| Complete 
|2039|0x00000000ff700000, 0x00000000ff800000, 0x00000000ff800000|100%| O|  |TAMS 0x00000000ff700000| PB 0x00000000ff700000| Untracked 
|2040|0x00000000ff800000, 0x00000000ff900000, 0x00000000ff900000|100%| E|CS|TAMS 0x00000000ff800000| PB 0x00000000ff800000| Complete 
|2041|0x00000000ff900000, 0x00000000ffa00000, 0x00000000ffa00000|100%| O|  |TAMS 0x00000000ff900000| PB 0x00000000ff900000| Untracked 
|2042|0x00000000ffa00000, 0x00000000ffb00000, 0x00000000ffb00000|100%| E|CS|TAMS 0x00000000ffa00000| PB 0x00000000ffa00000| Complete 
|2043|0x00000000ffb00000, 0x00000000ffc00000, 0x00000000ffc00000|100%| E|CS|TAMS 0x00000000ffb00000| PB 0x00000000ffb00000| Complete 
|2044|0x00000000ffc00000, 0x00000000ffd00000, 0x00000000ffd00000|100%| E|CS|TAMS 0x00000000ffc00000| PB 0x00000000ffc00000| Complete 
|2045|0x00000000ffd00000, 0x00000000ffe00000, 0x00000000ffe00000|100%| E|CS|TAMS 0x00000000ffd00000| PB 0x00000000ffd00000| Complete 
|2046|0x00000000ffe00000, 0x00000000fff00000, 0x00000000fff00000|100%| O|  |TAMS 0x00000000ffe00000| PB 0x00000000ffe00000| Untracked 
|2047|0x00000000fff00000, 0x0000000100000000, 0x0000000100000000|100%| O|  |TAMS 0x00000000fff00000| PB 0x00000000fff00000| Untracked 

Card table byte_map: [0x00000179d07d0000,0x00000179d0bd0000] _byte_map_base: 0x00000179d03d0000

Marking Bits: (CMBitMap*) 0x00000179bbb1a340
 Bits: [0x00000179d0bd0000, 0x00000179d2bd0000)

Polling page: 0x00000179bbf20000

Metaspace:

Usage:
  Non-class:    177.11 MB used.
      Class:     26.92 MB used.
       Both:    204.03 MB used.

Virtual space:
  Non-class space:      192.00 MB reserved,     178.50 MB ( 93%) committed,  3 nodes.
      Class space:        1.00 GB reserved,      28.31 MB (  3%) committed,  1 nodes.
             Both:        1.19 GB reserved,     206.81 MB ( 17%) committed. 

Chunk freelists:
   Non-Class:  13.36 MB
       Class:  3.62 MB
        Both:  16.98 MB

MaxMetaspaceSize: unlimited
CompressedClassSpaceSize: 1.00 GB
Initial GC threshold: 21.00 MB
Current GC threshold: 344.38 MB
CDS: off
 - commit_granule_bytes: 65536.
 - commit_granule_words: 8192.
 - virtual_space_node_default_size: 8388608.
 - enlarge_chunks_in_place: 1.
 - use_allocation_guard: 0.


Internal statistics:

num_allocs_failed_limit: 6.
num_arena_births: 5508.
num_arena_deaths: 32.
num_vsnodes_births: 4.
num_vsnodes_deaths: 0.
num_space_committed: 3307.
num_space_uncommitted: 0.
num_chunks_returned_to_freelist: 57.
num_chunks_taken_from_freelist: 14432.
num_chunk_merges: 16.
num_chunk_splits: 9574.
num_chunks_enlarged: 6225.
num_inconsistent_stats: 0.

CodeHeap 'non-profiled nmethods': size=120000Kb used=10148Kb max_used=18859Kb free=109851Kb
 bounds [0x00000179c8950000, 0x00000179c9bc0000, 0x00000179cfe80000]
CodeHeap 'profiled nmethods': size=120000Kb used=16679Kb max_used=37157Kb free=103320Kb
 bounds [0x00000179c0e80000, 0x00000179c33c0000, 0x00000179c83b0000]
CodeHeap 'non-nmethods': size=5760Kb used=3166Kb max_used=3339Kb free=2593Kb
 bounds [0x00000179c83b0000, 0x00000179c8720000, 0x00000179c8950000]
 total_blobs=9547 nmethods=8351 adapters=1098
 compilation: enabled
              stopped_count=0, restarted_count=0
 full_count=0

Compilation events (20 events):
Event: 1323.933 Thread 0x00000179d5a325d0 nmethod 39817 0x00000179c2b75c90 code [0x00000179c2b75e60, 0x00000179c2b76048]
Event: 1323.933 Thread 0x00000179d5a325d0 39818       2       org.gradle.internal.snapshot.AbstractListChildMap::withRemovedChild (25 bytes)
Event: 1323.934 Thread 0x00000179d5a325d0 nmethod 39818 0x00000179c206bb90 code [0x00000179c206bd60, 0x00000179c206bf48]
Event: 1323.934 Thread 0x00000179d5a325d0 39819       2       java.nio.channels.Channels::newOutputStream (12 bytes)
Event: 1323.935 Thread 0x00000179d5a325d0 nmethod 39819 0x00000179c11adb90 code [0x00000179c11add60, 0x00000179c11ae0d0]
Event: 1323.943 Thread 0x00000179d5a325d0 39821       2       com.android.tools.r8.internal.gh1::b (10 bytes)
Event: 1323.944 Thread 0x00000179d5a325d0 nmethod 39821 0x00000179c286b290 code [0x00000179c286b420, 0x00000179c286b530]
Event: 1323.949 Thread 0x00000179d5a325d0 39822       3       com.google.common.util.concurrent.AbstractFuture$UnsafeAtomicHelper::gasWaiters (15 bytes)
Event: 1323.951 Thread 0x00000179d5a325d0 nmethod 39822 0x00000179c1239f90 code [0x00000179c123a140, 0x00000179c123a448]
Event: 1323.951 Thread 0x00000179d5a325d0 39823   !   3       org.gradle.internal.hash.DefaultFileHasher::hash (94 bytes)
Event: 1323.957 Thread 0x00000179d5a325d0 nmethod 39823 0x00000179c154a190 code [0x00000179c154a560, 0x00000179c154bda0]
Event: 1323.966 Thread 0x00000179d5a325d0 39824       2       com.android.tools.r8.internal.d34::a (28 bytes)
Event: 1323.968 Thread 0x00000179d5a325d0 nmethod 39824 0x00000179c12d6510 code [0x00000179c12d66e0, 0x00000179c12d6970]
Event: 1323.968 Thread 0x00000179d5a325d0 39826       3       com.android.tools.r8.internal.tl::y (23 bytes)
Event: 1323.968 Thread 0x00000179d5a325d0 nmethod 39826 0x00000179c1e49c90 code [0x00000179c1e49e40, 0x00000179c1e4a010]
Event: 1323.968 Thread 0x00000179d5a325d0 39825       2       com.android.tools.r8.internal.d34$$Lambda/0x0000000101ab96e8::<init> (10 bytes)
Event: 1323.969 Thread 0x00000179d5a325d0 nmethod 39825 0x00000179c12d6190 code [0x00000179c12d6320, 0x00000179c12d6470]
Event: 1323.982 Thread 0x00000179d5a325d0 39828       1       com.android.tools.r8.internal.vl::y (2 bytes)
Event: 1323.982 Thread 0x00000179d5a325d0 nmethod 39828 0x00000179c8a12690 code [0x00000179c8a12820, 0x00000179c8a128e8]
Event: 1324.078 Thread 0x00000179d5a325d0 39829       1       com.android.tools.r8.internal.dk::y (2 bytes)

GC Heap History (20 events):
Event: 1307.228 GC heap before
{Heap before GC invocations=128 (full 0):
 garbage-first heap   total 993280K, used 917870K [0x0000000080000000, 0x0000000100000000)
  region size 1024K, 458 young (468992K), 29 survivors (29696K)
 Metaspace       used 208658K, committed 211456K, reserved 1245184K
  class space    used 27560K, committed 28928K, reserved 1048576K
}
Event: 1307.286 GC heap after
{Heap after GC invocations=129 (full 0):
 garbage-first heap   total 993280K, used 472976K [0x0000000080000000, 0x0000000100000000)
  region size 1024K, 28 young (28672K), 28 survivors (28672K)
 Metaspace       used 208658K, committed 211456K, reserved 1245184K
  class space    used 27560K, committed 28928K, reserved 1048576K
}
Event: 1307.364 GC heap before
{Heap before GC invocations=129 (full 0):
 garbage-first heap   total 993280K, used 493456K [0x0000000080000000, 0x0000000100000000)
  region size 1024K, 48 young (49152K), 28 survivors (28672K)
 Metaspace       used 208659K, committed 211456K, reserved 1245184K
  class space    used 27560K, committed 28928K, reserved 1048576K
}
Event: 1307.421 GC heap after
{Heap after GC invocations=130 (full 0):
 garbage-first heap   total 993280K, used 472913K [0x0000000080000000, 0x0000000100000000)
  region size 1024K, 5 young (5120K), 5 survivors (5120K)
 Metaspace       used 208659K, committed 211456K, reserved 1245184K
  class space    used 27560K, committed 28928K, reserved 1048576K
}
Event: 1309.035 GC heap before
{Heap before GC invocations=130 (full 0):
 garbage-first heap   total 993280K, used 935761K [0x0000000080000000, 0x0000000100000000)
  region size 1024K, 458 young (468992K), 5 survivors (5120K)
 Metaspace       used 208672K, committed 211456K, reserved 1245184K
  class space    used 27561K, committed 28928K, reserved 1048576K
}
Event: 1309.049 GC heap after
{Heap after GC invocations=131 (full 0):
 garbage-first heap   total 993280K, used 467146K [0x0000000080000000, 0x0000000100000000)
  region size 1024K, 4 young (4096K), 4 survivors (4096K)
 Metaspace       used 208672K, committed 211456K, reserved 1245184K
  class space    used 27561K, committed 28928K, reserved 1048576K
}
Event: 1311.342 GC heap before
{Heap before GC invocations=131 (full 0):
 garbage-first heap   total 993280K, used 938186K [0x0000000080000000, 0x0000000100000000)
  region size 1024K, 464 young (475136K), 4 survivors (4096K)
 Metaspace       used 208690K, committed 211456K, reserved 1245184K
  class space    used 27561K, committed 28928K, reserved 1048576K
}
Event: 1311.378 GC heap after
{Heap after GC invocations=132 (full 0):
 garbage-first heap   total 993280K, used 469127K [0x0000000080000000, 0x0000000100000000)
  region size 1024K, 8 young (8192K), 8 survivors (8192K)
 Metaspace       used 208690K, committed 211456K, reserved 1245184K
  class space    used 27561K, committed 28928K, reserved 1048576K
}
Event: 1314.235 GC heap before
{Heap before GC invocations=132 (full 0):
 garbage-first heap   total 993280K, used 932999K [0x0000000080000000, 0x0000000100000000)
  region size 1024K, 462 young (473088K), 8 survivors (8192K)
 Metaspace       used 208711K, committed 211456K, reserved 1245184K
  class space    used 27561K, committed 28928K, reserved 1048576K
}
Event: 1314.267 GC heap after
{Heap after GC invocations=133 (full 0):
 garbage-first heap   total 993280K, used 468720K [0x0000000080000000, 0x0000000100000000)
  region size 1024K, 7 young (7168K), 7 survivors (7168K)
 Metaspace       used 208711K, committed 211456K, reserved 1245184K
  class space    used 27561K, committed 28928K, reserved 1048576K
}
Event: 1316.529 GC heap before
{Heap before GC invocations=133 (full 0):
 garbage-first heap   total 993280K, used 934640K [0x0000000080000000, 0x0000000100000000)
  region size 1024K, 463 young (474112K), 7 survivors (7168K)
 Metaspace       used 208714K, committed 211456K, reserved 1245184K
  class space    used 27561K, committed 28928K, reserved 1048576K
}
Event: 1316.554 GC heap after
{Heap after GC invocations=134 (full 0):
 garbage-first heap   total 993280K, used 470001K [0x0000000080000000, 0x0000000100000000)
  region size 1024K, 9 young (9216K), 9 survivors (9216K)
 Metaspace       used 208714K, committed 211456K, reserved 1245184K
  class space    used 27561K, committed 28928K, reserved 1048576K
}
Event: 1318.508 GC heap before
{Heap before GC invocations=134 (full 0):
 garbage-first heap   total 993280K, used 931825K [0x0000000080000000, 0x0000000100000000)
  region size 1024K, 461 young (472064K), 9 survivors (9216K)
 Metaspace       used 208729K, committed 211520K, reserved 1245184K
  class space    used 27562K, committed 28928K, reserved 1048576K
}
Event: 1318.560 GC heap after
{Heap after GC invocations=135 (full 0):
 garbage-first heap   total 993280K, used 473365K [0x0000000080000000, 0x0000000100000000)
  region size 1024K, 12 young (12288K), 12 survivors (12288K)
 Metaspace       used 208729K, committed 211520K, reserved 1245184K
  class space    used 27562K, committed 28928K, reserved 1048576K
}
Event: 1321.296 GC heap before
{Heap before GC invocations=136 (full 0):
 garbage-first heap   total 993280K, used 931093K [0x0000000080000000, 0x0000000100000000)
  region size 1024K, 458 young (468992K), 12 survivors (12288K)
 Metaspace       used 208881K, committed 211712K, reserved 1245184K
  class space    used 27569K, committed 28992K, reserved 1048576K
}
Event: 1321.311 GC heap after
{Heap after GC invocations=137 (full 0):
 garbage-first heap   total 993280K, used 485232K [0x0000000080000000, 0x0000000100000000)
  region size 1024K, 22 young (22528K), 22 survivors (22528K)
 Metaspace       used 208881K, committed 211712K, reserved 1245184K
  class space    used 27569K, committed 28992K, reserved 1048576K
}
Event: 1323.168 GC heap before
{Heap before GC invocations=137 (full 0):
 garbage-first heap   total 993280K, used 886640K [0x0000000080000000, 0x0000000100000000)
  region size 1024K, 413 young (422912K), 22 survivors (22528K)
 Metaspace       used 208901K, committed 211712K, reserved 1245184K
  class space    used 27569K, committed 28992K, reserved 1048576K
}
Event: 1323.242 GC heap after
{Heap after GC invocations=138 (full 0):
 garbage-first heap   total 993280K, used 488247K [0x0000000080000000, 0x0000000100000000)
  region size 1024K, 34 young (34816K), 34 survivors (34816K)
 Metaspace       used 208901K, committed 211712K, reserved 1245184K
  class space    used 27569K, committed 28992K, reserved 1048576K
}
Event: 1323.753 GC heap before
{Heap before GC invocations=138 (full 0):
 garbage-first heap   total 993280K, used 587575K [0x0000000080000000, 0x0000000100000000)
  region size 1024K, 132 young (135168K), 34 survivors (34816K)
 Metaspace       used 208904K, committed 211712K, reserved 1245184K
  class space    used 27569K, committed 28992K, reserved 1048576K
}
Event: 1323.850 GC heap after
{Heap after GC invocations=139 (full 0):
 garbage-first heap   total 993280K, used 488128K [0x0000000080000000, 0x0000000100000000)
  region size 1024K, 10 young (10240K), 10 survivors (10240K)
 Metaspace       used 208904K, committed 211712K, reserved 1245184K
  class space    used 27569K, committed 28992K, reserved 1048576K
}

Dll operation events (3 events):
Event: 0.059 Loaded shared library C:\Program Files\Android\Android Studio\jbr\bin\java.dll
Event: 0.087 Loaded shared library C:\Program Files\Android\Android Studio\jbr\bin\zip.dll
Event: 2.671 Loaded shared library C:\Program Files\Android\Android Studio\jbr\bin\verify.dll

Deoptimization events (20 events):
Event: 1323.515 Thread 0x00000179e0430020 DEOPT PACKING pc=0x00000179c29fe811 sp=0x00000040e09f9500
Event: 1323.515 Thread 0x00000179e0430020 DEOPT UNPACKING pc=0x00000179c8404e42 sp=0x00000040e09f8a88 mode 0
Event: 1323.626 Thread 0x00000179e04313d0 DEOPT PACKING pc=0x00000179c2aa562b sp=0x00000040e07f9b90
Event: 1323.626 Thread 0x00000179e04313d0 DEOPT UNPACKING pc=0x00000179c8404e42 sp=0x00000040e07f9260 mode 0
Event: 1323.678 Thread 0x00000179e04313d0 DEOPT PACKING pc=0x00000179c29fe811 sp=0x00000040e07f98f0
Event: 1323.678 Thread 0x00000179e04313d0 DEOPT UNPACKING pc=0x00000179c8404e42 sp=0x00000040e07f8e78 mode 0
Event: 1323.950 Thread 0x00000179e52a2a30 DEOPT PACKING pc=0x00000179c2f4683c sp=0x00000040e06f9a00
Event: 1323.950 Thread 0x00000179e52a2a30 DEOPT UNPACKING pc=0x00000179c8404e42 sp=0x00000040e06f9198 mode 0
Event: 1324.886 Thread 0x00000179e04313d0 DEOPT PACKING pc=0x00000179c2716992 sp=0x00000040e07f9a20
Event: 1324.887 Thread 0x00000179e52a2a30 DEOPT PACKING pc=0x00000179c29fe4a8 sp=0x00000040e06f9530
Event: 1324.887 Thread 0x00000179e0430020 DEOPT PACKING pc=0x00000179c2aa562b sp=0x00000040e09f97a0
Event: 1324.887 Thread 0x00000179e52a2a30 DEOPT UNPACKING pc=0x00000179c8404e42 sp=0x00000040e06f8ab8 mode 0
Event: 1324.887 Thread 0x00000179e04313d0 DEOPT UNPACKING pc=0x00000179c8404e42 sp=0x00000040e07f9248 mode 0
Event: 1324.887 Thread 0x00000179e0430020 DEOPT UNPACKING pc=0x00000179c8404e42 sp=0x00000040e09f8e70 mode 0
Event: 1324.887 Thread 0x00000179edfbe9f0 DEOPT PACKING pc=0x00000179c29fe811 sp=0x00000040e8df95c0
Event: 1324.887 Thread 0x00000179e04320f0 DEOPT PACKING pc=0x00000179c25c2319 sp=0x00000040e0bf9fb0
Event: 1324.887 Thread 0x00000179e04320f0 DEOPT UNPACKING pc=0x00000179c8404e42 sp=0x00000040e0bf9700 mode 0
Event: 1324.887 Thread 0x00000179e042f990 DEOPT PACKING pc=0x00000179c29fe811 sp=0x00000040e0af9390
Event: 1324.887 Thread 0x00000179e042f990 DEOPT UNPACKING pc=0x00000179c8404e42 sp=0x00000040e0af8918 mode 0
Event: 1324.887 Thread 0x00000179edfbe9f0 DEOPT UNPACKING pc=0x00000179c8404e42 sp=0x00000040e8df8b48 mode 0

Classes loaded (20 events):
Event: 1240.928 Loading class java/util/IdentityHashMap$EntrySpliterator
Event: 1240.942 Loading class java/util/IdentityHashMap$IdentityHashMapSpliterator
Event: 1240.970 Loading class java/util/IdentityHashMap$IdentityHashMapSpliterator done
Event: 1240.971 Loading class java/util/IdentityHashMap$EntrySpliterator done
Event: 1241.081 Loading class java/util/SortedSet$1
Event: 1241.083 Loading class java/util/SortedSet$1 done
Event: 1241.104 Loading class java/util/stream/SliceOps
Event: 1241.106 Loading class java/util/stream/SliceOps done
Event: 1241.106 Loading class java/util/stream/SliceOps$1
Event: 1241.108 Loading class java/util/stream/SliceOps$1 done
Event: 1241.115 Loading class java/util/PriorityQueue
Event: 1241.115 Loading class java/util/stream/SliceOps$1$1
Event: 1241.116 Loading class java/util/stream/SliceOps$1$1 done
Event: 1241.118 Loading class java/util/PriorityQueue done
Event: 1264.124 Loading class java/nio/ShortBuffer
Event: 1264.148 Loading class java/nio/ShortBuffer done
Event: 1265.448 Loading class java/nio/ByteBufferAsShortBufferL
Event: 1265.456 Loading class java/nio/ByteBufferAsShortBufferL done
Event: 1265.759 Loading class java/util/zip/Adler32
Event: 1265.779 Loading class java/util/zip/Adler32 done

Classes unloaded (20 events):
Event: 1014.163 Thread 0x00000179d585ed90 Unloading class 0x00000001017d1410 '_BuildScript_'
Event: 1014.163 Thread 0x00000179d585ed90 Unloading class 0x00000001017d1000 'JetGradlePlugin$_apply_closure1$_closure2$_closure3'
Event: 1014.163 Thread 0x00000179d585ed90 Unloading class 0x00000001017d09c0 'JetGradlePlugin$_apply_closure1$_closure2'
Event: 1014.163 Thread 0x00000179d585ed90 Unloading class 0x00000001017d05b0 'JetGradlePlugin$_apply_closure1'
Event: 1014.163 Thread 0x00000179d585ed90 Unloading class 0x00000001017d02f0 'JetGradlePlugin'
Event: 1014.163 Thread 0x00000179d585ed90 Unloading class 0x00000001017d0000 'RegistryProcessor'
Event: 1014.164 Thread 0x00000179d585ed90 Unloading class 0x00000001017ce968 '_BuildScript_$_run_closure1$_closure2'
Event: 1014.164 Thread 0x00000179d585ed90 Unloading class 0x00000001017ce558 '_BuildScript_$_run_closure1'
Event: 1014.164 Thread 0x00000179d585ed90 Unloading class 0x00000001017ce000 '_BuildScript_'
Event: 1244.165 Thread 0x00000179d585ed90 Unloading class 0x0000000101a60800 'java/lang/invoke/LambdaForm$DMH+0x0000000101a60800'
Event: 1244.165 Thread 0x00000179d585ed90 Unloading class 0x0000000101a60c00 'java/lang/invoke/LambdaForm$DMH+0x0000000101a60c00'
Event: 1244.165 Thread 0x00000179d585ed90 Unloading class 0x0000000101a61000 'java/lang/invoke/LambdaForm$DMH+0x0000000101a61000'
Event: 1244.165 Thread 0x00000179d585ed90 Unloading class 0x0000000101a60000 'java/lang/invoke/LambdaForm$DMH+0x0000000101a60000'
Event: 1253.475 Thread 0x00000179d585ed90 Unloading class 0x0000000101b95800 'java/lang/invoke/LambdaForm$DMH+0x0000000101b95800'
Event: 1253.475 Thread 0x00000179d585ed90 Unloading class 0x0000000101b95400 'java/lang/invoke/LambdaForm$DMH+0x0000000101b95400'
Event: 1253.475 Thread 0x00000179d585ed90 Unloading class 0x0000000101b95000 'java/lang/invoke/LambdaForm$DMH+0x0000000101b95000'
Event: 1253.475 Thread 0x00000179d585ed90 Unloading class 0x0000000101b94c00 'java/lang/invoke/LambdaForm$DMH+0x0000000101b94c00'
Event: 1253.475 Thread 0x00000179d585ed90 Unloading class 0x0000000101b94800 'java/lang/invoke/LambdaForm$DMH+0x0000000101b94800'
Event: 1253.475 Thread 0x00000179d585ed90 Unloading class 0x0000000101b94400 'java/lang/invoke/LambdaForm$DMH+0x0000000101b94400'
Event: 1253.475 Thread 0x00000179d585ed90 Unloading class 0x0000000101b88400 'java/lang/invoke/LambdaForm$DMH+0x0000000101b88400'

Classes redefined (0 events):
No events

Internal exceptions (20 events):
Event: 1283.547 Thread 0x00000179e52a2a30 Exception <a 'sun/nio/fs/WindowsException'{0x00000000ffb0a038}> (0x00000000ffb0a038) 
thrown [s\src\hotspot\share\prims\jni.cpp, line 537]
Event: 1284.277 Thread 0x00000179e04320f0 Exception <a 'sun/nio/fs/WindowsException'{0x00000000bb183548}> (0x00000000bb183548) 
thrown [s\src\hotspot\share\prims\jni.cpp, line 537]
Event: 1284.310 Thread 0x00000179e52a2a30 Exception <a 'sun/nio/fs/WindowsException'{0x00000000ba66d878}> (0x00000000ba66d878) 
thrown [s\src\hotspot\share\prims\jni.cpp, line 537]
Event: 1285.552 Thread 0x00000179e04320f0 Exception <a 'sun/nio/fs/WindowsException'{0x00000000b1897c10}> (0x00000000b1897c10) 
thrown [s\src\hotspot\share\prims\jni.cpp, line 537]
Event: 1290.412 Thread 0x00000179e52a2a30 Implicit null exception at 0x00000179c975e580 to 0x00000179c975e6fc
Event: 1290.550 Thread 0x00000179e52a2a30 Exception <a 'sun/nio/fs/WindowsException'{0x00000000a2180518}> (0x00000000a2180518) 
thrown [s\src\hotspot\share\prims\jni.cpp, line 537]
Event: 1305.626 Thread 0x00000179edfbe9f0 Exception <a 'sun/nio/fs/WindowsException'{0x00000000b72001f8}> (0x00000000b72001f8) 
thrown [s\src\hotspot\share\prims\jni.cpp, line 537]
Event: 1308.007 Thread 0x00000179edfbe9f0 Exception <a 'sun/nio/fs/WindowsException'{0x00000000b3923d18}> (0x00000000b3923d18) 
thrown [s\src\hotspot\share\prims\jni.cpp, line 537]
Event: 1309.467 Thread 0x00000179edfbe9f0 Exception <a 'sun/nio/fs/WindowsException'{0x00000000b6e6e948}> (0x00000000b6e6e948) 
thrown [s\src\hotspot\share\prims\jni.cpp, line 537]
Event: 1310.345 Thread 0x00000179edfbe9f0 Exception <a 'sun/nio/fs/WindowsException'{0x00000000a9907e70}> (0x00000000a9907e70) 
thrown [s\src\hotspot\share\prims\jni.cpp, line 537]
Event: 1310.567 Thread 0x00000179edfbe9f0 Exception <a 'sun/nio/fs/WindowsException'{0x00000000a74cfe68}> (0x00000000a74cfe68) 
thrown [s\src\hotspot\share\prims\jni.cpp, line 537]
Event: 1313.337 Thread 0x00000179edfbe9f0 Exception <a 'sun/nio/fs/WindowsException'{0x00000000a7d5c0a0}> (0x00000000a7d5c0a0) 
thrown [s\src\hotspot\share\prims\jni.cpp, line 537]
Event: 1314.080 Thread 0x00000179edfbe9f0 Exception <a 'sun/nio/fs/WindowsException'{0x00000000a11eef20}> (0x00000000a11eef20) 
thrown [s\src\hotspot\share\prims\jni.cpp, line 537]
Event: 1318.863 Thread 0x00000179e04320f0 Exception <a 'java/lang/NoSuchMethodError'{0x00000000fee710e0}: 'java.lang.Object java.lang.invoke.DirectMethodHandle$Holder.newInvokeSpecial(java.lang.Object, int, java.lang.Object, java.lang.Object, java.lang.Object)'> (0x00000000fee710e0) 
thrown [s\src\hotspot\share\interpreter\linkResolver.cpp, line 784]
Event: 1318.870 Thread 0x00000179e04320f0 Exception <a 'java/lang/NoSuchMethodError'{0x00000000fee75910}: 'java.lang.Object java.lang.invoke.DirectMethodHandle$Holder.invokeSpecial(java.lang.Object, java.lang.Object, int, java.lang.Object, java.lang.Object, java.lang.Object)'> (0x00000000fee75910) 
thrown [s\src\hotspot\share\interpreter\linkResolver.cpp, line 784]
Event: 1318.874 Thread 0x00000179e04320f0 Exception <a 'java/lang/NoSuchMethodError'{0x00000000fee796b0}: 'java.lang.Object java.lang.invoke.Invokers$Holder.linkToTargetMethod(int, java.lang.Object, java.lang.Object, java.lang.Object, java.lang.Object)'> (0x00000000fee796b0) 
thrown [s\src\hotspot\share\interpreter\linkResolver.cpp, line 784]
Event: 1320.894 Thread 0x00000179e5cb8900 Exception <a 'sun/nio/fs/WindowsException'{0x00000000a6500ab8}> (0x00000000a6500ab8) 
thrown [s\src\hotspot\share\prims\jni.cpp, line 537]
Event: 1321.719 Thread 0x00000179e04320f0 Exception <a 'sun/nio/fs/WindowsException'{0x00000000b650f2b0}> (0x00000000b650f2b0) 
thrown [s\src\hotspot\share\prims\jni.cpp, line 537]
Event: 1322.722 Thread 0x00000179e696cdf0 Exception <a 'sun/nio/fs/WindowsException'{0x00000000b925b490}> (0x00000000b925b490) 
thrown [s\src\hotspot\share\prims\jni.cpp, line 537]
Event: 1322.802 Thread 0x00000179e042f990 Exception <a 'sun/nio/fs/WindowsException'{0x00000000ad418c80}> (0x00000000ad418c80) 
thrown [s\src\hotspot\share\prims\jni.cpp, line 537]

ZGC Phase Switch (0 events):
No events

VM Operations (20 events):
Event: 1318.560 Executing VM operation: G1CollectForAllocation (G1 Evacuation Pause) done
Event: 1319.566 Executing VM operation: Cleanup
Event: 1319.582 Executing VM operation: Cleanup done
Event: 1319.638 Executing VM operation: G1PauseRemark
Event: 1319.665 Executing VM operation: G1PauseRemark done
Event: 1320.541 Executing VM operation: G1PauseCleanup
Event: 1320.556 Executing VM operation: G1PauseCleanup done
Event: 1321.296 Executing VM operation: G1CollectForAllocation (G1 Evacuation Pause)
Event: 1321.311 Executing VM operation: G1CollectForAllocation (G1 Evacuation Pause) done
Event: 1322.313 Executing VM operation: Cleanup
Event: 1322.313 Executing VM operation: Cleanup done
Event: 1323.049 Executing VM operation: HandshakeAllThreads (HandshakeForDeflation)
Event: 1323.061 Executing VM operation: HandshakeAllThreads (HandshakeForDeflation) done
Event: 1323.062 Executing VM operation: RendezvousGCThreads
Event: 1323.062 Executing VM operation: RendezvousGCThreads done
Event: 1323.167 Executing VM operation: G1CollectForAllocation (G1 Evacuation Pause)
Event: 1323.243 Executing VM operation: G1CollectForAllocation (G1 Evacuation Pause) done
Event: 1323.753 Executing VM operation: G1CollectForAllocation (G1 Evacuation Pause)
Event: 1323.850 Executing VM operation: G1CollectForAllocation (G1 Evacuation Pause) done
Event: 1324.855 Executing VM operation: Cleanup

Memory protections (0 events):
No events

Nmethod flushes (20 events):
Event: 1319.660 Thread 0x00000179d585ed90 flushing osr nmethod 0x00000179c1eab710
Event: 1319.660 Thread 0x00000179d585ed90 flushing  nmethod 0x00000179c1eac690
Event: 1319.660 Thread 0x00000179d585ed90 flushing  nmethod 0x00000179c223f510
Event: 1319.660 Thread 0x00000179d585ed90 flushing  nmethod 0x00000179c2338490
Event: 1319.660 Thread 0x00000179d585ed90 flushing  nmethod 0x00000179c23cd990
Event: 1319.660 Thread 0x00000179d585ed90 flushing  nmethod 0x00000179c23ce210
Event: 1319.660 Thread 0x00000179d585ed90 flushing  nmethod 0x00000179c23e7790
Event: 1319.660 Thread 0x00000179d585ed90 flushing  nmethod 0x00000179c23e8490
Event: 1319.660 Thread 0x00000179d585ed90 flushing  nmethod 0x00000179c23e8810
Event: 1319.660 Thread 0x00000179d585ed90 flushing  nmethod 0x00000179c2695010
Event: 1319.660 Thread 0x00000179d585ed90 flushing  nmethod 0x00000179c273c690
Event: 1319.660 Thread 0x00000179d585ed90 flushing  nmethod 0x00000179c2749410
Event: 1319.660 Thread 0x00000179d585ed90 flushing  nmethod 0x00000179c274a610
Event: 1319.660 Thread 0x00000179d585ed90 flushing  nmethod 0x00000179c28bea90
Event: 1319.660 Thread 0x00000179d585ed90 flushing  nmethod 0x00000179c28c1c90
Event: 1319.660 Thread 0x00000179d585ed90 flushing  nmethod 0x00000179c28cab90
Event: 1319.660 Thread 0x00000179d585ed90 flushing  nmethod 0x00000179c2972110
Event: 1319.660 Thread 0x00000179d585ed90 flushing  nmethod 0x00000179c2972b90
Event: 1319.660 Thread 0x00000179d585ed90 flushing  nmethod 0x00000179c2974410
Event: 1319.660 Thread 0x00000179d585ed90 flushing  nmethod 0x00000179c2974c10

Events (20 events):
Event: 1226.765 Thread 0x00000179d5a325d0 Thread added: 0x00000179e6982060
Event: 1226.798 Thread 0x00000179e696f550 Thread added: 0x00000179ef73a1c0
Event: 1226.800 Thread 0x00000179e696f550 Thread added: 0x00000179ef73c290
Event: 1226.800 Thread 0x00000179e696f550 Thread added: 0x00000179ef73bc00
Event: 1226.802 Thread 0x00000179e696f550 Thread added: 0x00000179ef73c920
Event: 1226.803 Thread 0x00000179e696f550 Thread added: 0x00000179ef7394a0
Event: 1226.805 Thread 0x00000179e696f550 Thread added: 0x00000179ef739b30
Event: 1226.806 Thread 0x00000179e696f550 Thread added: 0x00000179ef73a850
Event: 1226.808 Thread 0x00000179e696f550 Thread added: 0x00000179ef73aee0
Event: 1226.813 Thread 0x00000179e696f550 Thread added: 0x00000179edef2890
Event: 1226.816 Thread 0x00000179e696f550 Thread added: 0x00000179edef2200
Event: 1226.821 Thread 0x00000179e696f550 Thread added: 0x00000179edef2f20
Event: 1227.823 Thread 0x00000179e6982060 Thread exited: 0x00000179e6982060
Event: 1228.051 Thread 0x00000179e696cdf0 Thread added: 0x00000179edfbe9f0
Event: 1228.664 Thread 0x00000179d5a325d0 Thread added: 0x00000179e6981990
Event: 1228.977 Thread 0x00000179e6981990 Thread exited: 0x00000179e6981990
Event: 1229.246 Thread 0x00000179d5a325d0 Thread added: 0x00000179e6982730
Event: 1229.455 Thread 0x00000179e6982730 Thread exited: 0x00000179e6982730
Event: 1229.486 Thread 0x00000179d5a325d0 Thread added: 0x00000179e6981990
Event: 1261.308 Thread 0x00000179d5a325d0 Thread added: 0x00000179e6982060


Dynamic libraries:
0x00007ff6e3df0000 - 0x00007ff6e3dfa000 	C:\Program Files\Android\Android Studio\jbr\bin\java.exe
0x00007ff9cbca0000 - 0x00007ff9cbf07000 	C:\Windows\SYSTEM32\ntdll.dll
0x00007ff9cac80000 - 0x00007ff9cad49000 	C:\Windows\System32\KERNEL32.DLL
0x00007ff9c9440000 - 0x00007ff9c9830000 	C:\Windows\System32\KERNELBASE.dll
0x00007ff9c8e60000 - 0x00007ff9c8fab000 	C:\Windows\System32\ucrtbase.dll
0x00007ff9a40c0000 - 0x00007ff9a40d8000 	C:\Program Files\Android\Android Studio\jbr\bin\jli.dll
0x00007ff9a3fc0000 - 0x00007ff9a3fdb000 	C:\Program Files\Android\Android Studio\jbr\bin\VCRUNTIME140.dll
0x00007ff9ca240000 - 0x00007ff9ca405000 	C:\Windows\System32\USER32.dll
0x00007ff9c9370000 - 0x00007ff9c9397000 	C:\Windows\System32\win32u.dll
0x00007ff9cba40000 - 0x00007ff9cba6b000 	C:\Windows\System32\GDI32.dll
0x00007ff9ab2f0000 - 0x00007ff9ab58a000 	C:\Windows\WinSxS\amd64_microsoft.windows.common-controls_6595b64144ccf1df_6.0.26100.4768_none_3e0c112ce331287c\COMCTL32.dll
0x00007ff9c98f0000 - 0x00007ff9c9a28000 	C:\Windows\System32\gdi32full.dll
0x00007ff9cad60000 - 0x00007ff9cae09000 	C:\Windows\System32\msvcrt.dll
0x00007ff9c9840000 - 0x00007ff9c98e3000 	C:\Windows\System32\msvcp_win.dll
0x00007ff9cb280000 - 0x00007ff9cb2af000 	C:\Windows\System32\IMM32.DLL
0x00007ff9b6ac0000 - 0x00007ff9b6acc000 	C:\Program Files\Android\Android Studio\jbr\bin\vcruntime140_1.dll
0x00007ff985570000 - 0x00007ff9855fd000 	C:\Program Files\Android\Android Studio\jbr\bin\msvcp140.dll
0x00007ff9444d0000 - 0x00007ff94515e000 	C:\Program Files\Android\Android Studio\jbr\bin\server\jvm.dll
0x00007ff9c9c60000 - 0x00007ff9c9d14000 	C:\Windows\System32\ADVAPI32.dll
0x00007ff9caea0000 - 0x00007ff9caf46000 	C:\Windows\System32\sechost.dll
0x00007ff9caf50000 - 0x00007ff9cb068000 	C:\Windows\System32\RPCRT4.dll
0x00007ff9cb750000 - 0x00007ff9cb7c4000 	C:\Windows\System32\WS2_32.dll
0x00007ff9c8c30000 - 0x00007ff9c8c8e000 	C:\Windows\SYSTEM32\POWRPROF.dll
0x00007ff9ac210000 - 0x00007ff9ac245000 	C:\Windows\SYSTEM32\WINMM.dll
0x00007ff9bb6f0000 - 0x00007ff9bb6fb000 	C:\Windows\SYSTEM32\VERSION.dll
0x00007ff9c8c10000 - 0x00007ff9c8c24000 	C:\Windows\SYSTEM32\UMPDC.dll
0x00007ff9c7b20000 - 0x00007ff9c7b3b000 	C:\Windows\SYSTEM32\kernel.appcore.dll
0x00007ff9a4030000 - 0x00007ff9a403a000 	C:\Program Files\Android\Android Studio\jbr\bin\jimage.dll
0x00007ff9ab700000 - 0x00007ff9ab941000 	C:\Windows\SYSTEM32\DBGHELP.DLL
0x00007ff9c9e30000 - 0x00007ff9ca1b5000 	C:\Windows\System32\combase.dll
0x00007ff9cbb70000 - 0x00007ff9cbc50000 	C:\Windows\System32\OLEAUT32.dll
0x00007ff99ace0000 - 0x00007ff99ad23000 	C:\Windows\SYSTEM32\dbgcore.DLL
0x00007ff9c93a0000 - 0x00007ff9c9439000 	C:\Windows\System32\bcryptPrimitives.dll
0x00007ff9c3130000 - 0x00007ff9c313e000 	C:\Program Files\Android\Android Studio\jbr\bin\instrument.dll
0x00007ff9a3fa0000 - 0x00007ff9a3fc0000 	C:\Program Files\Android\Android Studio\jbr\bin\java.dll
0x00007ff9a3f80000 - 0x00007ff9a3f98000 	C:\Program Files\Android\Android Studio\jbr\bin\zip.dll
0x00007ff9ca4c0000 - 0x00007ff9cac0d000 	C:\Windows\System32\SHELL32.dll
0x00007ff9c9130000 - 0x00007ff9c92a3000 	C:\Windows\System32\wintypes.dll
0x00007ff9c6990000 - 0x00007ff9c71f0000 	C:\Windows\SYSTEM32\windows.storage.dll
0x00007ff9c9d30000 - 0x00007ff9c9e25000 	C:\Windows\System32\SHCORE.dll
0x00007ff9cb1f0000 - 0x00007ff9cb25a000 	C:\Windows\System32\shlwapi.dll
0x00007ff9c8cf0000 - 0x00007ff9c8d19000 	C:\Windows\SYSTEM32\profapi.dll
0x00007ff9a3f70000 - 0x00007ff9a3f80000 	C:\Program Files\Android\Android Studio\jbr\bin\net.dll
0x00007ff9c13d0000 - 0x00007ff9c14ee000 	C:\Windows\SYSTEM32\WINHTTP.dll
0x00007ff9c80c0000 - 0x00007ff9c812b000 	C:\Windows\system32\mswsock.dll
0x00007ff99a950000 - 0x00007ff99a966000 	C:\Program Files\Android\Android Studio\jbr\bin\nio.dll
0x00007ff99a430000 - 0x00007ff99a440000 	C:\Program Files\Android\Android Studio\jbr\bin\verify.dll
0x00007ff99f0d0000 - 0x00007ff99f0f7000 	C:\Users\deepa\.gradle\native\1def1411415f61bf3af743bc5b6707747c0891f09f0c88961ee8f79bc544acac\windows-amd64\native-platform.dll
0x00007ff991f90000 - 0x00007ff992008000 	C:\Users\deepa\.gradle\native\0.2.7\x86_64-windows-gnu\gradle-fileevents.dll
0x00007ff99acb0000 - 0x00007ff99acb9000 	C:\Program Files\Android\Android Studio\jbr\bin\management.dll
0x00007ff99a870000 - 0x00007ff99a87b000 	C:\Program Files\Android\Android Studio\jbr\bin\management_ext.dll
0x00007ff9cac70000 - 0x00007ff9cac78000 	C:\Windows\System32\PSAPI.DLL
0x00007ff9c7500000 - 0x00007ff9c7533000 	C:\Windows\SYSTEM32\IPHLPAPI.DLL
0x00007ff9cb1e0000 - 0x00007ff9cb1ea000 	C:\Windows\System32\NSI.dll
0x00007ff99ee90000 - 0x00007ff99ee99000 	C:\Program Files\Android\Android Studio\jbr\bin\extnet.dll
0x00007ff9c83a0000 - 0x00007ff9c83bb000 	C:\Windows\SYSTEM32\CRYPTSP.dll
0x00007ff9c7a70000 - 0x00007ff9c7aab000 	C:\Windows\system32\rsaenh.dll
0x00007ff9c8160000 - 0x00007ff9c818b000 	C:\Windows\SYSTEM32\USERENV.dll
0x00007ff9c8cc0000 - 0x00007ff9c8ce6000 	C:\Windows\SYSTEM32\bcrypt.dll
0x00007ff9c83c0000 - 0x00007ff9c83cc000 	C:\Windows\SYSTEM32\CRYPTBASE.dll
0x00007ff996cc0000 - 0x00007ff996cc8000 	C:\Windows\system32\wshunix.dll
0x00007ff990f30000 - 0x00007ff990f48000 	C:\Windows\system32\napinsp.dll
0x00007ff9c7540000 - 0x00007ff9c7666000 	C:\Windows\SYSTEM32\DNSAPI.dll
0x00007ff990f10000 - 0x00007ff990f22000 	C:\Windows\System32\winrnr.dll
0x00007ff990f50000 - 0x00007ff990f80000 	C:\Windows\system32\nlansp_c.dll
0x00007ff9bfb60000 - 0x00007ff9bfb80000 	C:\Windows\system32\wshbth.dll
0x00007ff9bbcc0000 - 0x00007ff9bbccb000 	C:\Windows\System32\rasadhlp.dll
0x00007ff9bb9d0000 - 0x00007ff9bba56000 	C:\Windows\System32\fwpuclnt.dll

dbghelp: loaded successfully - version: 4.0.5 - missing functions: none
symbol engine: initialized successfully - sym options: 0x614 - pdb path: .;C:\Program Files\Android\Android Studio\jbr\bin;C:\Windows\SYSTEM32;C:\Windows\WinSxS\amd64_microsoft.windows.common-controls_6595b64144ccf1df_6.0.26100.4768_none_3e0c112ce331287c;C:\Program Files\Android\Android Studio\jbr\bin\server;C:\Users\deepa\.gradle\native\1def1411415f61bf3af743bc5b6707747c0891f09f0c88961ee8f79bc544acac\windows-amd64;C:\Users\deepa\.gradle\native\0.2.7\x86_64-windows-gnu

VM Arguments:
jvm_args: --add-opens=java.base/java.lang=ALL-UNNAMED --add-opens=java.base/java.lang.invoke=ALL-UNNAMED --add-opens=java.base/java.util=ALL-UNNAMED --add-opens=java.prefs/java.util.prefs=ALL-UNNAMED --add-exports=jdk.compiler/com.sun.tools.javac.api=ALL-UNNAMED --add-exports=jdk.compiler/com.sun.tools.javac.util=ALL-UNNAMED --add-opens=java.base/java.util=ALL-UNNAMED --add-opens=java.prefs/java.util.prefs=ALL-UNNAMED --add-opens=java.base/java.nio.charset=ALL-UNNAMED --add-opens=java.base/java.net=ALL-UNNAMED --add-opens=java.base/java.util.concurrent.atomic=ALL-UNNAMED --add-opens=java.xml/javax.xml.namespace=ALL-UNNAMED -Xmx2048m -Dfile.encoding=UTF-8 -Duser.country=US -Duser.language=en -Duser.variant -javaagent:C:\Users\deepa\.gradle\wrapper\dists\gradle-8.13-bin\5xuhj0ry160q40clulazy9h7d\gradle-8.13\lib\agents\gradle-instrumentation-agent-8.13.jar 
java_command: org.gradle.launcher.daemon.bootstrap.GradleDaemon 8.13
java_class_path (initial): C:\Users\deepa\.gradle\wrapper\dists\gradle-8.13-bin\5xuhj0ry160q40clulazy9h7d\gradle-8.13\lib\gradle-daemon-main-8.13.jar
Launcher Type: SUN_STANDARD

[Global flags]
     intx CICompilerCount                          = 4                                         {product} {ergonomic}
     uint ConcGCThreads                            = 3                                         {product} {ergonomic}
     uint G1ConcRefinementThreads                  = 10                                        {product} {ergonomic}
   size_t G1HeapRegionSize                         = 1048576                                   {product} {ergonomic}
    uintx GCDrainStackTargetSize                   = 64                                        {product} {ergonomic}
   size_t InitialHeapSize                          = 132120576                                 {product} {ergonomic}
   size_t MarkStackSize                            = 4194304                                   {product} {ergonomic}
   size_t MaxHeapSize                              = 2147483648                                {product} {command line}
   size_t MaxNewSize                               = 1287651328                                {product} {ergonomic}
   size_t MinHeapDeltaBytes                        = 1048576                                   {product} {ergonomic}
   size_t MinHeapSize                              = 8388608                                   {product} {ergonomic}
    uintx NonNMethodCodeHeapSize                   = 5839372                                {pd product} {ergonomic}
    uintx NonProfiledCodeHeapSize                  = 122909434                              {pd product} {ergonomic}
    uintx ProfiledCodeHeapSize                     = 122909434                              {pd product} {ergonomic}
    uintx ReservedCodeCacheSize                    = 251658240                              {pd product} {ergonomic}
     bool SegmentedCodeCache                       = true                                      {product} {ergonomic}
   size_t SoftMaxHeapSize                          = 2147483648                             {manageable} {ergonomic}
     bool UseCompressedOops                        = true                           {product lp64_product} {ergonomic}
     bool UseG1GC                                  = true                                      {product} {ergonomic}
     bool UseLargePagesIndividualAllocation        = false                                  {pd product} {ergonomic}

Logging:
Log output configuration:
 #0: stdout all=warning uptime,level,tags foldmultilines=false
 #1: stderr all=off uptime,level,tags foldmultilines=false

Environment Variables:
PATH=C:\Program Files\Common Files\Oracle\Java\javapath;C:\Windows\system32;C:\Windows;C:\Windows\System32\Wbem;C:\Windows\System32\WindowsPowerShell\v1.0\;C:\Windows\System32\OpenSSH\;C:\Program Files\dotnet\;C:\Program Files\Docker\Docker\resources\bin;C:\Program Files\Git\cmd;D:\Software Directory\;C:\ProgramData\chocolatey\bin;C:\Release-25.07.0-0\poppler-25.07.0\Library\bin;C:\Users\deepa\AppData\Local\Programs\Python\Launcher\;C:\Users\deepa\AppData\Local\Microsoft\WindowsApps;C:\Users\deepa\AppData\Local\GitHubDesktop\bin;D:\Software Directory\PyCharm 2025.1.1.1\bin;C:\Users\deepa\AppData\Roaming\Microsoft\Windows\Start Menu\Programs\Python 3.10;;D:\Software Directory\IntelliJ IDEA 2025.1.2\bin;;D:\Software Directory\cursor\resources\app\bin;D:\Software Directory\.jdks\ms-17.0.15;C:\Users\deepa\AppData\Local\Programs\Microsoft VS Code\bin;C:\Users\deepa\AppData\Roaming\npm;C:\poppler\Library\bin;C:\Release-25.07.0-0\poppler-25.07.0\Library\bin;C:\Program Files\Tesseract-OCR;
USERNAME=deepa
OS=Windows_NT
PROCESSOR_IDENTIFIER=Intel64 Family 6 Model 165 Stepping 2, GenuineIntel
TMP=C:\Users\deepa\AppData\Local\Temp
TEMP=C:\Users\deepa\AppData\Local\Temp




Periodic native trim disabled

JNI global refs:
JNI global refs: 32, weak refs: 342

JNI global refs memory usage: 835, weak refs: 4625

Process memory usage:
Resident Set Size: 1134580K (13% of 8206124K total physical memory with 620332K free physical memory)

OOME stack traces (most recent first):
Classloader memory used:
Loader org.gradle.internal.classloader.VisitableURLClassLoader$InstrumentingVisitableURLClassLoader: 72119K
Loader org.gradle.internal.classloader.VisitableURLClassLoader                         : 63935K
Loader bootstrap                                                                       : 37339K
Loader org.gradle.internal.classloader.VisitableURLClassLoader                         : 17275K
Loader org.gradle.initialization.MixInLegacyTypesClassLoader                           : 15405K
Loader jdk.internal.reflect.DelegatingClassLoader                                      : 1364K
Loader jdk.internal.loader.ClassLoaders$PlatformClassLoader                            : 861K
Loader org.gradle.groovy.scripts.internal.DefaultScriptCompilationHandler$ScriptClassLoader: 318K
Loader jdk.internal.loader.ClassLoaders$AppClassLoader                                 : 235K
Loader org.codehaus.groovy.runtime.callsite.CallSiteClassLoader                        : 77512B
Loader sun.reflect.misc.MethodUtil                                                     : 2968B

Classes loaded by more than one classloader:
Class com.intellij.gradle.toolingExtension.util.GradleVersionUtil                     : loaded 5 times (x 69B)
Class Program                                                                         : loaded 5 times (x 70B)
Class org.jetbrains.plugins.gradle.model.ExternalDependency                           : loaded 4 times (x 68B)
Class com.intellij.util.containers.IntObjectHashMap                                   : loaded 4 times (x 70B)
Class com.google.common.collect.SingletonImmutableSet                                 : loaded 4 times (x 144B)
Class com.google.common.collect.ImmutableBiMap                                        : loaded 4 times (x 141B)
Class org.jetbrains.plugins.gradle.tooling.serialization.RepositoriesModelSerializationService$WriteContext: loaded 4 times (x 70B)
Class org.jetbrains.plugins.gradle.tooling.serialization.internal.IdeaProjectSerializationService$ReadContext: loaded 4 times (x 70B)
Class com.amazon.ion.impl._Private_IonBinaryWriterBuilder                             : loaded 4 times (x 113B)
Class com.amazon.ion.BufferConfiguration$DataHandler                                  : loaded 4 times (x 68B)
Class com.amazon.ion.impl._Private_LocalSymbolTable                                   : loaded 4 times (x 68B)
Class com.amazon.ion.ReadOnlyValueException                                           : loaded 4 times (x 82B)
Class com.google.common.collect.ImmutableMap$IteratorBasedImmutableMap                : loaded 4 times (x 124B)
Class com.google.common.collect.RegularImmutableMap$KeySet                            : loaded 4 times (x 150B)
Class com.google.common.collect.Iterators$4                                           : loaded 4 times (x 80B)
Class com.amazon.ion.IonSexp                                                          : loaded 4 times (x 68B)
Class com.google.common.collect.SortedIterable                                        : loaded 4 times (x 68B)
Class com.amazon.ion.UnknownSymbolException                                           : loaded 4 times (x 84B)
Class com.amazon.ion.impl.bin.IonManagedBinaryWriter$SymbolState$1                    : loaded 4 times (x 78B)
Class com.amazon.ion.impl.LocalSymbolTableAsStruct$Factory                            : loaded 4 times (x 77B)
Class [Lcom.amazon.ion.IonType;                                                       : loaded 4 times (x 67B)
Class com.amazon.ion.UnexpectedEofException                                           : loaded 4 times (x 82B)
Class com.intellij.gradle.toolingExtension.impl.model.sourceSetDependencyModel.GradleSourceSetDependencySerialisationService$SourceSetDependencyModelReadContext: loaded 4 times (x 70B)
Class com.intellij.gradle.toolingExtension.impl.model.dependencyModel.DependencyReadContext: loaded 4 times (x 70B)
Class org.jetbrains.plugins.gradle.model.VersionCatalogsModel                         : loaded 4 times (x 68B)
Class com.amazon.ion.impl.bin.IonManagedBinaryWriter$UserState$2                      : loaded 4 times (x 83B)
Class com.amazon.ion.impl._Private_IonValue                                           : loaded 4 times (x 68B)
Class com.google.common.collect.Iterables                                             : loaded 4 times (x 69B)
Class org.jetbrains.plugins.gradle.tooling.serialization.GradleExtensionsSerializationService$ReadContext: loaded 4 times (x 70B)
Class com.amazon.ion.impl.lite.ContainerlessContext                                   : loaded 4 times (x 78B)
Class com.intellij.gradle.toolingExtension.impl.model.sourceSetModel.GradleSourceSetSerialisationService$Companion: loaded 4 times (x 69B)
Class com.amazon.ion.impl._Private_RecyclingQueue$Recycler                            : loaded 4 times (x 68B)
Class com.google.common.collect.Iterators$1                                           : loaded 4 times (x 79B)
Class com.google.common.collect.Iterators$5                                           : loaded 4 times (x 80B)
Class com.amazon.ion.impl.bin.IonRawBinaryWriter$ThrowingRunnable                     : loaded 4 times (x 68B)
Class com.google.common.base.CharMatcher$IsEither                                     : loaded 4 times (x 109B)
Class com.amazon.ion.impl.bin.IonManagedBinaryWriter$LocalSymbolTableView             : loaded 4 times (x 105B)
Class com.amazon.ion.impl._Private_RecyclingStack$Recycler                            : loaded 4 times (x 68B)
Class org.jetbrains.plugins.gradle.model.ExternalSourceSet                            : loaded 4 times (x 68B)
Class com.amazon.ion.impl.bin.IonManagedBinaryWriter$SymbolState$2                    : loaded 4 times (x 78B)
Class com.amazon.ion.IonNull                                                          : loaded 4 times (x 68B)
Class org.jetbrains.plugins.gradle.model.ProjectImportModelProvider                   : loaded 4 times (x 68B)
Class com.intellij.gradle.toolingExtension.impl.model.warmUp.GradleTaskWarmUpRequest  : loaded 4 times (x 68B)
Class com.google.common.base.CharMatcher$ForPredicate                                 : loaded 4 times (x 110B)
Class com.google.common.collect.RegularImmutableSet                                   : loaded 4 times (x 147B)
Class com.google.common.collect.Iterators$MergingIterator                             : loaded 4 times (x 79B)
Class com.amazon.ion.impl.bin.IonManagedBinaryWriter$UserState$3                      : loaded 4 times (x 83B)
Class com.amazon.ion.impl.bin.IonRawBinaryWriter$ContainerInfo                        : loaded 4 times (x 72B)
Class com.amazon.ion.impl.bin.IonManagedBinaryWriter$SymbolState$3                    : loaded 4 times (x 78B)
Class com.amazon.ion.IonException                                                     : loaded 4 times (x 82B)
Class com.amazon.ion.impl.bin.IonManagedBinaryWriter$UserState$1                      : loaded 4 times (x 83B)
Class com.intellij.gradle.toolingExtension.impl.model.sourceSetModel.GradleSourceSetSerialisationService$SourceSetModelWriteContext: loaded 4 times (x 70B)
Class org.jetbrains.kotlin.idea.gradleTooling.KotlinGradleModel                       : loaded 4 times (x 68B)
Class org.jetbrains.plugins.gradle.tooling.serialization.ExternalTestsSerializationService$WriteContext: loaded 4 times (x 70B)
Class com.amazon.ion.impl.bin.IonManagedBinaryWriter$SymbolResolverBuilder            : loaded 4 times (x 68B)
Class com.intellij.gradle.toolingExtension.impl.model.utilTurnOffDefaultTasksModel.TurnOffDefaultTasks: loaded 4 times (x 68B)
Class com.intellij.gradle.toolingExtension.impl.model.sourceSetModel.GradleSourceSetSerialisationService$SourceSetModelReadContext: loaded 4 times (x 70B)
Class com.amazon.ion.IonCatalog                                                       : loaded 4 times (x 68B)
Class com.google.common.collect.ImmutableList$1                                       : loaded 4 times (x 95B)
Class com.amazon.ion.impl.bin.IonRawBinaryWriter$StreamFlushMode                      : loaded 4 times (x 77B)
Class com.amazon.ion.IonBinaryWriter                                                  : loaded 4 times (x 68B)
Class com.amazon.ion.system.IonSystemBuilder$Mutable                                  : loaded 4 times (x 73B)
Class com.amazon.ion.system.IonSystemBuilder                                          : loaded 4 times (x 73B)
Class com.amazon.ion.impl._Private_IonWriterBase                                      : loaded 4 times (x 160B)
Class [Lcom.amazon.ion.impl.bin.IonManagedBinaryWriter$SymbolState;                   : loaded 4 times (x 67B)
Class com.intellij.gradle.toolingExtension.impl.model.sourceSetArtifactIndex.GradleSourceSetArtifactBuildRequest: loaded 4 times (x 68B)
Class com.google.common.base.CharMatcher$AnyOf                                        : loaded 4 times (x 110B)
Class com.google.common.collect.ImmutableList$ReverseImmutableList                    : loaded 4 times (x 207B)
Class org.jetbrains.plugins.gradle.model.UnresolvedExternalDependency                 : loaded 4 times (x 68B)
Class com.google.common.collect.ImmutableList$SubList                                 : loaded 4 times (x 207B)
Class com.amazon.ion.impl.bin.IonManagedBinaryWriter$UserState$4                      : loaded 4 times (x 83B)
Class com.google.common.collect.ForwardingObject                                      : loaded 4 times (x 70B)
Class com.google.common.collect.ImmutableCollection                                   : loaded 4 times (x 123B)
Class com.amazon.ion.impl.bin.IonManagedBinaryWriter$SymbolState$4                    : loaded 4 times (x 78B)
Class org.jetbrains.plugins.gradle.javaModel.JavaGradleManifestModel                  : loaded 4 times (x 68B)
Class com.amazon.ion.system.IonBinaryWriterBuilder                                    : loaded 4 times (x 97B)
Class org.jetbrains.plugins.gradle.model.GradleExtensions                             : loaded 4 times (x 68B)
Class org.jetbrains.plugins.gradle.model.AnnotationProcessingModel                    : loaded 4 times (x 68B)
Class com.intellij.gradle.toolingExtension.impl.model.taskModel.GradleTaskSerialisationService$Companion: loaded 4 times (x 69B)
Class org.jetbrains.plugins.gradle.tooling.serialization.GradleExtensionsSerializationService$WriteContext: loaded 4 times (x 70B)
Class com.amazon.ion.SymbolTable                                                      : loaded 4 times (x 68B)
Class com.google.common.collect.RegularImmutableMap                                   : loaded 4 times (x 119B)
Class com.google.common.collect.ImmutableMap$MapViewOfValuesAsSingletonSets           : loaded 4 times (x 124B)
Class org.jetbrains.plugins.gradle.tooling.serialization.internal.IdeaProjectSerializationService$WriteContext$1: loaded 4 times (x 81B)
Class com.amazon.ion.impl.bin.IonManagedBinaryWriter$ImportDescriptor                 : loaded 4 times (x 74B)
Class org.jetbrains.plugins.gradle.tooling.serialization.KotlinDslScriptsModelSerializationService: loaded 4 times (x 79B)
Class org.jetbrains.plugins.gradle.model.ExternalProject                              : loaded 4 times (x 68B)
Class com.google.common.collect.Lists                                                 : loaded 4 times (x 69B)
Class com.google.common.collect.ImmutableSet$CachingAsList                            : loaded 4 times (x 146B)
Class com.google.common.collect.ImmutableSet$SetBuilderImpl                           : loaded 4 times (x 74B)
Class org.jetbrains.plugins.gradle.model.ExternalProjectDependency                    : loaded 4 times (x 68B)
Class com.amazon.ion.SubstituteSymbolTableException                                   : loaded 4 times (x 82B)
Class com.intellij.util.ThrowableConsumer                                             : loaded 4 times (x 68B)
Class com.amazon.ion.impl.SymbolTokenImpl                                             : loaded 4 times (x 79B)
Class com.amazon.ion.IonText                                                          : loaded 4 times (x 68B)
Class com.amazon.ion.impl.bin.utf8.Pool$Allocator                                     : loaded 4 times (x 68B)
Class com.amazon.ion.impl.bin.utf8.Utf8StringEncoder$Result                           : loaded 4 times (x 72B)
Class com.amazon.ion.impl.bin.utf8.Pool                                               : loaded 4 times (x 72B)
Class com.amazon.ion.impl._Private_SymtabExtendsCache                                 : loaded 4 times (x 70B)
Class org.jetbrains.plugins.gradle.tooling.util.IntObjectMap$ObjectFactory            : loaded 4 times (x 68B)
Class org.jetbrains.plugins.gradle.tooling.serialization.internal.IdeaProjectSerializationService$WriteContext$2: loaded 4 times (x 81B)
Class org.gradle.api.UncheckedIOException                                             : loaded 4 times (x 80B)
Class com.google.common.collect.UnmodifiableListIterator                              : loaded 4 times (x 93B)
Class com.google.common.collect.ImmutableList                                         : loaded 4 times (x 204B)
Class com.google.common.collect.Iterators$9                                           : loaded 4 times (x 79B)
Class com.google.common.collect.SingletonImmutableList                                : loaded 4 times (x 205B)
Class com.google.common.collect.ImmutableAsList                                       : loaded 4 times (x 207B)
Class [Lcom.amazon.ion.impl.bin.IonRawBinaryWriter$ContainerType;                     : loaded 4 times (x 67B)
Class com.amazon.ion.impl._Private_IonSymbol                                          : loaded 4 times (x 68B)
Class com.amazon.ion.impl.lite.IonValueLite                                           : loaded 4 times (x 145B)
Class com.amazon.ion.IonContainer                                                     : loaded 4 times (x 68B)
Class [Lcom.amazon.ion.impl.bin.IonRawBinaryWriter$StreamCloseMode;                   : loaded 4 times (x 67B)
Class com.amazon.ion.impl.lite.IonSymbolLite                                          : loaded 4 times (x 244B)
Class [Lcom.amazon.ion.SymbolToken;                                                   : loaded 4 times (x 67B)
Class com.amazon.ion.impl.bin.PooledBlockAllocatorProvider                            : loaded 4 times (x 71B)
Class com.amazon.ion.impl.bin.IonManagedBinaryWriter$ImportedSymbolResolverMode$1     : loaded 4 times (x 78B)
Class org.jetbrains.kotlin.idea.gradleTooling.AndroidAwareGradleModelProvider$Companion: loaded 4 times (x 69B)
Class com.amazon.ion.IonBufferConfiguration$Builder                                   : loaded 4 times (x 76B)
Class com.intellij.util.containers.IntObjectHashMap$ArrayProducer                     : loaded 4 times (x 68B)
Class com.amazon.ion.impl.lite.IonDecimalLite                                         : loaded 4 times (x 186B)
Class org.jetbrains.plugins.gradle.model.GradleExtension                              : loaded 4 times (x 68B)
Class org.jetbrains.plugins.gradle.tooling.serialization.AnnotationProcessingModelSerializationService$ReadContext: loaded 4 times (x 70B)
Class org.jetbrains.plugins.gradle.tooling.serialization.internal.IdeaProjectSerializationService$WriteContext$3: loaded 4 times (x 81B)
Class org.jetbrains.kotlin.idea.gradleTooling.AndroidAwareGradleModelProvider         : loaded 4 times (x 77B)
Class org.jetbrains.plugins.gradle.tooling.serialization.internal.IdeaProjectSerializationService$WriteContext$4: loaded 4 times (x 81B)
Class com.intellij.gradle.toolingExtension.impl.model.projectModel.GradleExternalProjectSerializationService$WriteContext: loaded 4 times (x 71B)
Class com.amazon.ion.impl.bin.IonRawBinaryWriter$PreallocationMode$3                  : loaded 4 times (x 80B)
Class org.jetbrains.plugins.gradle.tooling.serialization.internal.adapter.InternalBuildIdentifier: loaded 4 times (x 73B)
Class com.google.common.base.CharMatcher$InRange                                      : loaded 4 times (x 109B)
Class com.google.common.collect.ImmutableSet$Builder                                  : loaded 4 times (x 83B)
Class com.amazon.ion.impl.bin._Private_IonManagedBinaryWriterBuilder                  : loaded 4 times (x 70B)
Class org.jetbrains.kotlin.idea.gradleTooling.PrepareKotlinIdeImportTaskModel         : loaded 4 times (x 68B)
Class com.amazon.ion.impl.bin.IonRawBinaryWriter$PreallocationMode$2                  : loaded 4 times (x 80B)
Class com.amazon.ion.IonInt                                                           : loaded 4 times (x 68B)
Class com.amazon.ion.impl.bin.IonManagedBinaryWriter$ImportedSymbolResolverMode$2     : loaded 4 times (x 78B)
Class com.amazon.ion.impl._Private_IonWriter                                          : loaded 4 times (x 68B)
Class com.amazon.ion.impl.bin.IonManagedBinaryWriter$UserState                        : loaded 4 times (x 83B)
Class com.intellij.gradle.toolingExtension.impl.model.sourceSetDependencyModel.GradleSourceSetDependencySerialisationService$Companion: loaded 4 times (x 69B)
Class com.amazon.ion.BufferConfiguration$Builder                                      : loaded 4 times (x 76B)
Class org.jetbrains.plugins.gradle.tooling.serialization.internal.IdeaProjectSerializationService$WriteContext$5: loaded 4 times (x 81B)
Class com.google.common.collect.ImmutableMapEntrySet$RegularEntrySet                  : loaded 4 times (x 150B)
Class com.intellij.gradle.toolingExtension.impl.model.dependencyDownloadPolicyModel.GradleDependencyDownloadPolicy: loaded 4 times (x 68B)
Class com.intellij.gradle.toolingExtension.impl.model.sourceSetDependencyModel.GradleSourceSetDependencySerialisationService$SourceSetDependencyModelWriteContext: loaded 4 times (x 70B)
Class org.jetbrains.kotlin.idea.gradleTooling.KotlinMPPGradleModel                    : loaded 4 times (x 68B)
Class [Lcom.amazon.ion.impl.bin._Private_IonManagedBinaryWriterBuilder$AllocatorMode; : loaded 4 times (x 67B)
Class com.amazon.ion.impl.bin.IonRawBinaryWriter$PreallocationMode$1                  : loaded 4 times (x 80B)
Class org.jetbrains.kotlin.idea.projectModel.KotlinTaskProperties                     : loaded 4 times (x 68B)
Class com.amazon.ion.impl._Private_ValueFactory                                       : loaded 4 times (x 68B)
Class org.jetbrains.plugins.gradle.tooling.serialization.internal.IdeaProjectSerializationService: loaded 4 times (x 75B)
Class [Lcom.google.common.collect.ImmutableMapEntry;                                  : loaded 4 times (x 67B)
Class com.amazon.ion.impl.lite.IonClobLite                                            : loaded 4 times (x 218B)
Class com.google.common.collect.Multimap                                              : loaded 4 times (x 68B)
Class com.google.common.collect.RangeSet                                              : loaded 4 times (x 68B)
Class com.google.common.collect.ImmutableSortedSet                                    : loaded 4 times (x 298B)
Class org.jetbrains.plugins.gradle.tooling.serialization.RepositoriesModelSerializationService$ReadContext: loaded 4 times (x 70B)
Class com.amazon.ion.impl.bin.IntList                                                 : loaded 4 times (x 75B)
Class [Lcom.amazon.ion.impl.bin.AbstractIonWriter$WriteValueOptimization;             : loaded 4 times (x 67B)
Class org.jetbrains.plugins.gradle.model.DependencyAccessorsModel                     : loaded 4 times (x 68B)
Class org.gradle.internal.impldep.gnu.trove.TObjectHash                               : loaded 4 times (x 92B)
Class com.amazon.ion.impl.lite.IonSystemLite                                          : loaded 4 times (x 273B)
Class com.amazon.ion.impl.bin.IonRawBinaryWriter$PreallocationMode                    : loaded 4 times (x 80B)
Class com.amazon.ion.impl.bin._Private_IonRawWriter                                   : loaded 4 times (x 68B)
Class com.amazon.ion.IonWriter                                                        : loaded 4 times (x 68B)
Class [Lcom.intellij.openapi.externalSystem.model.project.dependencies.ResolutionState;: loaded 4 times (x 67B)
Class com.amazon.ion.impl.lite.IonNullLite                                            : loaded 4 times (x 173B)
Class com.amazon.ion.impl._Private_RecyclingQueue$ElementIterator                     : loaded 4 times (x 80B)
Class com.amazon.ion.impl.lite._Private_LiteDomTrampoline                             : loaded 4 times (x 69B)
Class com.amazon.ion.IonType                                                          : loaded 4 times (x 77B)
Class com.google.common.collect.RangeGwtSerializationDependencies                     : loaded 4 times (x 69B)
Class com.google.common.base.Joiner$2                                                 : loaded 4 times (x 78B)
Class org.jetbrains.plugins.gradle.tooling.serialization.internal.IdeaProjectSerializationService$WriteContext$6: loaded 4 times (x 81B)
Class com.google.common.collect.ImmutableRangeSet                                     : loaded 4 times (x 113B)
Class org.jetbrains.plugins.gradle.tooling.util.IntObjectMap                          : loaded 4 times (x 71B)
Class com.google.common.base.CharMatcher$IsNot                                        : loaded 4 times (x 109B)
Class org.jetbrains.plugins.gradle.tooling.serialization.RepositoriesModelSerializationService: loaded 4 times (x 80B)
Class com.google.common.base.CharMatcher$NamedFastMatcher                             : loaded 4 times (x 110B)
Class com.google.common.base.CharMatcher$1                                            : loaded 4 times (x 111B)
Class org.jetbrains.plugins.gradle.tooling.serialization.AnnotationProcessingModelSerializationService: loaded 4 times (x 75B)
Class com.amazon.ion.impl._Private_LocalSymbolTableFactory                            : loaded 4 times (x 68B)
Class com.amazon.ion.impl._Private_RecyclingQueue$ElementFactory                      : loaded 4 times (x 68B)
Class com.amazon.ion.impl._Private_IonContainer                                       : loaded 4 times (x 68B)
Class com.amazon.ion.impl.bin.IonManagedBinaryWriter$ImportedSymbolResolverMode$1$1$1 : loaded 4 times (x 74B)
Class com.amazon.ion.system.IonTextWriterBuilder                                      : loaded 4 times (x 96B)
Class com.intellij.gradle.toolingExtension.impl.model.buildScriptClasspathModel.GradleBuildScriptClasspathSerializationService$ReadContext: loaded 4 times (x 70B)
Class org.gradle.internal.impldep.gnu.trove.TObjectIntHashMap                         : loaded 4 times (x 107B)
Class com.amazon.ion.impl.bin.Symbols                                                 : loaded 4 times (x 69B)
Class com.amazon.ion.impl.lite.ValueFactoryLite                                       : loaded 4 times (x 216B)
Class com.amazon.ion.IonBufferConfiguration                                           : loaded 4 times (x 71B)
Class org.jetbrains.plugins.gradle.tooling.serialization.internal.IdeaProjectSerializationService$WriteContext$7: loaded 4 times (x 81B)
Class org.jetbrains.plugins.gradle.model.RepositoryModels                             : loaded 4 times (x 68B)
Class com.google.common.collect.PeekingIterator                                       : loaded 4 times (x 68B)
Class com.google.common.base.Joiner$1                                                 : loaded 4 times (x 79B)
Class com.google.common.collect.RegularImmutableSortedSet                             : loaded 4 times (x 298B)
Class com.amazon.ion.impl.bin.WriteBuffer                                             : loaded 4 times (x 76B)
Class com.google.common.base.CharMatcher                                              : loaded 4 times (x 109B)
Class com.google.common.collect.ImmutableMap$Builder                                  : loaded 4 times (x 80B)
Class org.jetbrains.plugins.gradle.tooling.serialization.ExternalTestsSerializationService: loaded 4 times (x 75B)
Class com.amazon.ion.IonSequence                                                      : loaded 4 times (x 68B)
Class com.amazon.ion.IonLob                                                           : loaded 4 times (x 68B)
Class com.amazon.ion.IonBlob                                                          : loaded 4 times (x 68B)
Class com.amazon.ion.impl._Private_RecyclingStack$$Iterator                           : loaded 4 times (x 97B)
Class com.amazon.ion.impl.SharedSymbolTable                                           : loaded 4 times (x 91B)
Class com.amazon.ion.impl.bin.IonRawBinaryWriter                                      : loaded 4 times (x 167B)
Class com.amazon.ion.impl.bin.IonRawBinaryWriter$PatchPoint                           : loaded 4 times (x 71B)
Class com.amazon.ion.SymbolToken                                                      : loaded 4 times (x 68B)
Class com.amazon.ion.impl.bin.IonManagedBinaryWriter                                  : loaded 4 times (x 164B)
Class org.jetbrains.plugins.gradle.tooling.serialization.internal.IdeaProjectSerializationService$WriteContext$8: loaded 4 times (x 81B)
Class com.google.common.collect.ImmutableMapEntry                                     : loaded 4 times (x 83B)
Class com.google.common.base.Preconditions                                            : loaded 4 times (x 69B)
Class com.amazon.ion.impl.lite.IonBlobLite                                            : loaded 4 times (x 217B)
Class com.amazon.ion.impl.LocalSymbolTable                                            : loaded 4 times (x 119B)
Class com.intellij.gradle.toolingExtension.impl.model.projectModel.GradleExternalProjectSerializationService: loaded 4 times (x 75B)
Class com.amazon.ion.impl._Private_IonBinaryWriterBuilder$Mutable                     : loaded 4 times (x 113B)
Class org.jetbrains.plugins.gradle.tooling.serialization.SerializationService         : loaded 4 times (x 68B)
Class com.amazon.ion.impl.bin.IonRawBinaryWriter$StreamCloseMode                      : loaded 4 times (x 77B)
Class com.google.common.collect.ImmutableMultimap                                     : loaded 4 times (x 145B)
Class com.google.common.collect.ImmutableMapEntry$NonTerminalImmutableMapEntry        : loaded 4 times (x 83B)
Class com.intellij.openapi.externalSystem.model.project.dependencies.ProjectDependencies: loaded 4 times (x 68B)
Class org.gradle.internal.impldep.gnu.trove.TObjectIdentityHashingStrategy            : loaded 4 times (x 76B)
Class org.jetbrains.plugins.gradle.tooling.serialization.ProjectDependenciesSerializationService$ReadContext: loaded 4 times (x 70B)
Class com.google.common.base.Function                                                 : loaded 4 times (x 68B)
Class com.amazon.ion.IonList                                                          : loaded 4 times (x 68B)
Class org.jetbrains.plugins.gradle.tooling.serialization.internal.adapter.Supplier    : loaded 4 times (x 68B)
Class com.google.common.collect.RegularImmutableList                                  : loaded 4 times (x 211B)
Class com.amazon.ion.IonSystem                                                        : loaded 4 times (x 68B)
Class com.intellij.openapi.externalSystem.model.project.IExternalSystemSourceType     : loaded 4 times (x 68B)
Class com.amazon.ion.impl._Private_IonReaderBuilder$Mutable                           : loaded 4 times (x 93B)
Class com.google.common.base.CharMatcher$Is                                           : loaded 4 times (x 109B)
Class com.amazon.ion.impl.lite.IonBoolLite                                            : loaded 4 times (x 176B)
Class com.google.common.base.CharMatcher$Negated                                      : loaded 4 times (x 111B)
Class org.jetbrains.plugins.gradle.model.tests.ExternalTestsModel                     : loaded 4 times (x 68B)
Class org.gradle.internal.impldep.gnu.trove.TObjectHash$NULL                          : loaded 4 times (x 69B)
Class com.amazon.ion.IonDecimal                                                       : loaded 4 times (x 68B)
Class com.amazon.ion.impl.bin.IonManagedBinaryWriter$ImportedSymbolContext            : loaded 4 times (x 70B)
Class com.google.common.collect.ImmutableMapEntrySet                                  : loaded 4 times (x 150B)
Class org.jetbrains.plugins.gradle.model.GradleTaskModel                              : loaded 4 times (x 68B)
Class org.jetbrains.plugins.gradle.tooling.util.ObjectCollector                       : loaded 4 times (x 70B)
Class com.amazon.ion.BufferConfiguration$OversizedValueHandler                        : loaded 4 times (x 68B)
Class com.intellij.gradle.toolingExtension.impl.model.sourceSetModel.GradleSourceSetSerialisationService: loaded 4 times (x 75B)
Class com.amazon.ion.impl._Private_IonSystem                                          : loaded 4 times (x 68B)
Class com.amazon.ion.impl.bin.utf8.Utf8StringEncoderPool                              : loaded 4 times (x 72B)
Class org.jetbrains.plugins.gradle.model.GradleConfiguration                          : loaded 4 times (x 68B)
Class com.amazon.ion.impl.bin._Private_IonManagedBinaryWriterBuilder$AllocatorMode    : loaded 4 times (x 78B)
Class com.amazon.ion.impl._Private_SymbolToken                                        : loaded 4 times (x 68B)
Class com.amazon.ion.impl.bin.IonManagedBinaryWriter$SymbolResolver                   : loaded 4 times (x 68B)
Class com.amazon.ion.impl._Private_IonReaderBuilder$TwoElementSequenceInputStream     : loaded 4 times (x 90B)
Class com.google.common.collect.RegularImmutableMap$BucketOverflowException           : loaded 4 times (x 80B)
Class com.intellij.gradle.toolingExtension.impl.model.dependencyModel.DependencyWriteContext: loaded 4 times (x 70B)
Class org.gradle.internal.impldep.gnu.trove.PrimeFinder                               : loaded 4 times (x 69B)
Class com.intellij.gradle.toolingExtension.impl.model.projectModel.GradleExternalProjectSerializationService$ReadContext: loaded 4 times (x 71B)
Class com.amazon.ion.impl.lite.IonIntLite                                             : loaded 4 times (x 187B)
Class org.jetbrains.kotlin.idea.gradleTooling.model.kapt.KaptGradleModel              : loaded 4 times (x 68B)
Class org.jetbrains.kotlin.idea.gradleTooling.KotlinDslScriptAdditionalTask           : loaded 4 times (x 68B)
Class org.jetbrains.plugins.gradle.model.ClasspathEntryModel                          : loaded 4 times (x 68B)
Class com.amazon.ion.util._Private_FastAppendable                                     : loaded 4 times (x 68B)
Class [Lcom.amazon.ion.impl.bin.IonRawBinaryWriter$PreallocationMode;                 : loaded 4 times (x 67B)
Class com.google.common.collect.AbstractIndexedListIterator                           : loaded 4 times (x 94B)
Class com.google.common.collect.ObjectArrays                                          : loaded 4 times (x 69B)
Class com.amazon.ion.ValueFactory                                                     : loaded 4 times (x 68B)
Class [Lcom.amazon.ion.impl.bin.IonManagedBinaryWriter$ImportedSymbolResolverMode;    : loaded 4 times (x 67B)
Class com.intellij.openapi.externalSystem.model.ExternalSystemException               : loaded 4 times (x 84B)
Class com.amazon.ion.impl.lite.IonSexpLite                                            : loaded 4 times (x 488B)
Class com.amazon.ion.impl.lite.IonListLite                                            : loaded 4 times (x 488B)
Class com.amazon.ion.impl._Private_Utils                                              : loaded 4 times (x 69B)
Class com.amazon.ion.IonTimestamp                                                     : loaded 4 times (x 68B)
Class com.amazon.ion.impl.IonWriterSystemText                                         : loaded 4 times (x 188B)
Class com.amazon.ion.impl.bin.PooledBlockAllocatorProvider$PooledBlockAllocator       : loaded 4 times (x 79B)
Class com.google.common.collect.ImmutableRangeSet$ComplementRanges                    : loaded 4 times (x 205B)
Class org.jetbrains.plugins.gradle.tooling.serialization.GradleExtensionsSerializationService: loaded 4 times (x 75B)
Class com.google.common.collect.ImmutableSet$RegularSetBuilderImpl                    : loaded 4 times (x 75B)
Class org.jetbrains.plugins.gradle.model.GradleProperty                               : loaded 4 times (x 68B)
Class com.amazon.ion.impl.lite.IonContext                                             : loaded 4 times (x 68B)
Class com.amazon.ion.IonLoader                                                        : loaded 4 times (x 68B)
Class com.amazon.ion.impl.lite.IonLoaderLite                                          : loaded 4 times (x 80B)
Class com.amazon.ion.impl.bin.utf8.Utf8StringEncoderPool$1                            : loaded 4 times (x 74B)
Class org.gradle.internal.IoActions                                                   : loaded 4 times (x 69B)
Class org.jetbrains.plugins.gradle.model.ExternalTask                                 : loaded 4 times (x 68B)
Class com.amazon.ion.IonFloat                                                         : loaded 4 times (x 68B)
Class [Lcom.google.common.collect.ImmutableEntry;                                     : loaded 4 times (x 67B)
Class com.amazon.ion.impl.LocalSymbolTable$Factory                                    : loaded 4 times (x 75B)
Class com.amazon.ion.impl.bin.IonManagedBinaryWriter$ImportedSymbolResolverMode       : loaded 4 times (x 78B)
Class com.amazon.ion.IonBool                                                          : loaded 4 times (x 68B)
Class com.amazon.ion.IonDatagram                                                      : loaded 4 times (x 68B)
Class com.amazon.ion.impl._Private_RecyclingStack$ElementFactory                      : loaded 4 times (x 68B)
Class com.amazon.ion.impl.bin.IonManagedBinaryWriter$ImportedSymbolResolverMode$1$1   : loaded 4 times (x 76B)
Class com.amazon.ion.impl.bin.utf8.Utf8StringEncoder                                  : loaded 4 times (x 78B)
Class com.amazon.ion.impl._Private_ByteTransferSink                                   : loaded 4 times (x 68B)
Class [Lcom.amazon.ion.impl.bin.IonManagedBinaryWriter$UserState;                     : loaded 4 times (x 67B)
Class com.intellij.openapi.externalSystem.model.project.dependencies.ResolutionState  : loaded 4 times (x 77B)
Class com.google.common.collect.AbstractIterator                                      : loaded 4 times (x 80B)
Class com.intellij.gradle.toolingExtension.impl.model.buildScriptClasspathModel.GradleBuildScriptClasspathSerializationService: loaded 4 times (x 75B)
Class org.gradle.internal.impldep.gnu.trove.TObjectIntProcedure                       : loaded 4 times (x 68B)
Class com.amazon.ion.IonNumber                                                        : loaded 4 times (x 68B)
Class com.amazon.ion.impl.lite.IonTextLite                                            : loaded 4 times (x 179B)
Class com.amazon.ion.impl.LocalSymbolTableAsStruct                                    : loaded 4 times (x 124B)
Class com.amazon.ion.impl.lite.IonTimestampLite                                       : loaded 4 times (x 190B)
Class com.amazon.ion.impl.lite.IonLobLite                                             : loaded 4 times (x 182B)
Class org.jetbrains.plugins.gradle.model.FileCollectionDependency                     : loaded 4 times (x 68B)
Class org.gradle.internal.impldep.gnu.trove.TObjectHashingStrategy                    : loaded 4 times (x 68B)
Class com.amazon.ion.impl.bin.Block                                                   : loaded 4 times (x 77B)
Class com.intellij.gradle.toolingExtension.impl.model.utilDummyModel.DummyModel       : loaded 4 times (x 68B)
Class com.amazon.ion.IonString                                                        : loaded 4 times (x 68B)
Class org.jetbrains.plugins.gradle.model.GradleSourceSetDependencyModel               : loaded 4 times (x 68B)
Class com.google.common.collect.BiMap                                                 : loaded 4 times (x 68B)
Class org.jetbrains.plugins.gradle.tooling.ModelBuilderService$Parameter              : loaded 4 times (x 68B)
Class com.amazon.ion.IonClob                                                          : loaded 4 times (x 68B)
Class com.google.common.collect.ImmutableMap$1                                        : loaded 4 times (x 79B)
Class org.jetbrains.plugins.gradle.model.ExternalLibraryDependency                    : loaded 4 times (x 68B)
Class com.google.common.collect.IndexedImmutableSet                                   : loaded 4 times (x 150B)
Class com.amazon.ion.impl.lite.IonStringLite                                          : loaded 4 times (x 210B)
Class com.amazon.ion.impl.bin.PooledBlockAllocatorProvider$PooledBlockAllocator$1     : loaded 4 times (x 77B)
Class com.amazon.ion.BufferConfiguration                                              : loaded 4 times (x 71B)
Class com.amazon.ion.system.SimpleCatalog                                             : loaded 4 times (x 89B)
Class com.amazon.ion.IonReader                                                        : loaded 4 times (x 68B)
Class org.jetbrains.plugins.gradle.model.AnnotationProcessingConfig                   : loaded 4 times (x 68B)
Class com.amazon.ion.system.IonReaderBuilder                                          : loaded 4 times (x 91B)
Class com.intellij.gradle.toolingExtension.impl.model.taskModel.GradleTaskSerialisationService: loaded 4 times (x 74B)
Class com.google.common.collect.ImmutableRangeSet$Builder                             : loaded 4 times (x 75B)
Class com.google.common.base.CharMatcher$And                                          : loaded 4 times (x 110B)
Class org.gradle.internal.impldep.gnu.trove.TObjectCanonicalHashingStrategy           : loaded 4 times (x 78B)
Class org.gradle.api.GradleException                                                  : loaded 4 times (x 80B)
Class org.jetbrains.plugins.gradle.tooling.util.IntObjectMap$1                        : loaded 4 times (x 75B)
Class org.gradle.internal.impldep.com.google.common.base.Preconditions                : loaded 4 times (x 69B)
Class [Lcom.amazon.ion.impl.bin.IonRawBinaryWriter$StreamFlushMode;                   : loaded 4 times (x 67B)
Class com.google.common.collect.ImmutableEntry                                        : loaded 4 times (x 80B)
Class com.amazon.ion.IonValue                                                         : loaded 4 times (x 68B)
Class com.amazon.ion.UnsupportedIonVersionException                                   : loaded 4 times (x 83B)
Class [Lcom.google.common.collect.AbstractMapEntry;                                   : loaded 4 times (x 67B)
Class org.jetbrains.plugins.gradle.tooling.util.ObjectCollector$Processor             : loaded 4 times (x 68B)
Class com.amazon.ion.impl.bin.AbstractIonWriter                                       : loaded 4 times (x 159B)
Class com.intellij.gradle.toolingExtension.impl.model.buildScriptClasspathModel.GradleBuildScriptClasspathSerializationService$WriteContext: loaded 4 times (x 70B)
Class com.amazon.ion.IonMutableCatalog                                                : loaded 4 times (x 68B)
Class com.google.common.collect.ImmutableCollection$Builder                           : loaded 4 times (x 74B)
Class com.google.common.collect.Iterators$ArrayItr                                    : loaded 4 times (x 95B)
Class com.google.common.collect.ImmutableRangeSet$AsSet                               : loaded 4 times (x 298B)
Class com.amazon.ion.impl._Private_IonReaderBuilder                                   : loaded 4 times (x 93B)
Class com.amazon.ion.impl._Private_RecyclingStack                                     : loaded 4 times (x 77B)
Class org.jetbrains.plugins.gradle.ExternalDependencyId                               : loaded 4 times (x 68B)
Class com.amazon.ion.impl.bin.IonManagedBinaryWriter$SymbolState                      : loaded 4 times (x 78B)
Class com.google.common.collect.AbstractRangeSet                                      : loaded 4 times (x 112B)
Class com.google.common.collect.Lists$StringAsImmutableList                           : loaded 4 times (x 205B)
Class com.google.common.base.CharMatcher$NegatedFastMatcher                           : loaded 4 times (x 111B)
Class com.amazon.ion.impl.SymbolTableAsStruct                                         : loaded 4 times (x 68B)
Class com.amazon.ion.impl._Private_Utils$1                                            : loaded 4 times (x 87B)
Class com.amazon.ion.impl.bin.IonRawBinaryWriter$ContainerType                        : loaded 4 times (x 77B)
Class com.amazon.ion.impl._Private_IonTextWriterBuilder$Mutable                       : loaded 4 times (x 100B)
Class com.amazon.ion.impl.lite.IonSequenceLite                                        : loaded 4 times (x 430B)
Class org.gradle.internal.impldep.gnu.trove.Equality                                  : loaded 4 times (x 68B)
Class com.google.common.base.Predicate                                                : loaded 4 times (x 68B)
Class com.google.common.collect.ImmutableMap                                          : loaded 4 times (x 118B)
Class com.google.common.collect.BaseImmutableMultimap                                 : loaded 4 times (x 121B)
Class com.amazon.ion.impl.bin._Private_IonManagedBinaryWriterBuilder$AllocatorMode$2  : loaded 4 times (x 78B)
Class com.amazon.ion.IonStruct                                                        : loaded 4 times (x 68B)
Class com.amazon.ion.impl._Private_IonTextWriterBuilder                               : loaded 4 times (x 100B)
Class org.jetbrains.plugins.gradle.model.GradleSourceSetModel                         : loaded 4 times (x 68B)
Class com.google.common.base.Joiner                                                   : loaded 4 times (x 78B)
Class com.intellij.gradle.toolingExtension.impl.model.sourceSetDependencyModel.GradleSourceSetDependencySerialisationService: loaded 4 times (x 75B)
Class com.amazon.ion.impl.lite.IonFloatLite                                           : loaded 4 times (x 184B)
Class org.jetbrains.plugins.gradle.tooling.serialization.internal.IdeaProjectSerializationService$WriteContext: loaded 4 times (x 70B)
Class com.amazon.ion.impl.bin.BlockAllocatorProvider                                  : loaded 4 times (x 70B)
Class org.jetbrains.plugins.gradle.model.GradleBuildScriptClasspathModel              : loaded 4 times (x 68B)
Class com.google.common.collect.Range                                                 : loaded 4 times (x 85B)
Class org.jetbrains.kotlin.idea.gradleTooling.KotlinSourceSetContainer                : loaded 4 times (x 68B)
Class org.jetbrains.plugins.gradle.model.IntelliJSettings                             : loaded 4 times (x 68B)
Class com.google.common.collect.Iterators                                             : loaded 4 times (x 69B)
Class com.google.common.collect.Platform                                              : loaded 4 times (x 69B)
Class com.intellij.compose.ide.plugin.gradleTooling.rt.ComposeResourcesModel          : loaded 4 times (x 68B)
Class org.jetbrains.plugins.gradle.tooling.serialization.ProjectDependenciesSerializationService: loaded 4 times (x 75B)
Class com.google.common.base.CharMatcher$FastMatcher                                  : loaded 4 times (x 109B)
Class com.amazon.ion.impl.bin.AbstractIonWriter$WriteValueOptimization                : loaded 4 times (x 77B)
Class org.jetbrains.plugins.gradle.tooling.serialization.ProjectDependenciesSerializationService$WriteContext: loaded 4 times (x 70B)
Class com.amazon.ion.impl.bin._Private_IonManagedBinaryWriterBuilder$AllocatorMode$1  : loaded 4 times (x 78B)
Class com.google.common.collect.UnmodifiableIterator                                  : loaded 4 times (x 78B)
Class org.gradle.internal.Cast                                                        : loaded 4 times (x 69B)
Class org.gradle.api.Action                                                           : loaded 4 times (x 68B)
Class com.amazon.ion.Decimal                                                          : loaded 4 times (x 131B)
Class com.amazon.ion.impl.bin.AbstractSymbolTable                                     : loaded 4 times (x 105B)
Class com.amazon.ion.impl._Private_ReaderWriter                                       : loaded 4 times (x 68B)
Class com.amazon.ion.impl.lite.IonStructLite                                          : loaded 4 times (x 296B)
Class org.jetbrains.kotlin.idea.gradleTooling.KotlinGradlePluginVersion               : loaded 4 times (x 68B)
Class com.google.common.collect.ImmutableRangeSet$1                                   : loaded 4 times (x 208B)
Class org.jetbrains.plugins.gradle.tooling.serialization.ExternalTestsSerializationService$ReadContext: loaded 4 times (x 70B)
Class com.amazon.ion.impl.IonWriterSystem                                             : loaded 4 times (x 169B)
Class com.amazon.ion.impl.BlockedBuffer$BufferedOutputStream                          : loaded 4 times (x 88B)
Class com.amazon.ion.impl.bin.IonBinaryWriterAdapter$Factory                          : loaded 4 times (x 68B)
Class org.jetbrains.plugins.gradle.model.IntelliJProjectSettings                      : loaded 4 times (x 68B)
Class com.amazon.ion.impl.bin.Symbols$2                                               : loaded 4 times (x 105B)
Class com.amazon.ion.impl.bin._Private_IonManagedWriter                               : loaded 4 times (x 68B)
Class [Lcom.amazon.ion.SymbolTable;                                                   : loaded 4 times (x 67B)
Class com.amazon.ion.impl.bin.IonRawBinaryWriter$1                                    : loaded 4 times (x 75B)
Class com.google.common.collect.RegularImmutableAsList                                : loaded 4 times (x 215B)
Class com.google.common.collect.AbstractMapEntry                                      : loaded 4 times (x 79B)
Class com.google.common.base.CharMatcher$BitSetMatcher                                : loaded 4 times (x 110B)
Class com.google.common.collect.RegularImmutableMap$Values                            : loaded 4 times (x 205B)
Class com.google.common.collect.ImmutableSet                                          : loaded 4 times (x 143B)
Class com.amazon.ion.impl.IonWriterSystemTextMarkup                                   : loaded 4 times (x 190B)
Class org.gradle.internal.impldep.gnu.trove.THash                                     : loaded 4 times (x 79B)
Class org.jetbrains.plugins.gradle.tooling.serialization.AnnotationProcessingModelSerializationService$WriteContext: loaded 4 times (x 70B)
Class com.amazon.ion.impl.bin.BlockAllocator                                          : loaded 4 times (x 78B)
Class com.amazon.ion.IonSymbol                                                        : loaded 4 times (x 68B)
Class com.amazon.ion.impl.bin.utf8.Poolable                                           : loaded 4 times (x 77B)
Class com.amazon.ion.impl._Private_RecyclingQueue                                     : loaded 4 times (x 78B)
Class com.amazon.ion.system.IonWriterBuilderBase                                      : loaded 4 times (x 81B)
Class com.amazon.ion.impl.lite.IonContainerLite                                       : loaded 4 times (x 246B)
Class com.amazon.ion.IonBufferConfiguration$OversizedSymbolTableHandler               : loaded 4 times (x 68B)
Class com.google.common.collect.ImmutableList$Builder                                 : loaded 4 times (x 75B)
Class com.google.common.base.CharMatcher$Or                                           : loaded 4 times (x 110B)
Class com.google.common.collect.AbstractMultimap                                      : loaded 4 times (x 121B)
Class com.amazon.ion.system.IonWriterBuilder                                          : loaded 4 times (x 72B)
Class org.jetbrains.plugins.gradle.tooling.serialization.ToolingStreamApiUtils        : loaded 4 times (x 69B)
Class com.amazon.ion.facet.Faceted                                                    : loaded 4 times (x 68B)
Class [Lcom.android.builder.model.v2.ide.ProjectType;                                 : loaded 3 times (x 67B)
Class kotlin.TuplesKt                                                                 : loaded 3 times (x 69B)
Class kotlin.jvm.internal.markers.KMutableIterable                                    : loaded 3 times (x 68B)
Class com.android.builder.model.v2.ide.BytecodeTransformation                         : loaded 3 times (x 77B)
Class kotlin.sequences.SequencesKt___SequencesJvmKt                                   : loaded 3 times (x 69B)
Class kotlin.collections.CollectionsKt__MutableCollectionsKt                          : loaded 3 times (x 69B)
Class org.gradle.tooling.internal.adapter.ProtocolToModelAdapter$DefaultViewBuilder   : loaded 3 times (x 78B)
Class kotlin.Unit                                                                     : loaded 3 times (x 69B)
Class com.android.ide.common.gradle.Version$Companion$ParseState                      : loaded 3 times (x 68B)
Class [Lcom.android.builder.model.v2.ide.AaptOptions$Namespacing;                     : loaded 3 times (x 67B)
Class kotlin.collections.CollectionsKt___CollectionsJvmKt                             : loaded 3 times (x 69B)
Class kotlin.jvm.internal.FunctionReferenceImpl                                       : loaded 3 times (x 120B)
Class kotlin.ranges.RangesKt                                                          : loaded 3 times (x 69B)
Class org.gradle.tooling.model.UnsupportedMethodException                             : loaded 3 times (x 80B)
Class org.gradle.tooling.internal.adapter.ProtocolToModelAdapter$SupportedPropertyInvoker: loaded 3 times (x 74B)
Class kotlin.Pair                                                                     : loaded 3 times (x 70B)
Class kotlin.sequences.TransformingSequence$iterator$1                                : loaded 3 times (x 77B)
Class com.google.common.collect.Iterators$SingletonIterator                           : loaded 3 times (x 79B)
Class com.android.ide.gradle.model.GradlePropertiesModel                              : loaded 3 times (x 68B)
Class kotlin.io.TerminateException                                                    : loaded 3 times (x 80B)
Class kotlin.io.FilesKt__FilePathComponentsKt                                         : loaded 3 times (x 69B)
Class com.android.builder.model.v2.ide.CodeShrinker                                   : loaded 3 times (x 77B)
Class org.gradle.tooling.internal.adapter.ProtocolToModelAdapter$ViewGraphDetails$1   : loaded 3 times (x 75B)
Class com.google.common.collect.ImmutableList$SerializedForm                          : loaded 3 times (x 71B)
Class kotlin.reflect.KCallable                                                        : loaded 3 times (x 68B)
Class org.gradle.util.internal.DefaultGradleVersion                                   : loaded 3 times (x 78B)
Class kotlin.Result$Companion                                                         : loaded 3 times (x 69B)
Class kotlin.coroutines.jvm.internal.BaseContinuationImpl                             : loaded 3 times (x 85B)
Class com.android.builder.model.v2.ide.SourceProvider                                 : loaded 3 times (x 68B)
Class com.android.ide.common.repository.AgpVersion$Companion                          : loaded 3 times (x 69B)
Class kotlin.sequences.FlatteningSequence$iterator$1                                  : loaded 3 times (x 77B)
Class kotlin.jvm.functions.Function0                                                  : loaded 3 times (x 68B)
Class kotlin.collections.ArraysUtilJVM                                                : loaded 3 times (x 69B)
Class com.android.builder.model.v2.ide.BundleInfo                                     : loaded 3 times (x 68B)
Class kotlin.comparisons.ComparisonsKt___ComparisonsKt                                : loaded 3 times (x 69B)
Class kotlin.Result                                                                   : loaded 3 times (x 70B)
Class org.gradle.tooling.model.idea.IdeaDependency                                    : loaded 3 times (x 68B)
Class com.android.builder.model.v2.ide.TestInfo$Execution                             : loaded 3 times (x 77B)
Class com.android.ide.common.gradle.Version$Companion                                 : loaded 3 times (x 69B)
Class [Lcom.android.builder.model.v2.ide.BytecodeTransformation;                      : loaded 3 times (x 67B)
Class kotlin.comparisons.ComparisonsKt                                                : loaded 3 times (x 69B)
Class kotlin.text.CharsKt                                                             : loaded 3 times (x 69B)
Class com.android.builder.model.v2.ide.AaptOptions                                    : loaded 3 times (x 68B)
Class kotlin.collections.AbstractMutableList                                          : loaded 3 times (x 204B)
Class kotlin.text.CharsKt__CharJVMKt                                                  : loaded 3 times (x 69B)
Class org.gradle.tooling.model.kotlin.dsl.KotlinDslScriptModel                        : loaded 3 times (x 68B)
Class org.gradle.tooling.internal.adapter.CollectionMapper                            : loaded 3 times (x 71B)
Class kotlin.sequences.FilteringSequence                                              : loaded 3 times (x 73B)
Class org.jetbrains.kotlin.tooling.core.KotlinToolingVersion                          : loaded 3 times (x 73B)
Class kotlin.jvm.functions.Function1                                                  : loaded 3 times (x 68B)
Class kotlin.collections.CollectionsKt__IteratorsJVMKt                                : loaded 3 times (x 69B)
Class kotlin.comparisons.ComparisonsKt___ComparisonsJvmKt                             : loaded 3 times (x 69B)
Class com.android.builder.model.v2.models.ndk.NativeModelBuilderParameter             : loaded 3 times (x 68B)
Class kotlin.KotlinNothingValueException                                              : loaded 3 times (x 80B)
Class kotlin.jvm.functions.Function2                                                  : loaded 3 times (x 68B)
Class [Lcom.android.builder.model.v2.ide.LibraryType;                                 : loaded 3 times (x 67B)
Class com.android.builder.model.v2.ide.LibraryType                                    : loaded 3 times (x 77B)
Class kotlin.enums.EnumEntriesList                                                    : loaded 3 times (x 221B)
Class com.google.common.collect.ExplicitOrdering                                      : loaded 3 times (x 113B)
Class kotlin.jvm.internal.FunctionBase                                                : loaded 3 times (x 68B)
Class kotlin.coroutines.Continuation                                                  : loaded 3 times (x 68B)
Class kotlin.sequences.SequencesKt__SequencesKt                                       : loaded 3 times (x 69B)
Class kotlin.collections.SetsKt___SetsKt                                              : loaded 3 times (x 69B)
Class kotlin.ranges.RangesKt__RangesKt                                                : loaded 3 times (x 69B)
Class com.android.builder.model.v2.ide.BasicVariant                                   : loaded 3 times (x 68B)
Class com.android.builder.model.v2.ide.AndroidGradlePluginProjectFlags                : loaded 3 times (x 68B)
Class [Lkotlin.coroutines.intrinsics.CoroutineSingletons;                             : loaded 3 times (x 67B)
Class [Lcom.android.builder.model.v2.ide.AndroidGradlePluginProjectFlags$BooleanFlag; : loaded 3 times (x 67B)
Class kotlin.collections.MapsKt___MapsJvmKt                                           : loaded 3 times (x 69B)
Class kotlin.jvm.internal.FunctionReference                                           : loaded 3 times (x 120B)
Class com.android.ide.gradle.model.dependencies.Coordinates                           : loaded 3 times (x 68B)
Class kotlin.comparisons.ComparisonsKt__ComparisonsKt                                 : loaded 3 times (x 69B)
Class org.gradle.tooling.internal.adapter.WeakIdentityHashMap$AbsentValueProvider     : loaded 3 times (x 68B)
Class kotlin.jvm.functions.Function4                                                  : loaded 3 times (x 68B)
Class kotlin.collections.EmptySet                                                     : loaded 3 times (x 120B)
Class org.gradle.tooling.model.internal.ImmutableDomainObjectSet                      : loaded 3 times (x 153B)
Class kotlin.annotation.Target                                                        : loaded 3 times (x 68B)
Class kotlin.collections.CollectionsKt___CollectionsKt                                : loaded 3 times (x 69B)
Class org.gradle.tooling.internal.adapter.ProtocolToModelAdapter                      : loaded 3 times (x 78B)
Class org.jetbrains.kotlin.tooling.core.Extras                                        : loaded 3 times (x 68B)
Class kotlin.Triple                                                                   : loaded 3 times (x 70B)
Class kotlin.sequences.SequencesKt__SequenceBuilderKt$sequence$$inlined$Sequence$1    : loaded 3 times (x 73B)
Class org.gradle.internal.exceptions.NonGradleCauseExceptionsHolder                   : loaded 3 times (x 68B)
Class org.gradle.tooling.model.idea.IdeaModuleDependency                              : loaded 3 times (x 68B)
Class com.android.ide.common.gradle.Separator                                         : loaded 3 times (x 77B)
Class com.android.builder.model.v2.ide.AndroidGradlePluginProjectFlags$BooleanFlag    : loaded 3 times (x 77B)
Class kotlin.collections.MapsKt__MapsJVMKt                                            : loaded 3 times (x 69B)
Class kotlin.collections.EmptyList                                                    : loaded 3 times (x 172B)
Class com.android.ide.gradle.model.LegacyV1AgpVersionModel                            : loaded 3 times (x 68B)
Class kotlin.text.Regex                                                               : loaded 3 times (x 70B)
Class org.gradle.tooling.internal.adapter.ViewBuilder                                 : loaded 3 times (x 68B)
Class org.gradle.internal.time.DefaultTimer                                           : loaded 3 times (x 78B)
Class kotlin.text.StringsKt__StringBuilderJVMKt                                       : loaded 3 times (x 69B)
Class com.google.common.collect.Lists$ReverseList$1                                   : loaded 3 times (x 97B)
Class kotlin.text.Regex$Companion                                                     : loaded 3 times (x 69B)
Class com.android.ide.common.gradle.Version                                           : loaded 3 times (x 73B)
Class com.android.builder.model.v2.ide.AndroidLibraryData                             : loaded 3 times (x 68B)
Class kotlin.text.StringsKt___StringsJvmKt                                            : loaded 3 times (x 69B)
Class com.android.builder.model.v2.ide.ApiVersion                                     : loaded 3 times (x 68B)
Class kotlin.collections.AbstractCollection                                           : loaded 3 times (x 115B)
Class kotlin.collections.AbstractList                                                 : loaded 3 times (x 195B)
Class org.gradle.tooling.model.Element                                                : loaded 3 times (x 68B)
Class org.gradle.tooling.internal.adapter.ProtocolToModelAdapter$NoOpDecoration       : loaded 3 times (x 77B)
Class org.gradle.tooling.internal.adapter.TypeInspector                               : loaded 3 times (x 71B)
Class kotlin.coroutines.jvm.internal.RestrictedSuspendLambda                          : loaded 3 times (x 89B)
Class kotlin.sequences.SequencesKt__SequencesJVMKt                                    : loaded 3 times (x 69B)
Class com.google.common.collect.CompoundOrdering                                      : loaded 3 times (x 113B)
Class com.android.builder.model.v2.dsl.ProductFlavor                                  : loaded 3 times (x 68B)
Class kotlin.io.FilePathComponents                                                    : loaded 3 times (x 70B)
Class kotlin.reflect.KDeclarationContainer                                            : loaded 3 times (x 68B)
Class kotlin.annotation.Retention                                                     : loaded 3 times (x 68B)
Class kotlin.io.FilesKt                                                               : loaded 3 times (x 69B)
Class [Lcom.android.builder.model.v2.ide.TestInfo$Execution;                          : loaded 3 times (x 67B)
Class org.gradle.tooling.internal.adapter.ProtocolToModelAdapter$ViewKey              : loaded 3 times (x 70B)
Class com.android.builder.model.v2.models.Versions$Version                            : loaded 3 times (x 68B)
Class kotlin.collections.MapsKt___MapsKt                                              : loaded 3 times (x 69B)
Class Build_gradle$1                                                                  : loaded 3 times (x 72B)
Class org.gradle.internal.time.Clock                                                  : loaded 3 times (x 68B)
Class kotlin.text.StringsKt__RegexExtensionsKt                                        : loaded 3 times (x 69B)
Class kotlin.collections.EmptyIterator                                                : loaded 3 times (x 87B)
Class kotlin.collections.ArraysKt___ArraysKt                                          : loaded 3 times (x 69B)
Class kotlin.collections.CollectionsKt__CollectionsKt                                 : loaded 3 times (x 69B)
Class kotlin.collections.ArraysKt___ArraysJvmKt                                       : loaded 3 times (x 69B)
Class com.google.common.collect.AllEqualOrdering                                      : loaded 3 times (x 112B)
Class com.android.builder.model.v2.ide.AbstractArtifact                               : loaded 3 times (x 68B)
Class kotlin.text.StringsKt__RegexExtensionsJVMKt                                     : loaded 3 times (x 69B)
Class kotlin.collections.MapsKt__MapWithDefaultKt                                     : loaded 3 times (x 69B)
Class com.android.builder.model.v2.CustomSourceDirectory                              : loaded 3 times (x 68B)
Class org.gradle.tooling.internal.adapter.ProtocolToModelAdapter$ReflectionMethodInvoker: loaded 3 times (x 74B)
Class com.google.common.collect.NullsFirstOrdering                                    : loaded 3 times (x 113B)
Class com.android.ide.common.repository.AgpVersion                                    : loaded 3 times (x 73B)
Class kotlin.ResultKt                                                                 : loaded 3 times (x 69B)
Class [Lcom.android.ide.common.gradle.Separator;                                      : loaded 3 times (x 67B)
Class org.gradle.tooling.internal.adapter.ProtocolToModelAdapter$PropertyCachingMethodInvoker: loaded 3 times (x 74B)
Class kotlin.text.StringsKt___StringsKt                                               : loaded 3 times (x 69B)
Class com.google.common.collect.NullsLastOrdering                                     : loaded 3 times (x 113B)
Class kotlin.collections.CollectionsKt__MutableCollectionsJVMKt                       : loaded 3 times (x 69B)
Class org.gradle.tooling.model.Dependency                                             : loaded 3 times (x 68B)
Class kotlin.enums.EnumEntriesKt                                                      : loaded 3 times (x 69B)
Class org.jetbrains.kotlin.tooling.core.HasMutableExtras                              : loaded 3 times (x 68B)
Class org.gradle.api.JavaVersion                                                      : loaded 3 times (x 77B)
Class com.android.builder.model.v2.models.VariantDependencies                         : loaded 3 times (x 68B)
Class kotlin.ranges.IntRange$Companion                                                : loaded 3 times (x 69B)
Class com.android.builder.model.v2.ide.TestedTargetVariant                            : loaded 3 times (x 68B)
Class kotlin.text.MatcherMatchResult$groups$1                                         : loaded 3 times (x 149B)
Class kotlin.collections.EmptyMap                                                     : loaded 3 times (x 107B)
Class kotlin.reflect.KAnnotatedElement                                                : loaded 3 times (x 68B)
Class kotlin.jvm.internal.DefaultConstructorMarker                                    : loaded 3 times (x 69B)
Class org.gradle.internal.time.TimeSource$1                                           : loaded 3 times (x 75B)
Class kotlin.jvm.internal.markers.KMutableCollection                                  : loaded 3 times (x 68B)
Class kotlin.coroutines.intrinsics.IntrinsicsKt                                       : loaded 3 times (x 69B)
Class com.android.builder.model.v2.models.ProjectSyncIssues                           : loaded 3 times (x 68B)
Class kotlin.Result$Failure                                                           : loaded 3 times (x 70B)
Class kotlin.collections.ArraysKt__ArraysKt                                           : loaded 3 times (x 69B)
Class com.android.builder.model.v2.dsl.BaseConfig                                     : loaded 3 times (x 68B)
Class org.gradle.internal.exceptions.MultiCauseException                              : loaded 3 times (x 68B)
Class org.gradle.internal.time.DefaultCountdownTimer                                  : loaded 3 times (x 86B)
Class org.gradle.internal.time.CountdownTimer                                         : loaded 3 times (x 68B)
Class kotlin.jvm.internal.Intrinsics                                                  : loaded 3 times (x 69B)
Class org.jetbrains.kotlin.tooling.core.HasExtras                                     : loaded 3 times (x 68B)
Class com.android.builder.model.v2.ide.ProjectType                                    : loaded 3 times (x 77B)
Class kotlin.io.FileSystemException                                                   : loaded 3 times (x 80B)
Class kotlin.collections.MapsKt                                                       : loaded 3 times (x 69B)
Class kotlin.coroutines.intrinsics.CoroutineSingletons                                : loaded 3 times (x 77B)
Class kotlin.collections.CollectionsKt__IterablesKt                                   : loaded 3 times (x 69B)
Class com.android.builder.model.v2.ide.ComponentInfo                                  : loaded 3 times (x 68B)
Class org.gradle.tooling.model.ProjectModel                                           : loaded 3 times (x 68B)
Class kotlin.collections.CollectionsKt___CollectionsKt$asSequence$$inlined$Sequence$1 : loaded 3 times (x 73B)
Class com.android.ide.common.gradle.Version$Companion$ParseState$EMPTY                : loaded 3 times (x 72B)
Class kotlin.ranges.OpenEndRange                                                      : loaded 3 times (x 68B)
Class org.gradle.tooling.model.ProjectIdentifier                                      : loaded 3 times (x 68B)
Class kotlin.sequences.SequenceBuilderIterator                                        : loaded 3 times (x 83B)
Class org.gradle.tooling.model.idea.IdeaCompilerOutput                                : loaded 3 times (x 68B)
Class kotlin.collections.SetsKt__SetsJVMKt                                            : loaded 3 times (x 69B)
Class org.gradle.tooling.internal.adapter.ProtocolToModelAdapter$AdaptingMethodInvoker: loaded 3 times (x 74B)
Class org.gradle.tooling.internal.gradle.DefaultBuildIdentifier                       : loaded 3 times (x 77B)
Class kotlin.Function                                                                 : loaded 3 times (x 68B)
Class kotlin.text.MatchResult$DefaultImpls                                            : loaded 3 times (x 69B)
Class kotlin.KotlinNullPointerException                                               : loaded 3 times (x 81B)
Class com.android.ide.common.repository.AgpVersion$Companion$WhenMappings             : loaded 3 times (x 69B)
Class kotlin.ranges.RangesKt___RangesKt                                               : loaded 3 times (x 69B)
Class org.gradle.tooling.model.idea.IdeaLanguageLevel                                 : loaded 3 times (x 68B)
Class org.gradle.internal.exceptions.ResolutionProvider                               : loaded 3 times (x 68B)
Class org.gradle.tooling.internal.adapter.ProtocolToModelAdapter$MixInMappingAction   : loaded 3 times (x 78B)
Class org.gradle.tooling.internal.adapter.ProtocolToModelAdapter$SafeMethodInvoker    : loaded 3 times (x 74B)
Class com.android.builder.model.v2.ide.JavaCompileOptions                             : loaded 3 times (x 68B)
Class kotlin.io.FileAlreadyExistsException                                            : loaded 3 times (x 80B)
Class kotlin.internal.ProgressionUtilKt                                               : loaded 3 times (x 69B)
Class org.gradle.tooling.ToolingModelContract                                         : loaded 3 times (x 68B)
Class kotlin.sequences.Sequence                                                       : loaded 3 times (x 68B)
Class kotlin.enums.EnumEntries                                                        : loaded 3 times (x 68B)
Class org.gradle.tooling.internal.gradle.GradleBuildIdentity                          : loaded 3 times (x 68B)
Class kotlin.sequences.SequenceScope                                                  : loaded 3 times (x 71B)
Class com.android.builder.model.v2.ide.TestInfo                                       : loaded 3 times (x 68B)
Class com.android.builder.model.v2.models.BasicAndroidProject                         : loaded 3 times (x 68B)
Class org.gradle.tooling.internal.adapter.WeakIdentityHashMap$WeakKey                 : loaded 3 times (x 77B)
Class kotlin.text.MatchResult                                                         : loaded 3 times (x 68B)
Class org.gradle.internal.exceptions.DefaultMultiCauseException                       : loaded 3 times (x 93B)
Class com.google.common.collect.NaturalOrdering                                       : loaded 3 times (x 113B)
Class kotlin.text.StringsKt__StringNumberConversionsJVMKt                             : loaded 3 times (x 69B)
Class com.android.builder.model.v2.ide.ProjectInfo                                    : loaded 3 times (x 68B)
Class kotlin.text.CharsKt__CharKt                                                     : loaded 3 times (x 69B)
Class org.gradle.tooling.model.kotlin.dsl.KotlinDslScriptsModel                       : loaded 3 times (x 68B)
Class org.gradle.internal.time.TimeSource                                             : loaded 3 times (x 68B)
Class org.gradle.tooling.model.idea.IdeaDependencyScope                               : loaded 3 times (x 68B)
Class kotlin.ranges.IntRange                                                          : loaded 3 times (x 91B)
Class kotlin.collections.ArrayDeque$Companion                                         : loaded 3 times (x 69B)
Class [Lorg.gradle.api.JavaVersion;                                                   : loaded 3 times (x 67B)
Class kotlin.collections.ArraysKt                                                     : loaded 3 times (x 69B)
Class org.gradle.tooling.model.HierarchicalElement                                    : loaded 3 times (x 68B)
Class com.google.common.collect.ImmutableSetMultimap                                  : loaded 3 times (x 178B)
Class com.android.builder.model.v2.dsl.DependenciesInfo                               : loaded 3 times (x 68B)
Class kotlin.jvm.internal.CallableReference                                           : loaded 3 times (x 104B)
Class kotlin.collections.AbstractList$SubList                                         : loaded 3 times (x 196B)
Class com.google.common.collect.ComparatorOrdering                                    : loaded 3 times (x 113B)
Class kotlin.jvm.internal.Intrinsics$Kotlin                                           : loaded 3 times (x 69B)
Class com.google.common.collect.ByFunctionOrdering                                    : loaded 3 times (x 113B)
Class kotlin.collections.SetsKt__SetsKt                                               : loaded 3 times (x 69B)
Class com.android.ide.common.gradle.Numeric                                           : loaded 3 times (x 75B)
Class kotlin.coroutines.EmptyCoroutineContext                                         : loaded 3 times (x 75B)
Class kotlin.jvm.KotlinReflectionNotSupportedError                                    : loaded 3 times (x 80B)
Class com.android.builder.model.v2.ide.LibraryInfo                                    : loaded 3 times (x 68B)
Class org.gradle.internal.time.Time                                                   : loaded 3 times (x 69B)
Class org.gradle.tooling.internal.gradle.DefaultProjectIdentifier                     : loaded 3 times (x 84B)
Class com.android.ide.common.gradle.Version$Companion$ParseState$NUMERIC              : loaded 3 times (x 72B)
Class com.android.ide.gradle.model.artifacts.AdditionalClassifierArtifactsModel       : loaded 3 times (x 68B)
Class com.google.common.collect.ImmutableMap$SerializedForm                           : loaded 3 times (x 71B)
Class com.android.builder.model.v2.models.AndroidDsl                                  : loaded 3 times (x 68B)
Class org.gradle.tooling.internal.gradle.GradleProjectIdentity                        : loaded 3 times (x 68B)
Class kotlin.text.StringsKt__AppendableKt                                             : loaded 3 times (x 69B)
Class com.android.ide.common.repository.AgpVersion$PreviewKind                        : loaded 3 times (x 77B)
Class com.android.builder.model.v2.models.ProjectGraph                                : loaded 3 times (x 68B)
Class kotlin.collections.ArraysKt__ArraysJVMKt                                        : loaded 3 times (x 69B)
Class kotlin.text.StringsKt__StringBuilderKt                                          : loaded 3 times (x 69B)
Class kotlin.sequences.SequencesKt___SequencesKt$flatMap$2                            : loaded 3 times (x 123B)
Class [Lcom.android.ide.common.repository.AgpVersion$PreviewKind;                     : loaded 3 times (x 67B)
Class com.google.common.collect.Ordering                                              : loaded 3 times (x 112B)
Class kotlin.jvm.internal.CallableReference$NoReceiver                                : loaded 3 times (x 69B)
Class com.google.common.collect.Lists$ReverseList                                     : loaded 3 times (x 198B)
Class kotlin.sequences.SequencesKt___SequencesKt$sortedWith$1                         : loaded 3 times (x 73B)
Class kotlin.collections.AbstractList$Companion                                       : loaded 3 times (x 69B)
Class kotlin.ranges.ClosedRange                                                       : loaded 3 times (x 68B)
Class com.android.builder.model.v2.ide.JavaArtifact                                   : loaded 3 times (x 68B)
Class kotlin.sequences.SequencesKt___SequencesKt                                      : loaded 3 times (x 69B)
Class kotlin.text.MatcherMatchResult$groupValues$1                                    : loaded 3 times (x 196B)
Class org.gradle.internal.time.MonotonicClock                                         : loaded 3 times (x 75B)
Class kotlin.jvm.internal.markers.KMutableList                                        : loaded 3 times (x 68B)
Class kotlin.text.MatchNamedGroupCollection                                           : loaded 3 times (x 68B)
Class com.google.common.collect.UsingToStringOrdering                                 : loaded 3 times (x 112B)
Class kotlin.io.FilesKt__FileReadWriteKt                                              : loaded 3 times (x 69B)
Class kotlin.text.StringsKt__StringNumberConversionsKt                                : loaded 3 times (x 69B)
Class [Lkotlin.Pair;                                                                  : loaded 3 times (x 67B)
Class com.google.common.collect.ReverseNaturalOrdering                                : loaded 3 times (x 112B)
Class kotlin.NoWhenBranchMatchedException                                             : loaded 3 times (x 80B)
Class org.gradle.tooling.model.BuildIdentifier                                        : loaded 3 times (x 68B)
Class com.google.common.collect.SetMultimap                                           : loaded 3 times (x 68B)
Class com.android.builder.model.v2.ide.VectorDrawablesOptions                         : loaded 3 times (x 68B)
Class com.android.builder.model.v2.ide.Edge                                           : loaded 3 times (x 68B)
Class com.google.common.collect.ReverseOrdering                                       : loaded 3 times (x 113B)
Class com.android.builder.model.v2.models.VariantDependenciesFlatList                 : loaded 3 times (x 68B)
Class org.gradle.util.internal.DefaultGradleVersion$Stage                             : loaded 3 times (x 73B)
Class kotlin.text.StringsKt__StringsJVMKt                                             : loaded 3 times (x 69B)
Class kotlin.collections.IntIterator                                                  : loaded 3 times (x 80B)
Class com.google.common.collect.NullnessCasts                                         : loaded 3 times (x 69B)
Class kotlin.coroutines.jvm.internal.RestrictedContinuationImpl                       : loaded 3 times (x 85B)
Class com.android.ide.gradle.model.GradlePluginModel                                  : loaded 3 times (x 68B)
Class org.gradle.tooling.model.build.JavaEnvironment                                  : loaded 3 times (x 68B)
Class com.android.builder.model.v2.ide.SourceSetContainer                             : loaded 3 times (x 68B)
Class org.gradle.internal.time.Timer                                                  : loaded 3 times (x 68B)
Class kotlin.jvm.internal.markers.KMappedMarker                                       : loaded 3 times (x 68B)
Class Build_gradle                                                                    : loaded 3 times (x 128B)
Class org.gradle.internal.operations.MultipleBuildOperationFailures                   : loaded 3 times (x 93B)
Class com.android.builder.model.v2.ide.LintOptions                                    : loaded 3 times (x 68B)
Class kotlin.text.StringsKt__IndentKt                                                 : loaded 3 times (x 69B)
Class com.android.builder.model.v2.dsl.SigningConfig                                  : loaded 3 times (x 68B)
Class org.gradle.tooling.internal.adapter.MethodInvocation                            : loaded 3 times (x 83B)
Class com.android.builder.model.v2.models.AndroidProject                              : loaded 3 times (x 68B)
Class com.android.builder.model.v2.AndroidModel                                       : loaded 3 times (x 68B)
Class kotlin.sequences.TransformingSequence                                           : loaded 3 times (x 73B)
Class kotlin.collections.SetsKt                                                       : loaded 3 times (x 69B)
Class kotlin.text.StringsKt                                                           : loaded 3 times (x 69B)
Class org.gradle.tooling.internal.adapter.ProtocolToModelAdapter$ViewGraphDetails     : loaded 3 times (x 70B)
Class [Lcom.android.builder.model.v2.ide.CodeShrinker;                                : loaded 3 times (x 67B)
Class com.android.utils.FileUtils                                                     : loaded 3 times (x 69B)
Class com.android.builder.model.v2.ide.AaptOptions$Namespacing                        : loaded 3 times (x 77B)
Class org.gradle.tooling.model.idea.IdeaProject                                       : loaded 3 times (x 68B)
Class org.gradle.tooling.model.DomainObjectSet                                        : loaded 3 times (x 68B)
Class kotlin.collections.CollectionsKt__IteratorsKt                                   : loaded 3 times (x 69B)
Class kotlin.sequences.SequencesKt                                                    : loaded 3 times (x 69B)
Class com.android.builder.model.v2.ide.BasicArtifact                                  : loaded 3 times (x 68B)
Class org.gradle.tooling.internal.adapter.TargetTypeProvider                          : loaded 3 times (x 68B)
Class kotlin.coroutines.jvm.internal.SuspendFunction                                  : loaded 3 times (x 68B)
Class org.gradle.util.GradleVersion                                                   : loaded 3 times (x 77B)
Class com.android.builder.model.v2.ide.AndroidArtifact                                : loaded 3 times (x 68B)
Class kotlin.ranges.IntProgression$Companion                                          : loaded 3 times (x 69B)
Class kotlin.jvm.internal.Ref$BooleanRef                                              : loaded 3 times (x 69B)
Class kotlin.collections.CollectionsKt__CollectionsJVMKt                              : loaded 3 times (x 69B)
Class kotlin.jvm.internal.StringCompanionObject                                       : loaded 3 times (x 69B)
Class kotlin.coroutines.intrinsics.IntrinsicsKt__IntrinsicsJvmKt                      : loaded 3 times (x 69B)
Class kotlin.reflect.KFunction                                                        : loaded 3 times (x 68B)
Class kotlin.collections.ArrayDeque                                                   : loaded 3 times (x 205B)
Class com.google.common.collect.Lists$TransformingRandomAccessList                    : loaded 3 times (x 197B)
Class kotlin.io.FilesKt__UtilsKt                                                      : loaded 3 times (x 69B)
Class com.android.builder.model.v2.models.ModelBuilderParameter                       : loaded 3 times (x 68B)
Class kotlin.coroutines.jvm.internal.CoroutineStackFrame                              : loaded 3 times (x 68B)
Class org.gradle.tooling.internal.adapter.ProtocolToModelAdapter$MethodInvocationCache$MethodInvocationKey: loaded 3 times (x 71B)
Class org.gradle.tooling.internal.adapter.ProtocolToModelAdapter$InvocationHandlerImpl: loaded 3 times (x 75B)
Class org.gradle.tooling.model.build.GradleEnvironment                                : loaded 3 times (x 68B)
Class com.android.builder.model.v2.models.VariantDependenciesAdjacencyList            : loaded 3 times (x 68B)
Class com.android.utils.StringHelper                                                  : loaded 3 times (x 69B)
Class kotlin.io.NoSuchFileException                                                   : loaded 3 times (x 80B)
Class kotlin.collections.CollectionsKt                                                : loaded 3 times (x 69B)
Class kotlin.ranges.IntProgressionIterator                                            : loaded 3 times (x 80B)
Class com.android.builder.model.v2.dsl.BuildType                                      : loaded 3 times (x 68B)
Class kotlin.coroutines.intrinsics.IntrinsicsKt__IntrinsicsKt                         : loaded 3 times (x 69B)
Class kotlin.text.RegexKt                                                             : loaded 3 times (x 69B)
Class kotlin.collections.MapsKt__MapsKt                                               : loaded 3 times (x 69B)
Class com.google.common.collect.ImmutableSortedAsList                                 : loaded 3 times (x 219B)
Class com.android.builder.model.v2.ide.Installation                                   : loaded 3 times (x 68B)
Class kotlin.coroutines.CoroutineContext                                              : loaded 3 times (x 68B)
Class kotlin.coroutines.jvm.internal.DebugProbesKt                                    : loaded 3 times (x 69B)
Class kotlin.collections.CollectionsKt__ReversedViewsKt                               : loaded 3 times (x 69B)
Class kotlin.sequences.SequencesKt__SequenceBuilderKt                                 : loaded 3 times (x 69B)
Class kotlin.jvm.internal.CollectionToArray                                           : loaded 3 times (x 69B)
Class kotlin.io.FilesKt__FileTreeWalkKt                                               : loaded 3 times (x 69B)
Class kotlin.sequences.FilteringSequence$iterator$1                                   : loaded 3 times (x 77B)
Class org.gradle.tooling.internal.adapter.WeakIdentityHashMap                         : loaded 3 times (x 74B)
Class org.gradle.tooling.GradleConnectionException                                    : loaded 3 times (x 81B)
Class org.gradle.tooling.internal.adapter.ObjectGraphAdapter                          : loaded 3 times (x 68B)
Class com.android.ide.common.repository.AgpVersion$PreviewKind$Companion              : loaded 3 times (x 69B)
Class org.gradle.tooling.internal.adapter.ProtocolToModelAdapter$1                    : loaded 3 times (x 73B)
Class com.android.builder.model.v2.ide.PrivacySandboxSdkInfo                          : loaded 3 times (x 68B)
Class com.android.builder.model.v2.ide.Variant                                        : loaded 3 times (x 68B)
Class org.gradle.tooling.internal.adapter.ProtocolToModelAdapter$ViewDecoration       : loaded 3 times (x 68B)
Class com.google.common.collect.ForwardingCollection                                  : loaded 3 times (x 128B)
Class com.google.common.collect.LexicographicalOrdering                               : loaded 3 times (x 113B)
Class org.gradle.tooling.internal.adapter.MethodInvoker                               : loaded 3 times (x 68B)
Class kotlin.NotImplementedError                                                      : loaded 3 times (x 80B)
Class org.gradle.tooling.model.Model                                                  : loaded 3 times (x 68B)
Class com.android.ide.gradle.model.dependencies.DeclaredDependencies                  : loaded 3 times (x 68B)
Class kotlin.sequences.FlatteningSequence                                             : loaded 3 times (x 73B)
Class com.android.builder.model.v2.models.ndk.NativeModule                            : loaded 3 times (x 68B)
Class kotlin.text.MatcherMatchResult                                                  : loaded 3 times (x 78B)
Class com.android.builder.model.v2.ide.SyncIssue                                      : loaded 3 times (x 68B)
Class kotlin.text.MatchGroupCollection                                                : loaded 3 times (x 68B)
Class com.android.builder.model.v2.ide.ViewBindingOptions                             : loaded 3 times (x 68B)
Class kotlin.text.StringsKt__StringsKt                                                : loaded 3 times (x 69B)
Class com.android.ide.common.gradle.Part                                              : loaded 3 times (x 75B)
Class com.google.common.collect.Lists$RandomAccessReverseList                         : loaded 3 times (x 198B)
Class kotlin.text.MatchResult$Destructured                                            : loaded 3 times (x 70B)
Class kotlin.ranges.IntProgression                                                    : loaded 3 times (x 79B)
Class com.android.ide.gradle.model.composites.BuildMap                                : loaded 3 times (x 68B)
Class kotlin.Metadata                                                                 : loaded 3 times (x 68B)
Class kotlin.UninitializedPropertyAccessException                                     : loaded 3 times (x 80B)
Class com.android.ide.gradle.model.LegacyAndroidGradlePluginProperties                : loaded 3 times (x 68B)
Class org.gradle.tooling.internal.adapter.ProtocolToModelAdapter$MethodInvocationCache: loaded 3 times (x 71B)
Class com.android.builder.model.v2.models.Versions                                    : loaded 3 times (x 68B)
Class com.android.builder.model.v2.ide.ArtifactDependenciesAdjacencyList              : loaded 3 times (x 68B)
Class com.android.builder.model.v2.ide.Library                                        : loaded 3 times (x 68B)
Class org.gradle.tooling.model.gradle.GradleScript                                    : loaded 3 times (x 68B)
Class org.jetbrains.plugins.gradle.tooling.MessageReporter                            : loaded 2 times (x 68B)
Class org.jetbrains.kotlin.idea.gradleTooling.model.annotation.AnnotationBasedPluginModel: loaded 2 times (x 68B)
Class com.intellij.gradle.toolingExtension.impl.model.dependencyDownloadPolicyModel.GradleDependencyDownloadPolicyCache: loaded 2 times (x 73B)
Class com.intellij.compose.ide.plugin.gradleTooling.rt.ComposeResourcesModelBuilder   : loaded 2 times (x 76B)
Class org.jetbrains.kotlin.idea.gradleTooling.model.assignment.AssignmentModelBuilderService: loaded 2 times (x 83B)
Class org.gradle.internal.impldep.com.google.common.collect.Multimap                  : loaded 2 times (x 68B)
Class org.gradle.internal.impldep.com.google.gson.internal.$Gson$Types                : loaded 2 times (x 69B)
Class com.android.tools.idea.gradle.model.IdeJavaArtifactCore                         : loaded 2 times (x 68B)
Class com.android.tools.idea.gradle.project.sync.DefaultVariantsKt                    : loaded 2 times (x 69B)
Class [Lcom.google.common.collect.SortedLists$KeyAbsentBehavior;                      : loaded 2 times (x 67B)
Class org.gradle.internal.impldep.com.google.gson.internal.bind.TypeAdapters$EnumTypeAdapter$1: loaded 2 times (x 75B)
Class [Lcom.android.tools.idea.gradle.project.sync.MeasurementCheckpoint;             : loaded 2 times (x 67B)
Class org.jetbrains.plugins.gradle.tooling.serialization.internal.adapter.InternalBuildEnvironment: loaded 2 times (x 78B)
Class io.opentelemetry.context.ContextExecutorService                                 : loaded 2 times (x 102B)
Class io.opentelemetry.context.Context                                                : loaded 2 times (x 68B)
Class com.google.common.cache.LocalCache$ComputingValueReference                      : loaded 2 times (x 94B)
Class [Lcom.android.tools.idea.gradle.project.sync.SyncTestMode;                      : loaded 2 times (x 67B)
Class com.intellij.gradle.toolingExtension.impl.modelSerialization.ToolingSerializerConverter: loaded 2 times (x 71B)
Class com.google.common.cache.LocalCache$Segment                                      : loaded 2 times (x 152B)
Class org.gradle.internal.impldep.com.google.gson.internal.bind.ReflectiveTypeAdapterFactory$BoundField: loaded 2 times (x 73B)
Class com.intellij.gradle.toolingExtension.modelAction.GradleModelFetchPhase          : loaded 2 times (x 77B)
Class com.android.tools.idea.gradle.project.sync.AndroidExtraModelProviderWorker      : loaded 2 times (x 70B)
Class org.jetbrains.plugins.gradle.tooling.builder.VersionCatalogsModelBuilder        : loaded 2 times (x 84B)
Class com.intellij.openapi.externalSystem.model.project.dependencies.AbstractDependencyNode: loaded 2 times (x 85B)
Class com.intellij.gradle.toolingExtension.impl.model.utilDummyModel.DummyModelBuilder: loaded 2 times (x 84B)
Class com.android.tools.idea.gradle.project.sync.StandaloneDeliverableModel           : loaded 2 times (x 73B)
Class com.android.tools.idea.gradle.model.impl.IdeSyncIssueImpl                       : loaded 2 times (x 77B)
Class com.android.tools.idea.gradle.project.sync.NativeVariantAbiResult               : loaded 2 times (x 69B)
Class com.android.tools.idea.gradle.model.IdeUnresolvedJavaLibrary                    : loaded 2 times (x 68B)
Class com.android.tools.idea.gradle.model.impl.IdeMultiVariantDataImpl                : loaded 2 times (x 75B)
Class com.android.ide.common.repository.AgpVersion$PreviewKind$WhenMappings           : loaded 2 times (x 69B)
Class com.android.tools.idea.gradle.project.sync.AndroidProjectResult$Companion$RuntimeClasspathBehaviour: loaded 2 times (x 69B)
Class com.android.tools.idea.gradle.model.impl.IdeTestOptionsImpl                     : loaded 2 times (x 75B)
Class com.android.tools.idea.gradle.model.impl.IdeAndroidLibraryImpl$Companion        : loaded 2 times (x 69B)
Class com.android.builder.model.NativeVariantAbi                                      : loaded 2 times (x 68B)
Class org.gradle.internal.impldep.com.google.gson.internal.ReflectionAccessFilterHelper: loaded 2 times (x 69B)
Class com.google.common.collect.AbstractListMultimap                                  : loaded 2 times (x 170B)
Class [Lorg.objectweb.asm.SymbolTable$Entry;                                          : loaded 2 times (x 67B)
Class com.google.common.cache.CacheLoader                                             : loaded 2 times (x 72B)
Class org.gradle.internal.installation.GradleInstallation$1                           : loaded 2 times (x 73B)
Class org.gradle.api.internal.classpath.ModuleRegistry                                : loaded 2 times (x 68B)
Class com.google.common.base.Suppliers$SupplierOfInstance                             : loaded 2 times (x 77B)
Class org.objectweb.asm.Edge                                                          : loaded 2 times (x 70B)
Class io.opentelemetry.context.ThreadLocalContextStorage                              : loaded 2 times (x 83B)
Class org.gradle.internal.impldep.com.google.gson.annotations.SerializedName          : loaded 2 times (x 68B)
Class org.gradle.internal.impldep.com.google.gson.Gson$FutureTypeAdapter              : loaded 2 times (x 74B)
Class org.jetbrains.plugins.gradle.tooling.MessageBuilder                             : loaded 2 times (x 68B)
Class org.gradle.tooling.model.eclipse.EclipseClasspathEntry                          : loaded 2 times (x 68B)
Class org.gradle.internal.impldep.com.google.common.base.Optional                     : loaded 2 times (x 78B)
Class com.android.tools.idea.gradle.project.sync.ActionToRun                          : loaded 2 times (x 70B)
Class com.android.tools.idea.gradle.project.sync.AdditionalClassifierArtifactsModelCollectorKt: loaded 2 times (x 69B)
Class com.android.tools.idea.gradle.model.IdeProductFlavor                            : loaded 2 times (x 68B)
Class com.android.tools.idea.gradle.model.impl.IdeAndroidGradlePluginProjectFlagsImpl : loaded 2 times (x 82B)
Class [Lcom.intellij.openapi.diagnostic.LogLevel;                                     : loaded 2 times (x 67B)
Class org.gradle.internal.impldep.com.google.common.collect.UnmodifiableListIterator  : loaded 2 times (x 93B)
Class com.android.tools.idea.gradle.project.sync.AndroidExtraModelProviderKt          : loaded 2 times (x 69B)
Class org.gradle.tooling.internal.adapter.ProtocolToModelAdapter$MixInBeanMappingAction: loaded 2 times (x 79B)
Class org.jetbrains.kotlin.idea.gradleTooling.model.noarg.NoArgModelBuilderService    : loaded 2 times (x 83B)
Class com.google.common.base.Splitter$SplittingIterator                               : loaded 2 times (x 82B)
Class com.google.common.util.concurrent.internal.InternalFutureFailureAccess          : loaded 2 times (x 70B)
Class com.google.common.collect.ImmutableSet$JdkBackedSetBuilderImpl                  : loaded 2 times (x 74B)
Class ijJvmDebugger1_1u0w1a1rh5o515wpih2583zw6$_run_closure1$_closure2                : loaded 2 times (x 138B)
Class org.jetbrains.kotlin.idea.gradleTooling.reflect.KotlinLanguageSettingsReflection: loaded 2 times (x 68B)
Class org.jetbrains.plugins.gradle.DefaultExternalDependencyId                        : loaded 2 times (x 78B)
Class com.google.gson.internal.JsonReaderInternalAccess                               : loaded 2 times (x 70B)
Class org.gradle.internal.impldep.com.google.gson.internal.reflect.ReflectionHelper$RecordSupportedHelper: loaded 2 times (x 76B)
Class com.google.common.util.concurrent.AbstractFuture$AtomicHelper                   : loaded 2 times (x 76B)
Class org.objectweb.asm.SymbolTable$Entry                                             : loaded 2 times (x 72B)
Class ijInit8_dmhfabquk2smjmaydt33fjlww                                               : loaded 2 times (x 177B)
Class com.intellij.platform.diagnostic.telemetry.rt.context.TelemetryContext          : loaded 2 times (x 132B)
Class com.android.tools.idea.gradle.project.sync.FetchedVariantResult                 : loaded 2 times (x 69B)
Class [Lio.opentelemetry.context.ContextStorage;                                      : loaded 2 times (x 67B)
Class com.android.tools.idea.gradle.project.sync.LibraryIdentity$LibraryIdentityProvider$Companion: loaded 2 times (x 69B)
Class [Lio.opentelemetry.api.trace.TraceFlags;                                        : loaded 2 times (x 67B)
Class com.android.builder.model.v2.ide.TestSuiteVariantTarget                         : loaded 2 times (x 68B)
Class com.android.tools.idea.gradle.model.IdeTestOptions$Execution                    : loaded 2 times (x 77B)
Class org.jetbrains.plugins.gradle.tooling.serialization.internal.adapter.Suppliers   : loaded 2 times (x 69B)
Class com.google.common.collect.ImmutableMultimap$Values                              : loaded 2 times (x 124B)
Class com.google.common.util.concurrent.AbstractFuture$UnsafeAtomicHelper             : loaded 2 times (x 76B)
Class com.google.common.cache.LocalCache$LocalManualCache$1                           : loaded 2 times (x 73B)
Class com.android.builder.model.v2.ide.UnresolvedDependency                           : loaded 2 times (x 68B)
Class org.jetbrains.plugins.gradle.tooling.serialization.internal.adapter.kotlin.dsl.InternalKotlinDslScriptModel: loaded 2 times (x 82B)
Class org.gradle.internal.impldep.com.google.gson.GsonBuilder                         : loaded 2 times (x 70B)
Class org.gradle.internal.impldep.com.google.gson.internal.bind.TypeAdapters$34$1     : loaded 2 times (x 72B)
Class com.google.common.base.JdkPattern                                               : loaded 2 times (x 73B)
Class com.google.common.io.Files$FileByteSource                                       : loaded 2 times (x 83B)
Class com.android.tools.idea.gradle.project.sync.NativeVariantAbiResult$V1            : loaded 2 times (x 70B)
Class com.android.tools.idea.gradle.project.sync.SwitchVariantRequest                 : loaded 2 times (x 70B)
Class com.android.tools.idea.gradle.model.impl.ThrowingIdeDependencies                : loaded 2 times (x 75B)
Class com.android.tools.idea.gradle.model.impl.IdeBuildTypeContainerImpl              : loaded 2 times (x 77B)
Class org.gradle.tooling.internal.consumer.connection.StreamingAwareBuildControllerAdapter: loaded 2 times (x 99B)
Class com.android.tools.idea.projectsystem.gradle.sync.PerformanceMeasurementUtilKt   : loaded 2 times (x 69B)
Class com.google.common.collect.SortedLists$KeyPresentBehavior                        : loaded 2 times (x 78B)
Class com.android.tools.idea.gradle.project.sync.AgpVersionTooNew                     : loaded 2 times (x 80B)
Class com.android.tools.idea.gradle.model.impl.IdeDependenciesCoreDirect              : loaded 2 times (x 76B)
Class org.jetbrains.plugins.gradle.tooling.serialization.internal.adapter.InternalJavaEnvironment: loaded 2 times (x 74B)
Class org.gradle.tooling.internal.consumer.converters.BasicGradleProjectIdentifierMixin: loaded 2 times (x 71B)
Class org.gradle.tooling.model.idea.BasicIdeaProject                                  : loaded 2 times (x 68B)
Class org.gradle.tooling.internal.consumer.versioning.ModelMapping                    : loaded 2 times (x 71B)
Class org.gradle.api.internal.classpath.DefaultModuleRegistry                         : loaded 2 times (x 84B)
Class ijKotlinCoroutineJvmDebugInit1_29t5pof51w8m2ewngr6waol9e$_run_closure1          : loaded 2 times (x 137B)
Class org.jetbrains.plugins.gradle.model.DefaultExternalLibraryDependency             : loaded 2 times (x 109B)
Class com.intellij.gradle.toolingExtension.impl.model.sourceSetArtifactIndex.GradleSourceSetArtifactIndexBuilder: loaded 2 times (x 84B)
Class org.jetbrains.kotlin.idea.gradleTooling.model.kapt.KaptModelBuilderService      : loaded 2 times (x 84B)
Class com.intellij.openapi.externalSystem.model.project.ExternalSystemSourceType      : loaded 2 times (x 83B)
Class org.jetbrains.plugins.gradle.tooling.util.GradleVersionComparator               : loaded 2 times (x 73B)
Class com.android.tools.idea.gradle.project.sync.NativeVariantAbiResult$V2            : loaded 2 times (x 70B)
Class com.android.tools.idea.gradle.model.IdeExtraSourceProvider                      : loaded 2 times (x 68B)
Class com.android.tools.idea.gradle.project.sync.AndroidProjectResult                 : loaded 2 times (x 74B)
Class com.intellij.gradle.toolingExtension.impl.javaModel.manifestModel.DefaultJavaGradleManifestModel: loaded 2 times (x 74B)
Class org.jetbrains.kotlin.idea.gradleTooling.reflect.KotlinSourceSetReflection       : loaded 2 times (x 68B)
Class com.android.tools.idea.gradle.project.sync.BuildId                              : loaded 2 times (x 70B)
Class org.gradle.internal.classpath.ClassPath                                         : loaded 2 times (x 68B)
Class Settings_gradle$1                                                               : loaded 2 times (x 72B)
Class com.google.common.util.concurrent.ListenableFuture                              : loaded 2 times (x 68B)
Class com.google.common.cache.ReferenceEntry                                          : loaded 2 times (x 68B)
Class com.google.common.base.Converter                                                : loaded 2 times (x 88B)
Class com.google.common.cache.CacheBuilder                                            : loaded 2 times (x 70B)
Class com.google.common.io.ByteSink                                                   : loaded 2 times (x 74B)
Class org.gradle.internal.impldep.com.google.gson.internal.bind.MapTypeAdapterFactory : loaded 2 times (x 73B)
Class org.gradle.internal.impldep.com.google.gson.JsonArray                           : loaded 2 times (x 98B)
Class org.gradle.internal.impldep.com.google.gson.internal.bind.JsonTreeWriter        : loaded 2 times (x 96B)
Class org.gradle.internal.impldep.com.google.gson.TypeAdapter                         : loaded 2 times (x 71B)
Class io.opentelemetry.api.trace.ImmutableTraceFlags                                  : loaded 2 times (x 75B)
Class org.jetbrains.kotlin.idea.gradleTooling.model.annotation.AnnotationBasedPluginModelBuilderService: loaded 2 times (x 83B)
Class com.intellij.gradle.toolingExtension.impl.model.taskModel.GradleTaskModelBuilder: loaded 2 times (x 84B)
Class com.android.tools.idea.gradle.project.sync.GradleProject                        : loaded 2 times (x 73B)
Class com.intellij.openapi.util.io.FileTooBigException                                : loaded 2 times (x 80B)
Class com.android.tools.idea.gradle.model.IdeUnresolvedAndroidLibrary                 : loaded 2 times (x 68B)
Class com.android.tools.idea.gradle.project.sync.ModelResult                          : loaded 2 times (x 70B)
Class org.gradle.tooling.internal.consumer.versioning.ModelMapping$DefaultModelIdentifier: loaded 2 times (x 74B)
Class com.intellij.openapi.util.io.FileUtilRt$RepeatableIOOperation                   : loaded 2 times (x 68B)
Class com.google.common.collect.SortedLists$KeyAbsentBehavior                         : loaded 2 times (x 78B)
Class com.android.tools.idea.gradle.project.sync.BasicIncompleteGradleModule          : loaded 2 times (x 71B)
Class com.android.tools.idea.gradle.project.sync.ModelCacheV1ImplKt                   : loaded 2 times (x 69B)
Class com.android.tools.idea.gradle.project.sync.ModelFetchersKt                      : loaded 2 times (x 69B)
Class org.gradle.tooling.internal.consumer.converters.BackwardsCompatibleIdeaModuleDependency: loaded 2 times (x 68B)
Class com.google.common.collect.AbstractMapBasedMultimap                              : loaded 2 times (x 137B)
Class com.google.common.util.concurrent.AbstractFuture                                : loaded 2 times (x 104B)
Class com.google.common.base.FunctionalEquivalence                                    : loaded 2 times (x 81B)
Class com.android.tools.idea.gradle.model.ndk.v2.IdeNativeModule                      : loaded 2 times (x 68B)
Class org.jetbrains.plugins.gradle.tooling.ModelBuilderService                        : loaded 2 times (x 68B)
Class org.jetbrains.kotlin.idea.gradleTooling.PrepareKotlinIdeaImportTaskModelBuilder$Companion: loaded 2 times (x 69B)
Class com.google.common.base.ExtraObjectsMethodsForWeb                                : loaded 2 times (x 69B)
Class com.intellij.gradle.toolingExtension.impl.model.warmUp.GradleTaskWarmUpModelProvider: loaded 2 times (x 75B)
Class org.gradle.tooling.model.cpp.CppComponent                                       : loaded 2 times (x 68B)
Class com.android.ide.common.gradle.Module                                            : loaded 2 times (x 70B)
Class com.android.tools.idea.gradle.project.sync.AndroidSyncException                 : loaded 2 times (x 80B)
Class org.gradle.tooling.model.Launchable                                             : loaded 2 times (x 68B)
Class [Lio.opentelemetry.context.Scope;                                               : loaded 2 times (x 67B)
Class com.android.tools.idea.gradle.model.impl.IdeBasicVariantImpl                    : loaded 2 times (x 77B)
Class org.gradle.tooling.model.GradleProject                                          : loaded 2 times (x 68B)
Class com.google.common.collect.ImmutableMultiset                                     : loaded 2 times (x 161B)
Class org.objectweb.asm.RecordComponentVisitor                                        : loaded 2 times (x 75B)
Class com.google.common.cache.CacheLoader$SupplierToCacheLoader                       : loaded 2 times (x 73B)
Class org.jetbrains.plugins.gradle.model.DefaultGradleProperty                        : loaded 2 times (x 76B)
Class org.jetbrains.kotlin.idea.gradleTooling.GetAdditionalVisibleSourceSetsKt        : loaded 2 times (x 69B)
Class org.gradle.internal.impldep.com.google.gson.internal.bind.DateTypeAdapter       : loaded 2 times (x 72B)
Class [Lorg.gradle.internal.impldep.com.google.gson.ToNumberStrategy;                 : loaded 2 times (x 67B)
Class org.gradle.internal.impldep.com.google.gson.Gson                                : loaded 2 times (x 70B)
Class org.jetbrains.plugins.gradle.tooling.builder.MavenRepositoriesModelBuilder      : loaded 2 times (x 79B)
Class org.jetbrains.plugins.gradle.tooling.builder.EarModelBuilderImplKt              : loaded 2 times (x 69B)
Class com.intellij.gradle.toolingExtension.impl.model.dependencyModel.auxiliary.AuxiliaryArtifactResolver: loaded 2 times (x 68B)
Class com.android.tools.idea.gradle.project.sync.VariantDetailsKt                     : loaded 2 times (x 69B)
Class com.android.tools.idea.gradle.model.impl.IdeJavaLibraryImpl                     : loaded 2 times (x 90B)
Class org.gradle.internal.classpath.DefaultClassPath$ImmutableUniqueList              : loaded 2 times (x 197B)
Class org.gradle.api.internal.ClassPathRegistry                                       : loaded 2 times (x 68B)
Class com.google.common.primitives.IntsMethodsForWeb                                  : loaded 2 times (x 69B)
Class com.android.tools.idea.gradle.project.sync.ModelCacheV2ImplKt$modelCacheV2Impl$1: loaded 2 times (x 78B)
Class [Lcom.android.tools.idea.gradle.project.upgrade.AndroidGradlePluginCompatibility;: loaded 2 times (x 67B)
Class com.google.common.collect.ImmutableMultimap$Keys                                : loaded 2 times (x 164B)
Class org.gradle.tooling.internal.consumer.connection.UnparameterizedBuildController  : loaded 2 times (x 99B)
Class com.android.tools.idea.gradle.model.impl.IdeCompositeBuildMapImpl               : loaded 2 times (x 74B)
Class io.opentelemetry.api.internal.AutoValue_ImmutableSpanContext                    : loaded 2 times (x 90B)
Class org.gradle.tooling.internal.adapter.ProtocolToModelAdapter$MixInTypeMappingAction: loaded 2 times (x 79B)
Class com.intellij.gradle.toolingExtension.impl.modelSerialization.SerializationServiceNotFoundException: loaded 2 times (x 80B)
Class com.intellij.gradle.toolingExtension.impl.telemetry.GradleOpenTelemetry         : loaded 2 times (x 70B)
Class com.google.common.collect.Maps$EntryTransformer                                 : loaded 2 times (x 68B)
Class org.gradle.internal.service.ServiceLookupException                              : loaded 2 times (x 80B)
Class org.gradle.internal.impldep.com.google.common.base.ExtraObjectsMethodsForWeb    : loaded 2 times (x 69B)
Class [Lorg.jetbrains.kotlin.tooling.core.KotlinToolingVersion$Maturity;              : loaded 2 times (x 67B)
Class com.android.tools.idea.projectsystem.gradle.sync.Counter                        : loaded 2 times (x 70B)
Class org.gradle.internal.impldep.com.google.gson.internal.bind.NumberTypeAdapter     : loaded 2 times (x 72B)
Class org.gradle.internal.impldep.com.google.gson.internal.LazilyParsedNumber         : loaded 2 times (x 76B)
Class com.android.builder.model.ProjectSyncIssues                                     : loaded 2 times (x 68B)
Class com.android.tools.idea.gradle.project.sync.ArtifactDependenciesCompat$AdjacencyList: loaded 2 times (x 70B)
Class org.jetbrains.plugins.gradle.tooling.builder.ProjectExtensionsDataBuilderImpl$Companion: loaded 2 times (x 69B)
Class com.android.builder.model.v2.models.TestSuiteSourceDependenciesAdjacencyList    : loaded 2 times (x 68B)
Class com.android.tools.idea.gradle.project.sync.ModelCacheV2ImplKt$modelCacheV2Impl$createFromDependencies$1$LibrariesByType: loaded 2 times (x 70B)
Class com.android.tools.idea.gradle.model.impl.IdeProjectPathImpl                     : loaded 2 times (x 75B)
Class org.jetbrains.plugins.gradle.tooling.serialization.internal.IdeaProjectSerializationService$JavaHomePathGetter: loaded 2 times (x 73B)
Class com.android.tools.idea.gradle.project.sync.GradleModule                         : loaded 2 times (x 72B)
Class com.intellij.gradle.toolingExtension.impl.model.dependencyDownloadPolicyModel.GradleDependencyDownloadPolicyBuilder: loaded 2 times (x 84B)
Class com.android.tools.idea.gradle.project.sync.BasicNonAndroidIncompleteGradleModule: loaded 2 times (x 71B)
Class io.opentelemetry.context.ContextStorage                                         : loaded 2 times (x 68B)
Class com.intellij.gradle.toolingExtension.impl.model.projectModel.GradleExternalProjectModelProvider: loaded 2 times (x 77B)
Class com.google.common.base.CharMatcher$JavaLetter                                   : loaded 2 times (x 109B)
Class [Lcom.google.common.cache.LocalCache$EntryFactory;                              : loaded 2 times (x 67B)
Class org.gradle.internal.classloader.ClassLoaderFactory                              : loaded 2 times (x 68B)
Class [Lorg.gradle.internal.impldep.com.google.gson.FieldNamingPolicy;                : loaded 2 times (x 67B)
Class org.gradle.api.internal.DefaultClassPathRegistry                                : loaded 2 times (x 74B)
Class com.google.common.cache.RemovalListener                                         : loaded 2 times (x 68B)
Class com.google.common.base.Throwables                                               : loaded 2 times (x 69B)
Class org.gradle.internal.impldep.com.google.gson.internal.bind.ArrayTypeAdapter$1    : loaded 2 times (x 73B)
Class com.google.common.collect.AbstractMapBasedMultimap$WrappedCollection$WrappedIterator: loaded 2 times (x 82B)
Class com.android.tools.idea.gradle.project.sync.SyncActionRunnerKt                   : loaded 2 times (x 69B)
Class com.android.builder.model.Variant                                               : loaded 2 times (x 68B)
Class com.android.tools.idea.gradle.project.sync.ModelCacheKt                         : loaded 2 times (x 69B)
Class com.android.tools.idea.gradle.model.IdeJavaLibrary                              : loaded 2 times (x 68B)
Class com.android.tools.idea.gradle.model.ClasspathType                               : loaded 2 times (x 77B)
Class org.gradle.internal.impldep.com.google.gson.internal.sql.SqlTimeTypeAdapter     : loaded 2 times (x 72B)
Class com.android.tools.idea.gradle.project.sync.AndroidVariantResolver               : loaded 2 times (x 68B)
Class org.gradle.internal.impldep.com.google.gson.internal.bind.ObjectTypeAdapter$1   : loaded 2 times (x 74B)
Class org.gradle.tooling.internal.consumer.converters.EclipseProjectHasAutoBuildMixin : loaded 2 times (x 70B)
Class org.gradle.tooling.UnknownModelException                                        : loaded 2 times (x 81B)
Class com.google.common.base.CommonPattern                                            : loaded 2 times (x 72B)
Class com.google.common.cache.LocalCache$LocalManualCache                             : loaded 2 times (x 97B)
Class org.gradle.internal.service.CachingServiceLocator                               : loaded 2 times (x 80B)
Class org.jetbrains.kotlin.tooling.core.KotlinToolingVersionKt                        : loaded 2 times (x 69B)
Class org.gradle.internal.impldep.com.google.gson.internal.bind.JsonAdapterAnnotationTypeAdapterFactory: loaded 2 times (x 73B)
Class org.jetbrains.kotlin.tooling.core.InternerImpl$Store                            : loaded 2 times (x 68B)
Class com.google.common.util.concurrent.AbstractFuture$Cancellation                   : loaded 2 times (x 70B)
Class com.google.common.io.Files$2                                                    : loaded 2 times (x 74B)
Class com.android.tools.idea.gradle.project.sync.DependencyGraphCompat$AdjacencyList  : loaded 2 times (x 70B)
Class com.android.tools.idea.gradle.model.IdeProjectPath                              : loaded 2 times (x 68B)
Class com.google.common.base.NullnessCasts                                            : loaded 2 times (x 69B)
Class org.gradle.tooling.internal.adapter.ProtocolToModelAdapter$BeanMixInMethodInvoker: loaded 2 times (x 74B)
Class com.intellij.gradle.toolingExtension.impl.modelAction.GradleModelId             : loaded 2 times (x 70B)
Class com.android.builder.model.v2.ide.JUnitEngineInfo                                : loaded 2 times (x 68B)
Class org.gradle.tooling.model.idea.IdeaModule                                        : loaded 2 times (x 68B)
Class com.google.common.collect.Streams                                               : loaded 2 times (x 69B)
Class com.google.common.collect.AbstractMapBasedMultimap$KeySet                       : loaded 2 times (x 135B)
Class com.google.common.math.IntMath                                                  : loaded 2 times (x 69B)
Class ijJvmDebugger1_1u0w1a1rh5o515wpih2583zw6                                        : loaded 2 times (x 177B)
Class com.intellij.gradle.toolingExtension.impl.model.buildScriptClasspathModel.GradleBuildScriptClasspathSerializationService$1: loaded 2 times (x 74B)
Class com.android.tools.idea.gradle.project.sync.AndroidModule$V2                     : loaded 2 times (x 72B)
Class org.gradle.internal.impldep.com.google.gson.internal.bind.SerializationDelegatingTypeAdapter: loaded 2 times (x 72B)
Class com.google.gson.stream.JsonReader$1                                             : loaded 2 times (x 70B)
Class com.google.common.cache.Cache                                                   : loaded 2 times (x 68B)
Class com.intellij.gradle.toolingExtension.impl.modelBuilder.DefaultMessageReporter   : loaded 2 times (x 73B)
Class org.gradle.internal.impldep.com.google.common.collect.UnmodifiableIterator      : loaded 2 times (x 78B)
Class com.google.common.cache.LocalCache$Strength                                     : loaded 2 times (x 79B)
Class com.google.common.base.Stopwatch                                                : loaded 2 times (x 70B)
Class io.opentelemetry.api.trace.TraceStateBuilder                                    : loaded 2 times (x 68B)
Class org.jetbrains.plugins.gradle.model.GradleLightBuild                             : loaded 2 times (x 68B)
Class org.jetbrains.plugins.gradle.model.DefaultGradleLightProject                    : loaded 2 times (x 80B)
Class com.android.tools.idea.gradle.project.sync.AndroidModule$V1                     : loaded 2 times (x 72B)
Class org.objectweb.asm.commons.InstructionAdapter                                    : loaded 2 times (x 186B)
Class com.intellij.openapi.util.SystemInfoRt                                          : loaded 2 times (x 69B)
Class com.intellij.openapi.diagnostic.Logger                                          : loaded 2 times (x 97B)
Class org.gradle.internal.impldep.com.google.gson.internal.sql.SqlTimeTypeAdapter$1   : loaded 2 times (x 73B)
Class com.android.tools.idea.gradle.project.sync.DeliverableAndroidModule             : loaded 2 times (x 74B)
Class org.jetbrains.plugins.gradle.tooling.ModelBuilderService$ParameterizedModelBuilderService: loaded 2 times (x 68B)
Class org.jetbrains.plugins.gradle.tooling.builder.EarModelBuilderImpl                : loaded 2 times (x 84B)
Class org.gradle.internal.impldep.com.google.common.collect.PeekingIterator           : loaded 2 times (x 68B)
Class com.android.tools.idea.gradle.project.sync.IdeSyncExecutionReport               : loaded 2 times (x 69B)
Class com.android.tools.idea.gradle.project.sync.FetchedVariantResult$Finished        : loaded 2 times (x 70B)
Class com.android.tools.idea.gradle.project.sync.ModelCacheV2ImplKt$WhenMappings      : loaded 2 times (x 69B)
Class org.jetbrains.plugins.gradle.tooling.builder.IntelliJSettingsBuilder            : loaded 2 times (x 76B)
Class org.gradle.api.internal.classpath.UnknownModuleException                        : loaded 2 times (x 80B)
Class com.google.common.cache.Weigher                                                 : loaded 2 times (x 68B)
Class org.gradle.tooling.model.idea.IdeaSourceDirectory                               : loaded 2 times (x 68B)
Class com.android.tools.idea.gradle.project.sync.AndroidExtraModelProvider            : loaded 2 times (x 77B)
Class org.gradle.tooling.internal.consumer.versioning.VersionDetails$R48VersionDetails: loaded 2 times (x 78B)
Class com.google.common.base.Equivalence                                              : loaded 2 times (x 80B)
Class org.jetbrains.kotlin.idea.gradleTooling.reflect.TypeToken                       : loaded 2 times (x 70B)
Class com.android.tools.idea.gradle.project.sync.BuildModelsAndMap                    : loaded 2 times (x 70B)
Class com.android.builder.model.v2.models.BasicTestSuite                              : loaded 2 times (x 68B)
Class org.jetbrains.kotlin.idea.gradleTooling.KotlinDslScriptTaskModelBuilder$Companion: loaded 2 times (x 69B)
Class com.intellij.gradle.toolingExtension.impl.javaModel.manifestModel.JavaGradleManifestModelBuilder: loaded 2 times (x 84B)
Class com.android.tools.idea.gradle.model.CodeShrinker                                : loaded 2 times (x 77B)
Class com.android.tools.idea.gradle.project.sync.SyncVariantResultSuccess             : loaded 2 times (x 70B)
Class com.android.tools.idea.gradle.project.sync.FetchedVariant                       : loaded 2 times (x 70B)
Class com.android.tools.idea.gradle.model.impl.IdeSigningConfigImpl                   : loaded 2 times (x 76B)
Class [Lcom.android.tools.idea.gradle.model.IdeAaptOptions$Namespacing;               : loaded 2 times (x 67B)
Class com.android.builder.model.v2.models.SourceType                                  : loaded 2 times (x 77B)
Class com.android.tools.idea.gradle.project.sync.SyncProjectActionWorker              : loaded 2 times (x 70B)
Class com.android.tools.idea.gradle.model.impl.IdeDependencyCoreImpl                  : loaded 2 times (x 74B)
Class org.jetbrains.plugins.gradle.model.ExternalFilter                               : loaded 2 times (x 68B)
Class com.intellij.openapi.util.Comparing                                             : loaded 2 times (x 69B)
Class com.intellij.openapi.externalSystem.model.project.dependencies.ArtifactDependencyNodeImpl: loaded 2 times (x 93B)
Class com.android.tools.idea.gradle.project.sync.SingleVariantSyncActionOptions       : loaded 2 times (x 71B)
Class com.google.common.collect.IndexedImmutableSet$1                                 : loaded 2 times (x 211B)
Class com.google.common.cache.CacheBuilder$OneWeigher                                 : loaded 2 times (x 80B)
Class com.intellij.gradle.toolingExtension.impl.util.GradleObjectUtil                 : loaded 2 times (x 69B)
Class org.gradle.internal.impldep.com.google.gson.reflect.TypeToken                   : loaded 2 times (x 73B)
Class org.jetbrains.kotlin.idea.gradleTooling.KotlinGradleModelImpl                   : loaded 2 times (x 82B)
Class org.jetbrains.kotlin.idea.gradleTooling.AndroidAwareGradleModelProvider$Result  : loaded 2 times (x 70B)
Class org.jetbrains.kotlin.idea.gradleTooling.reflect.ReflectionKt                    : loaded 2 times (x 69B)
Class com.android.tools.idea.gradle.model.IdeDependencyCore                           : loaded 2 times (x 68B)
Class com.android.builder.model.v2.models.BaseTestSuiteSourceIdentity                 : loaded 2 times (x 68B)
Class com.android.tools.idea.gradle.project.sync.AndroidModule                        : loaded 2 times (x 72B)
Class org.gradle.api.internal.classpath.Module                                        : loaded 2 times (x 68B)
Class org.gradle.tooling.model.java.InstalledJdk                                      : loaded 2 times (x 68B)
Class com.android.tools.idea.projectsystem.gradle.sync.Counter$time$1                 : loaded 2 times (x 76B)
Class org.jetbrains.plugins.gradle.model.MavenRepositoryModel                         : loaded 2 times (x 68B)
Class com.intellij.openapi.diagnostic.Logger$Factory                                  : loaded 2 times (x 68B)
Class org.jetbrains.kotlin.gradle.idea.tcs.IdeaKotlinDependency                       : loaded 2 times (x 68B)
Class org.gradle.internal.classloader.ClasspathUtil                                   : loaded 2 times (x 69B)
Class com.intellij.gradle.toolingExtension.impl.model.buildScriptClasspathModel.DefaultGradleBuildScriptClasspathModel: loaded 2 times (x 81B)
Class org.jetbrains.kotlin.idea.gradleTooling.reflect.KotlinSourceSetReflectionImpl$Companion: loaded 2 times (x 69B)
Class org.gradle.internal.impldep.com.google.gson.internal.bind.TypeAdapters$1        : loaded 2 times (x 73B)
Class com.intellij.gradle.toolingExtension.impl.model.sourceSetDependencyModel.GradleSourceSetDependencyResolver: loaded 2 times (x 70B)
Class org.jetbrains.plugins.gradle.model.DefaultExternalProject                       : loaded 2 times (x 93B)
Class com.intellij.gradle.toolingExtension.impl.model.sourceSetArtifactIndex.GradleSourceSetArtifactModel: loaded 2 times (x 74B)
Class com.intellij.gradle.toolingExtension.impl.model.sourceSetDependencyModel.GradleSourceSetDependencyModelBuilder: loaded 2 times (x 84B)
Class org.gradle.internal.impldep.com.google.gson.internal.bind.TypeAdapters$34       : loaded 2 times (x 74B)
Class com.android.tools.idea.gradle.model.IdeAndroidGradlePluginProjectFlags          : loaded 2 times (x 68B)
Class ijInit6_afa2ofn072aognl7q2yl42vxx                                               : loaded 2 times (x 177B)
Class com.google.common.math.MathPreconditions                                        : loaded 2 times (x 69B)
Class com.android.tools.idea.gradle.project.sync.AgpCompatibilityKt$WhenMappings      : loaded 2 times (x 69B)
Class com.google.common.collect.ComparisonChain                                       : loaded 2 times (x 78B)
Class com.android.tools.idea.projectsystem.gradle.sync.Counter$time$2                 : loaded 2 times (x 76B)
Class org.gradle.tooling.internal.consumer.converters.GradleProjectIdentifierMixin    : loaded 2 times (x 71B)
Class com.intellij.util.ReflectionUtilRt                                              : loaded 2 times (x 69B)
Class com.google.common.collect.ArrayListMultimapGwtSerializationDependencies         : loaded 2 times (x 170B)
Class org.jetbrains.kotlin.idea.gradleTooling.KotlinMPPGradleModel$Companion          : loaded 2 times (x 69B)
Class org.objectweb.asm.tree.MethodNode                                               : loaded 2 times (x 108B)
Class com.google.common.base.Charsets                                                 : loaded 2 times (x 69B)
Class com.google.common.util.concurrent.Uninterruptibles                              : loaded 2 times (x 69B)
Class com.intellij.gradle.toolingExtension.impl.model.dependencyModel.auxiliary.LegacyAuxiliaryArtifactResolver: loaded 2 times (x 74B)
Class com.google.common.collect.Multiset                                              : loaded 2 times (x 68B)
Class org.jetbrains.kotlin.idea.projectModel.KotlinTarget                             : loaded 2 times (x 68B)
Class io.opentelemetry.api.GlobalOpenTelemetry$ObfuscatedOpenTelemetry                : loaded 2 times (x 90B)
Class org.gradle.internal.impldep.com.google.gson.internal.bind.TypeAdapters$2        : loaded 2 times (x 73B)
Class org.jetbrains.plugins.gradle.tooling.AbstractModelBuilderService                : loaded 2 times (x 84B)
Class org.gradle.internal.impldep.com.google.common.collect.ImmutableList             : loaded 2 times (x 204B)
Class com.android.tools.idea.gradle.project.sync.FetchedVariantResult$InProgress      : loaded 2 times (x 69B)
Class io.opentelemetry.api.internal.IncubatingUtil                                    : loaded 2 times (x 69B)
Class [Lorg.gradle.tooling.internal.adapter.MethodInvoker;                            : loaded 2 times (x 67B)
Class io.opentelemetry.context.propagation.TextMapGetter                              : loaded 2 times (x 68B)
Class com.android.tools.idea.gradle.model.ResolverType                                : loaded 2 times (x 77B)
Class org.jetbrains.kotlin.idea.gradleTooling.MultiplatformModelImportingChecker      : loaded 2 times (x 68B)
Class com.android.tools.idea.gradle.project.sync.SyncActionOptions                    : loaded 2 times (x 70B)
Class com.google.common.collect.Maps                                                  : loaded 2 times (x 69B)
Class org.gradle.api.specs.Spec                                                       : loaded 2 times (x 68B)
Class org.gradle.internal.impldep.com.google.gson.internal.bind.TypeAdapters$33       : loaded 2 times (x 74B)
Class org.gradle.internal.impldep.com.google.gson.internal.bind.TypeAdapters$EnumTypeAdapter: loaded 2 times (x 72B)
Class com.google.common.primitives.Ints                                               : loaded 2 times (x 69B)
Class org.gradle.internal.impldep.com.google.gson.internal.bind.TypeAdapters$3        : loaded 2 times (x 73B)
Class org.gradle.internal.impldep.com.google.gson.internal.ConstructorConstructor     : loaded 2 times (x 70B)
Class org.jetbrains.kotlin.tooling.core.InternerImpl                                  : loaded 2 times (x 74B)
Class org.gradle.tooling.internal.consumer.connection.InternalPhasedActionAdapter     : loaded 2 times (x 76B)
Class io.opentelemetry.context.ThreadLocalContextStorage$ScopeImpl                    : loaded 2 times (x 77B)
Class io.opentelemetry.context.DefaultContextKey                                      : loaded 2 times (x 70B)
Class org.gradle.internal.impldep.com.google.gson.internal.bind.TypeAdapters$4        : loaded 2 times (x 73B)
Class org.gradle.internal.impldep.com.google.gson.internal.bind.DefaultDateTypeAdapter$DateType: loaded 2 times (x 71B)
Class com.intellij.gradle.toolingExtension.impl.util.GradleTreeTraverserUtil          : loaded 2 times (x 69B)
Class org.gradle.internal.impldep.com.google.common.collect.Iterators$ArrayItr        : loaded 2 times (x 95B)
Class org.jetbrains.plugins.gradle.tooling.builder.WarModelBuilderImpl                : loaded 2 times (x 84B)
Class com.intellij.gradle.toolingExtension.impl.modelBuilder.ExtraModelBuilder        : loaded 2 times (x 83B)
Class com.android.tools.idea.gradle.model.IdeUnresolvedLibrary                        : loaded 2 times (x 68B)
Class com.android.tools.idea.gradle.project.sync.ModelCacheV2ImplKt$modelCacheV2Impl$variantCoreFrom$6: loaded 2 times (x 123B)
Class com.android.tools.idea.gradle.model.impl.BuildFolderPaths                       : loaded 2 times (x 70B)
Class com.intellij.gradle.toolingExtension.impl.modelAction.GradleModelHolderState    : loaded 2 times (x 76B)
Class com.google.common.cache.LocalCache$LoadingValueReference                        : loaded 2 times (x 94B)
Class org.jetbrains.kotlin.idea.gradleTooling.reflect.Parameter                       : loaded 2 times (x 70B)
Class org.jetbrains.kotlin.idea.gradleTooling.model.lombok.LombokModel                : loaded 2 times (x 68B)
Class org.jetbrains.kotlin.idea.gradleTooling.reflect.ReflectionLogger                : loaded 2 times (x 68B)
Class org.gradle.internal.impldep.com.google.gson.internal.bind.TypeAdapters$5        : loaded 2 times (x 73B)
Class org.jetbrains.plugins.gradle.tooling.internal.DefaultRepositoryModels           : loaded 2 times (x 74B)
Class org.jetbrains.kotlin.idea.gradleTooling.PrepareKotlinIdeaImportTaskModelBuilder$KotlinNativePlatformDependenciesKt: loaded 2 times (x 69B)
Class org.gradle.internal.impldep.com.google.gson.internal.bind.TypeAdapters$32       : loaded 2 times (x 74B)
Class com.intellij.gradle.toolingExtension.impl.model.buildScriptClasspathModel.GradleBuildScriptClasspathModelBuilder: loaded 2 times (x 84B)
Class org.jetbrains.kotlin.idea.gradleTooling.ResolveCompilerArgumentsKt              : loaded 2 times (x 69B)
Class org.jetbrains.kotlin.idea.gradleTooling.reflect.KotlinMultiplatformImportReflectionImpl: loaded 2 times (x 74B)
Class org.jetbrains.kotlin.idea.gradleTooling.reflect.ReflectionReceiver$Instance     : loaded 2 times (x 75B)
Class com.intellij.gradle.toolingExtension.impl.modelSerialization.DefaultSerializationService: loaded 2 times (x 74B)
Class io.opentelemetry.api.trace.SpanBuilder                                          : loaded 2 times (x 68B)
Class io.opentelemetry.api.DefaultOpenTelemetry                                       : loaded 2 times (x 87B)
Class org.gradle.api.internal.classpath.DefaultModuleRegistry$DefaultModule           : loaded 2 times (x 84B)
Class org.gradle.tooling.model.BuildModel                                             : loaded 2 times (x 68B)
Class org.objectweb.asm.FieldVisitor                                                  : loaded 2 times (x 75B)
Class com.google.common.base.Platform                                                 : loaded 2 times (x 69B)
Class org.jetbrains.plugins.gradle.tooling.serialization.RepositoriesModelSerializationService$1: loaded 2 times (x 74B)
Class org.jetbrains.kotlin.idea.gradleTooling.KotlinGradlePluginVersionImpl           : loaded 2 times (x 76B)
Class com.google.common.base.Objects                                                  : loaded 2 times (x 69B)
Class org.gradle.internal.impldep.com.google.gson.internal.bind.TypeAdapters$6        : loaded 2 times (x 73B)
Class org.gradle.internal.impldep.com.google.gson.JsonParseException                  : loaded 2 times (x 80B)
Class io.opentelemetry.context.ImplicitContextKeyed                                   : loaded 2 times (x 68B)
Class org.gradle.internal.impldep.com.google.common.collect.ImmutableCollection       : loaded 2 times (x 123B)
Class com.android.tools.idea.gradle.model.IdeDependenciesCore                         : loaded 2 times (x 68B)
Class com.android.tools.idea.gradle.model.impl.IdeDependenciesImplKt                  : loaded 2 times (x 69B)
Class com.android.tools.idea.gradle.project.sync.ModuleId                             : loaded 2 times (x 70B)
Class com.android.tools.idea.gradle.model.IdeBuildType                                : loaded 2 times (x 68B)
Class com.android.tools.idea.gradle.project.sync.ArtifactRef                          : loaded 2 times (x 69B)
Class com.android.tools.idea.gradle.project.sync.AgpVersionIncompatible               : loaded 2 times (x 80B)
Class com.android.tools.idea.gradle.project.sync.VariantSelectionChange               : loaded 2 times (x 70B)
Class com.android.tools.idea.gradle.project.sync.ModelVersion                         : loaded 2 times (x 73B)
Class com.android.tools.idea.gradle.project.sync.InternedModels$nameLibraries$IdeModelAndReferenceAndIdentity: loaded 2 times (x 73B)
Class com.android.tools.idea.gradle.project.sync.GradleModulesKt                      : loaded 2 times (x 69B)
Class io.opentelemetry.context.propagation.TextMapPropagator                          : loaded 2 times (x 68B)
Class org.jetbrains.plugins.gradle.tooling.serialization.internal.IdeaProjectSerializationService$WriteContext$FilePathComparator: loaded 2 times (x 89B)
Class com.intellij.gradle.toolingExtension.impl.model.projectModel.GradleExternalProjectModelBuilder: loaded 2 times (x 84B)
Class org.jetbrains.kotlin.idea.gradleTooling.KotlinMPPGradleModelBuilder$Companion   : loaded 2 times (x 69B)
Class org.gradle.internal.impldep.com.google.gson.internal.bind.TypeAdapters$31       : loaded 2 times (x 74B)
Class org.gradle.internal.impldep.com.google.gson.Gson$5                              : loaded 2 times (x 74B)
Class com.google.common.collect.AbstractMapBasedMultimap$WrappedList                  : loaded 2 times (x 203B)
Class [Lorg.objectweb.asm.AnnotationWriter;                                           : loaded 2 times (x 67B)
Class com.google.common.collect.Maps$8                                                : loaded 2 times (x 80B)
Class org.jetbrains.kotlin.idea.gradleTooling.reflect.KotlinMultiplatformImportReflectionImpl$Companion: loaded 2 times (x 69B)
Class org.jetbrains.kotlin.idea.gradleTooling.reflect.KotlinAndroidSourceSetInfoReflection: loaded 2 times (x 68B)
Class org.gradle.internal.classloader.ClasspathUtil$1                                 : loaded 2 times (x 74B)
Class org.gradle.internal.impldep.com.google.gson.internal.bind.TypeAdapters$10       : loaded 2 times (x 73B)
Class org.gradle.internal.impldep.com.google.gson.internal.bind.TypeAdapters$7        : loaded 2 times (x 73B)
Class com.google.common.cache.CacheLoader$UnsupportedLoadingOperationException        : loaded 2 times (x 80B)
Class com.intellij.openapi.util.io.FileUtilRt$SymlinkResolver                         : loaded 2 times (x 68B)
Class com.android.tools.idea.gradle.model.IdeJavaCompileOptions                       : loaded 2 times (x 68B)
Class com.android.tools.idea.gradle.project.sync.ModelCacheV2ImplKt$modelCacheV2Impl$variantCoreFrom$9: loaded 2 times (x 123B)
Class org.objectweb.asm.ClassWriter                                                   : loaded 2 times (x 104B)
Class com.android.tools.idea.gradle.model.IdeArtifactName$Companion                   : loaded 2 times (x 69B)
Class com.google.common.collect.AbstractMapBasedMultimap$KeySet$1                     : loaded 2 times (x 80B)
Class io.opentelemetry.context.ThreadLocalContextStorage$NoopScope                    : loaded 2 times (x 83B)
Class [Lio.opentelemetry.context.ThreadLocalContextStorage$NoopScope;                 : loaded 2 times (x 67B)
Class com.android.tools.idea.gradle.project.sync.MeasurementCheckpoint                : loaded 2 times (x 77B)
Class org.gradle.internal.impldep.com.google.gson.Gson$4                              : loaded 2 times (x 74B)
Class org.jetbrains.plugins.gradle.model.DefaultDependencyAccessorsModel              : loaded 2 times (x 74B)
Class io.opentelemetry.context.ArrayBasedContext                                      : loaded 2 times (x 98B)
Class org.gradle.internal.InternalTransformer                                         : loaded 2 times (x 68B)
Class com.google.common.collect.Sets$SetView                                          : loaded 2 times (x 136B)
Class com.google.common.cache.LocalCache$StrongValueReference                         : loaded 2 times (x 88B)
Class com.google.common.util.concurrent.AbstractFuture$SynchronizedHelper             : loaded 2 times (x 76B)
Class org.jetbrains.plugins.gradle.model.DefaultUnresolvedExternalDependency          : loaded 2 times (x 109B)
Class org.gradle.internal.impldep.com.google.gson.ReflectionAccessFilter$FilterResult : loaded 2 times (x 77B)
Class org.gradle.internal.impldep.com.google.gson.internal.bind.TypeAdapters$8        : loaded 2 times (x 73B)
Class org.gradle.internal.impldep.com.google.gson.internal.bind.TypeAdapters$11       : loaded 2 times (x 73B)
Class [Lorg.jetbrains.plugins.gradle.tooling.Message$Kind;                            : loaded 2 times (x 67B)
Class org.jetbrains.plugins.gradle.model.DefaultGradleLightBuild                      : loaded 2 times (x 80B)
Class com.android.tools.idea.gradle.project.sync.Modules                              : loaded 2 times (x 69B)
Class org.jetbrains.plugins.gradle.tooling.serialization.internal.IdeaProjectSerializationService$1: loaded 2 times (x 74B)
Class org.jetbrains.plugins.gradle.model.GradleConvention                             : loaded 2 times (x 68B)
Class com.android.tools.idea.gradle.project.sync.LibraryIdentity$LibraryIdentityProvider: loaded 2 times (x 70B)
Class org.gradle.tooling.model.SourceDirectory                                        : loaded 2 times (x 68B)
Class com.intellij.openapi.util.io.FileUtilRt                                         : loaded 2 times (x 69B)
Class com.android.builder.model.v2.ide.BasicTestSuiteArtifact                         : loaded 2 times (x 68B)
Class org.gradle.tooling.model.idea.IdeaSingleEntryLibraryDependency                  : loaded 2 times (x 68B)
Class org.gradle.tooling.model.ExternalDependency                                     : loaded 2 times (x 68B)
Class com.android.tools.idea.gradle.project.sync.ModelConsumerVersion                 : loaded 2 times (x 73B)
Class com.google.common.graph.SuccessorsFunction                                      : loaded 2 times (x 68B)
Class [Lcom.google.gson.stream.JsonToken;                                             : loaded 2 times (x 67B)
Class org.objectweb.asm.Type                                                          : loaded 2 times (x 70B)
Class org.gradle.internal.classloader.VisitableURLClassLoader$InstrumentingVisitableURLClassLoader: loaded 2 times (x 121B)
Class com.android.builder.model.v2.ide.TestSuiteTestInfo                              : loaded 2 times (x 68B)
Class com.android.tools.idea.gradle.model.impl.IdeUnresolvedLibraryTableImpl          : loaded 2 times (x 73B)
Class org.gradle.internal.impldep.com.google.gson.JsonObject                          : loaded 2 times (x 91B)
Class org.gradle.internal.impldep.com.google.gson.internal.bind.TypeAdapters$9        : loaded 2 times (x 73B)
Class org.gradle.internal.impldep.com.google.gson.internal.bind.TypeAdapters$12       : loaded 2 times (x 73B)
Class com.intellij.util.ExceptionUtilRt                                               : loaded 2 times (x 69B)
Class org.jetbrains.plugins.gradle.tooling.serialization.internal.IdeaProjectSerializationService$2: loaded 2 times (x 75B)
Class com.android.tools.idea.gradle.project.sync.AllVariantsSyncActionOptions         : loaded 2 times (x 71B)
Class com.android.tools.idea.gradle.model.impl.IdeProductFlavorImpl                   : loaded 2 times (x 97B)
Class org.gradle.internal.impldep.com.google.gson.Gson$3                              : loaded 2 times (x 73B)
Class org.jetbrains.kotlin.idea.gradleTooling.reflect.ReflectionReceiver$Static       : loaded 2 times (x 75B)
Class ijKotlinCoroutineJvmDebugInit1_29t5pof51w8m2ewngr6waol9e$_run_closure1$_closure2: loaded 2 times (x 137B)
Class org.gradle.kotlin.dsl.VersionCatalogAccessorsKt                                 : loaded 2 times (x 69B)
Class com.google.common.util.concurrent.UncheckedExecutionException                   : loaded 2 times (x 80B)
Class com.google.common.io.ByteSink$AsCharSink                                        : loaded 2 times (x 78B)
Class io.opentelemetry.api.trace.DefaultTracerProvider                                : loaded 2 times (x 77B)
Class org.gradle.tooling.internal.consumer.converters.FixedBuildIdentifierProvider    : loaded 2 times (x 73B)
Class io.opentelemetry.api.trace.SpanId                                               : loaded 2 times (x 69B)
Class com.intellij.gradle.toolingExtension.impl.model.taskModel.GradleTaskModelProvider: loaded 2 times (x 76B)
Class com.google.common.io.Files$FileByteSink                                         : loaded 2 times (x 75B)
Class org.objectweb.asm.ByteVector                                                    : loaded 2 times (x 77B)
Class [Lcom.google.common.cache.CacheBuilder$NullListener;                            : loaded 2 times (x 67B)
Class com.google.common.math.IntMath$1                                                : loaded 2 times (x 69B)
Class org.gradle.internal.classloader.VisitableURLClassLoader$Spec                    : loaded 2 times (x 72B)
Class org.gradle.internal.classpath.DefaultClassPath                                  : loaded 2 times (x 88B)
Class org.jetbrains.plugins.gradle.tooling.util.BooleanBiFunction                     : loaded 2 times (x 68B)
Class io.opentelemetry.context.ForwardingExecutorService                              : loaded 2 times (x 102B)
Class org.gradle.internal.impldep.com.google.gson.Gson$2                              : loaded 2 times (x 74B)
Class org.gradle.internal.impldep.com.google.gson.internal.bind.TypeAdapters$13       : loaded 2 times (x 73B)
Class com.intellij.gradle.toolingExtension.impl.model.sourceSetArtifactIndex.GradleSourceSetArtifactIndex: loaded 2 times (x 76B)
Class org.jetbrains.kotlin.idea.gradleTooling.KotlinMPPGradleModelBinary              : loaded 2 times (x 68B)
Class org.jetbrains.kotlin.idea.gradleTooling.reflect.ParameterList$Companion         : loaded 2 times (x 69B)
Class com.intellij.openapi.externalSystem.model.project.dependencies.ArtifactDependencyNode: loaded 2 times (x 68B)
Class org.gradle.internal.impldep.com.google.common.collect.Iterators$MergingIterator : loaded 2 times (x 79B)
Class org.jetbrains.plugins.gradle.tooling.serialization.internal.IdeaProjectSerializationService$3: loaded 2 times (x 75B)
Class com.android.tools.idea.gradle.model.IdeAndroidLibrary                           : loaded 2 times (x 68B)
Class com.google.common.util.concurrent.AbstractFuture$Trusted                        : loaded 2 times (x 68B)
Class [Lcom.android.tools.idea.gradle.project.sync.AndroidModule$NativeModelVersion;  : loaded 2 times (x 67B)
Class com.android.tools.idea.gradle.model.impl.IdeAaptOptionsImpl                     : loaded 2 times (x 73B)
Class com.android.tools.idea.gradle.model.impl.IdeBuildImpl                           : loaded 2 times (x 74B)
Class org.jetbrains.plugins.gradle.tooling.builder.ProjectExtensionsDataBuilderImpl   : loaded 2 times (x 76B)
Class org.gradle.internal.impldep.com.google.gson.Gson$1                              : loaded 2 times (x 74B)
Class [Lorg.gradle.internal.impldep.com.google.gson.ToNumberPolicy;                   : loaded 2 times (x 67B)
Class com.intellij.gradle.toolingExtension.impl.util.collectionUtil.GradleCollections : loaded 2 times (x 69B)
Class com.google.common.util.concurrent.AbstractFuture$UnsafeAtomicHelper$1           : loaded 2 times (x 74B)
Class io.opentelemetry.api.trace.DefaultTracer$NoopSpanBuilder                        : loaded 2 times (x 89B)
Class io.opentelemetry.api.trace.SpanContext                                          : loaded 2 times (x 68B)
Class org.gradle.tooling.internal.consumer.versioning.VersionDetails$R26VersionDetails: loaded 2 times (x 78B)
Class com.google.common.base.AbstractIterator                                         : loaded 2 times (x 78B)
Class org.objectweb.asm.Symbol                                                        : loaded 2 times (x 71B)
Class org.gradle.internal.impldep.com.google.gson.internal.bind.TypeAdapters$14       : loaded 2 times (x 73B)
Class org.jetbrains.kotlin.idea.gradleTooling.UtilsKt                                 : loaded 2 times (x 69B)
Class org.jetbrains.kotlin.idea.gradleTooling.KotlinDslScriptTaskModelBuilder         : loaded 2 times (x 84B)
Class org.gradle.internal.impldep.com.google.common.collect.Lists                     : loaded 2 times (x 69B)
Class com.android.tools.idea.gradle.model.IdeBasicVariant                             : loaded 2 times (x 68B)
Class com.android.builder.model.v2.models.ndk.NativeBuildSystem                       : loaded 2 times (x 77B)
Class com.android.tools.idea.gradle.model.impl.IdeJavaCompileOptionsImpl              : loaded 2 times (x 76B)
Class com.android.ide.common.gradle.Component                                         : loaded 2 times (x 70B)
Class com.android.tools.idea.gradle.model.IdeCompositeBuildMap                        : loaded 2 times (x 68B)
Class org.gradle.tooling.model.cpp.CppBinary                                          : loaded 2 times (x 68B)
Class [Lio.opentelemetry.context.ThreadLocalContextStorage;                           : loaded 2 times (x 67B)
Class com.google.common.io.Closer                                                     : loaded 2 times (x 76B)
Class com.google.common.base.CharMatcher$Ascii                                        : loaded 2 times (x 110B)
Class org.gradle.internal.classloader.ClassLoaderSpec                                 : loaded 2 times (x 69B)
Class org.jetbrains.plugins.gradle.model.DefaultExternalProjectDependency             : loaded 2 times (x 118B)
Class org.jetbrains.plugins.gradle.tooling.serialization.internal.IdeaProjectSerializationService$TestResourceDirectoriesGetter: loaded 2 times (x 73B)
Class org.gradle.internal.impldep.com.google.gson.internal.Streams                    : loaded 2 times (x 69B)
Class org.gradle.internal.impldep.com.google.gson.internal.bind.ObjectTypeAdapter     : loaded 2 times (x 72B)
Class org.gradle.internal.impldep.com.google.gson.internal.bind.TypeAdapters$15       : loaded 2 times (x 73B)
Class org.gradle.internal.impldep.com.google.gson.internal.Excluder$1                 : loaded 2 times (x 72B)
Class com.intellij.gradle.toolingExtension.impl.util.javaPluginUtil.JavaPluginAccessor: loaded 2 times (x 68B)
Class org.jetbrains.kotlin.tooling.core.InternerKt                                    : loaded 2 times (x 69B)
Class org.jetbrains.plugins.gradle.tooling.builder.IntelliJProjectSettingsBuilder     : loaded 2 times (x 76B)
Class org.gradle.internal.impldep.com.google.common.collect.Iterators$SingletonIterator: loaded 2 times (x 79B)
Class com.android.tools.idea.gradle.model.IdeSyncIssue                                : loaded 2 times (x 68B)
Class com.android.tools.idea.gradle.model.LibraryReference                            : loaded 2 times (x 70B)
Class com.android.tools.idea.gradle.model.IdeAaptOptions                              : loaded 2 times (x 68B)
Class com.android.builder.model.v2.ide.TestSuite                                      : loaded 2 times (x 68B)
Class com.google.common.collect.SortedLists$KeyAbsentBehavior$1                       : loaded 2 times (x 78B)
Class org.jetbrains.kotlin.idea.gradleTooling.reflect.KotlinExtensionReflection       : loaded 2 times (x 70B)
Class org.jetbrains.kotlin.idea.gradleTooling.reflect.KotlinExtensionReflection$Companion: loaded 2 times (x 69B)
Class org.jetbrains.kotlin.idea.gradleTooling.IdeaKpmProjectProvider                  : loaded 2 times (x 76B)
Class org.objectweb.asm.AnnotationWriter                                              : loaded 2 times (x 77B)
Class com.google.common.cache.CacheStats                                              : loaded 2 times (x 69B)
Class com.google.common.cache.LocalCache$2                                            : loaded 2 times (x 140B)
Class org.gradle.internal.impldep.com.google.gson.internal.bind.TypeAdapters$16       : loaded 2 times (x 73B)
Class com.google.common.collect.Sets$ImprovedAbstractSet                              : loaded 2 times (x 133B)
Class com.intellij.gradle.toolingExtension.impl.model.resourceFilterModel.GradleResourceFilterModelBuilder: loaded 2 times (x 69B)
Class org.jetbrains.kotlin.idea.gradleTooling.KotlinGradleModelBuilder                : loaded 2 times (x 84B)
Class org.jetbrains.plugins.gradle.tooling.serialization.internal.IdeaProjectSerializationService$6: loaded 2 times (x 74B)
Class com.android.tools.idea.gradle.model.IdeModuleWellKnownSourceSet$Companion       : loaded 2 times (x 69B)
Class [Lcom.android.tools.idea.gradle.model.ClasspathType;                            : loaded 2 times (x 67B)
Class [Lcom.android.builder.model.v2.models.ndk.NativeBuildSystem;                    : loaded 2 times (x 67B)
Class com.intellij.gradle.toolingExtension.impl.util.javaPluginUtil.JavaPluginUtil    : loaded 2 times (x 69B)
Class [Lcom.android.tools.idea.gradle.model.IdeArtifactName;                          : loaded 2 times (x 67B)
Class com.google.common.collect.SortedLists$KeyAbsentBehavior$2                       : loaded 2 times (x 78B)
Class com.google.common.collect.Cut$AboveAll                                          : loaded 2 times (x 86B)
Class org.gradle.internal.impldep.com.google.gson.stream.MalformedJsonException       : loaded 2 times (x 80B)
Class org.gradle.internal.impldep.com.google.gson.internal.sql.SqlDateTypeAdapter     : loaded 2 times (x 72B)
Class org.gradle.internal.impldep.com.google.gson.internal.ObjectConstructor          : loaded 2 times (x 68B)
Class com.android.tools.idea.gradle.project.sync.SyncCounters                         : loaded 2 times (x 70B)
Class org.jetbrains.plugins.gradle.model.DefaultBuildController                       : loaded 2 times (x 96B)
Class com.intellij.compose.ide.plugin.gradleTooling.rt.ComposeResourcesExtension      : loaded 2 times (x 70B)
Class io.opentelemetry.api.trace.Tracer                                               : loaded 2 times (x 68B)
Class com.google.common.cache.LocalCache$1                                            : loaded 2 times (x 87B)
Class com.intellij.gradle.toolingExtension.modelProvider.GradleClassBuildModelProvider: loaded 2 times (x 78B)
Class com.google.common.collect.ImmutableMultisetGwtSerializationDependencies         : loaded 2 times (x 123B)
Class com.google.common.io.Closer$Suppressor                                          : loaded 2 times (x 68B)
Class com.google.common.io.LineProcessor                                              : loaded 2 times (x 68B)
Class org.objectweb.asm.RecordComponentWriter                                         : loaded 2 times (x 76B)
Class com.google.common.util.concurrent.AbstractFuture$Listener                       : loaded 2 times (x 70B)
Class Settings_gradle$1$1                                                             : loaded 2 times (x 72B)
Class org.jetbrains.kotlin.idea.gradleTooling.reflect.KotlinSourceSetReflectionKt     : loaded 2 times (x 69B)
Class org.gradle.internal.impldep.com.google.gson.internal.bind.TypeAdapters$17       : loaded 2 times (x 73B)
Class com.intellij.gradle.toolingExtension.impl.model.warmUp.GradleTaskWarmUpService  : loaded 2 times (x 84B)
Class com.intellij.gradle.toolingExtension.impl.modelBuilder.DefaultModelBuilderContext: loaded 2 times (x 75B)
Class org.jetbrains.plugins.gradle.tooling.serialization.internal.IdeaProjectSerializationService$7: loaded 2 times (x 74B)
Class com.android.tools.idea.gradle.project.sync.DeliverableJavaModule                : loaded 2 times (x 74B)
Class com.intellij.openapi.util.io.FileUtil                                           : loaded 2 times (x 69B)
Class com.google.common.collect.SingletonImmutableBiMap                               : loaded 2 times (x 141B)
Class com.google.common.base.Ascii                                                    : loaded 2 times (x 69B)
Class com.android.builder.model.v2.ide.TestSuiteArtifact                              : loaded 2 times (x 68B)
Class com.google.common.collect.SortedLists$KeyAbsentBehavior$3                       : loaded 2 times (x 78B)
Class com.intellij.gradle.toolingExtension.impl.util.GradleExecutorServiceUtil        : loaded 2 times (x 69B)
Class com.intellij.gradle.toolingExtension.impl.modelAction.GradleDaemonModelHolder$1 : loaded 2 times (x 76B)
Class com.android.tools.idea.gradle.project.sync.VariantDependenciesCompat$AdjacencyList: loaded 2 times (x 70B)
Class io.opentelemetry.api.trace.ArrayBasedTraceState                                 : loaded 2 times (x 84B)
Class io.opentelemetry.context.ContextKey                                             : loaded 2 times (x 68B)
Class io.opentelemetry.context.propagation.TextMapSetter                              : loaded 2 times (x 68B)
Class com.android.tools.idea.gradle.project.sync.AndroidExtraModelProviderImpl        : loaded 2 times (x 70B)
Class [Lorg.objectweb.asm.Label;                                                      : loaded 2 times (x 67B)
Class org.objectweb.asm.Attribute                                                     : loaded 2 times (x 75B)
Class com.google.common.base.Supplier                                                 : loaded 2 times (x 68B)
Class org.gradle.internal.classloader.VisitableURLClassLoader                         : loaded 2 times (x 115B)
Class org.gradle.internal.impldep.com.google.common.collect.Iterators                 : loaded 2 times (x 69B)
Class org.jetbrains.kotlin.tooling.core.InternerImpl$Store$Strong                     : loaded 2 times (x 74B)
Class org.gradle.internal.impldep.com.google.gson.internal.bind.TypeAdapters$18       : loaded 2 times (x 73B)
Class org.gradle.internal.impldep.com.google.gson.stream.JsonReader                   : loaded 2 times (x 95B)
Class org.gradle.internal.impldep.com.google.gson.FieldNamingPolicy$1                 : loaded 2 times (x 81B)
Class org.jetbrains.kotlin.idea.gradleTooling.reflect.KotlinCompilerArgumentsResolverReflection: loaded 2 times (x 68B)
Class org.jetbrains.plugins.gradle.tooling.serialization.ExternalTestsSerializationService$1: loaded 2 times (x 74B)
Class org.gradle.internal.service.ServiceLocator                                      : loaded 2 times (x 68B)
Class org.jetbrains.kotlin.idea.gradleTooling.model.allopen.AllOpenModelBuilderService: loaded 2 times (x 83B)
Class [Lorg.objectweb.asm.Type;                                                       : loaded 2 times (x 67B)
Class org.jetbrains.plugins.gradle.tooling.serialization.internal.IdeaProjectSerializationService$8: loaded 2 times (x 74B)
Class com.intellij.openapi.util.io.FileUtil$1                                         : loaded 2 times (x 75B)
Class [Lorg.objectweb.asm.Attribute;                                                  : loaded 2 times (x 67B)
Class org.gradle.tooling.internal.consumer.connection.ParameterAwareBuildControllerAdapter: loaded 2 times (x 99B)
Class io.opentelemetry.context.propagation.DefaultContextPropagators                  : loaded 2 times (x 73B)
Class io.opentelemetry.context.ContextStorageWrappers                                 : loaded 2 times (x 69B)
Class com.intellij.gradle.toolingExtension.impl.modelSerialization.ToolingSerializer  : loaded 2 times (x 70B)
Class com.android.tools.idea.gradle.project.sync.ModelConverter                       : loaded 2 times (x 69B)
Class com.android.tools.idea.gradle.project.sync.SyncActionRunnerKt$toMeasuringController$1: loaded 2 times (x 84B)
Class org.gradle.tooling.model.eclipse.EclipseProject                                 : loaded 2 times (x 68B)
Class com.google.common.collect.TreeRangeSet$AsRanges                                 : loaded 2 times (x 147B)
Class com.google.common.util.concurrent.AbstractFuture$Waiter                         : loaded 2 times (x 70B)
Class Settings_gradle                                                                 : loaded 2 times (x 126B)
Class com.intellij.gradle.toolingExtension.impl.model.dependencyModel.GradleDependencyResolver$1: loaded 2 times (x 75B)
Class com.android.tools.idea.gradle.project.sync.AndroidModule$NativeModelVersion     : loaded 2 times (x 77B)
Class org.gradle.internal.impldep.com.google.gson.internal.bind.TypeAdapters$19       : loaded 2 times (x 73B)
Class org.gradle.internal.impldep.com.google.gson.FieldNamingPolicy$2                 : loaded 2 times (x 81B)
Class org.jetbrains.kotlin.idea.gradleTooling.PrepareKotlinIdeaImportTaskModelBuilder : loaded 2 times (x 84B)
Class org.gradle.internal.impldep.com.google.common.collect.Lists$StringAsImmutableList: loaded 2 times (x 205B)
Class org.jetbrains.kotlin.gradle.idea.kpm.IdeaKpmProjectContainer                    : loaded 2 times (x 68B)
Class com.android.tools.idea.gradle.project.sync.IndexedModels                        : loaded 2 times (x 70B)
Class com.android.tools.idea.gradle.project.sync.IdeModelWithPostProcessor            : loaded 2 times (x 70B)
Class com.intellij.openapi.util.io.FileUtil$2                                         : loaded 2 times (x 80B)
Class com.android.tools.idea.gradle.model.IdeUnresolvedUnknownLibrary                 : loaded 2 times (x 68B)
Class com.android.tools.idea.gradle.project.sync.NativeVariantAbiResult$None          : loaded 2 times (x 69B)
Class com.android.tools.idea.gradle.model.IdeAndroidProject                           : loaded 2 times (x 68B)
Class com.android.tools.idea.gradle.project.sync.VariantSelectionChange$Companion     : loaded 2 times (x 69B)
Class org.gradle.internal.impldep.com.google.common.collect.AbstractIterator          : loaded 2 times (x 80B)
Class org.gradle.internal.impldep.com.google.gson.internal.bind.ArrayTypeAdapter      : loaded 2 times (x 72B)
Class org.jetbrains.plugins.gradle.tooling.serialization.internal.adapter.Suppliers$SupplierOfInstance: loaded 2 times (x 74B)
Class com.google.common.base.MoreObjects                                              : loaded 2 times (x 69B)
Class com.google.common.base.Strings                                                  : loaded 2 times (x 69B)
Class com.google.common.collect.Sets                                                  : loaded 2 times (x 69B)
Class org.objectweb.asm.Handler                                                       : loaded 2 times (x 70B)
Class com.google.common.base.Ticker                                                   : loaded 2 times (x 70B)
Class org.jetbrains.plugins.gradle.model.DefaultExternalTask                          : loaded 2 times (x 81B)
Class org.gradle.internal.impldep.com.google.gson.internal.sql.SqlDateTypeAdapter$1   : loaded 2 times (x 73B)
Class org.gradle.internal.impldep.com.google.gson.ToNumberPolicy$1                    : loaded 2 times (x 81B)
Class org.gradle.internal.impldep.com.google.gson.FieldNamingPolicy$3                 : loaded 2 times (x 81B)
Class com.google.common.collect.EmptyImmutableListMultimap                            : loaded 2 times (x 174B)
Class org.gradle.tooling.internal.consumer.converters.IdeaProjectJavaLanguageSettingsMixin: loaded 2 times (x 71B)
Class com.android.tools.idea.gradle.project.sync.BuildInfo                            : loaded 2 times (x 70B)
Class org.jetbrains.plugins.gradle.tooling.builder.WarModelBuilderImplKt              : loaded 2 times (x 69B)
Class com.android.tools.idea.gradle.project.sync.ModelCacheV2ImplKt                   : loaded 2 times (x 69B)
Class com.android.tools.idea.gradle.model.IdeSigningConfig                            : loaded 2 times (x 68B)
Class com.android.tools.idea.gradle.model.IdeLibrary                                  : loaded 2 times (x 68B)
Class com.android.tools.idea.gradle.model.impl.IdeSourceProviderContainerImpl         : loaded 2 times (x 74B)
Class com.intellij.gradle.toolingExtension.impl.model.sourceSetModel.GradleSourceSetModelBuilder: loaded 2 times (x 84B)
Class com.android.tools.idea.gradle.project.sync.BasicModulesKt                       : loaded 2 times (x 69B)
Class com.android.tools.idea.gradle.project.upgrade.AndroidGradlePluginCompatibility  : loaded 2 times (x 77B)
Class com.google.common.collect.Cut$AboveValue                                        : loaded 2 times (x 86B)
Class org.jetbrains.kotlin.idea.gradleTooling.model.samWithReceiver.SamWithReceiverModelBuilderService: loaded 2 times (x 83B)
Class com.android.tools.idea.gradle.project.sync.ModelVersions                        : loaded 2 times (x 70B)
Class org.jetbrains.kotlin.idea.gradleTooling.ModelBuilderUtilsKt                     : loaded 2 times (x 69B)
Class io.opentelemetry.api.trace.ArrayBasedTraceStateBuilder                          : loaded 2 times (x 75B)
Class com.android.tools.idea.gradle.project.sync.SyncProjectActionOptions             : loaded 2 times (x 71B)
Class org.gradle.tooling.BuildController                                              : loaded 2 times (x 68B)
Class [Lcom.google.common.cache.LocalCache$Segment;                                   : loaded 2 times (x 67B)
Class [Lcom.google.common.cache.LocalCache$Strength;                                  : loaded 2 times (x 67B)
Class com.google.common.cache.CacheBuilder$1                                          : loaded 2 times (x 83B)
Class org.gradle.internal.classpath.DefaultClassPath$ImmutableUniqueList$Builder      : loaded 2 times (x 73B)
Class org.jetbrains.plugins.gradle.tooling.internal.ClasspathEntryModelImpl           : loaded 2 times (x 78B)
Class org.gradle.internal.impldep.com.google.gson.internal.bind.CollectionTypeAdapterFactory: loaded 2 times (x 73B)
Class com.google.common.cache.CacheLoader$FunctionToCacheLoader                       : loaded 2 times (x 73B)
Class com.google.common.collect.ImmutableListMultimap                                 : loaded 2 times (x 174B)
Class org.gradle.internal.impldep.com.google.gson.ToNumberPolicy$2                    : loaded 2 times (x 81B)
Class org.gradle.internal.impldep.com.google.gson.FieldNamingPolicy$4                 : loaded 2 times (x 81B)
Class com.android.tools.idea.gradle.model.ndk.v1.IdeNativeVariantAbi                  : loaded 2 times (x 68B)
Class com.android.tools.idea.gradle.project.sync.SelectedVariants                     : loaded 2 times (x 70B)
Class com.android.tools.idea.gradle.project.sync.ModelCacheV2ImplKt$modelCacheV2Impl$createFromDependencies$1$LibraryWithDependencies: loaded 2 times (x 70B)
Class com.android.tools.idea.gradle.model.impl.IdeViewBindingOptionsImpl              : loaded 2 times (x 72B)
Class com.intellij.gradle.toolingExtension.impl.modelSerialization.ToolingSerializer$1: loaded 2 times (x 74B)
Class com.android.tools.idea.gradle.model.IdeBuild                                    : loaded 2 times (x 68B)
Class com.android.tools.idea.gradle.project.sync.ModelCache                           : loaded 2 times (x 68B)
Class io.opentelemetry.api.trace.TracerProvider                                       : loaded 2 times (x 68B)
Class com.android.tools.idea.gradle.model.impl.IdeDependenciesCoreImpl                : loaded 2 times (x 68B)
Class com.google.gson.stream.JsonToken                                                : loaded 2 times (x 77B)
Class com.google.common.cache.LocalCache                                              : loaded 2 times (x 185B)
Class com.google.common.cache.CacheBuilder$2                                          : loaded 2 times (x 77B)
Class com.intellij.gradle.toolingExtension.impl.model.buildScriptClasspathModel.GradleBuildScriptClasspathCache: loaded 2 times (x 73B)
Class org.gradle.internal.impldep.com.google.gson.internal.sql.SqlTimestampTypeAdapter$1: loaded 2 times (x 73B)
Class org.gradle.internal.impldep.com.google.gson.ToNumberPolicy$3                    : loaded 2 times (x 81B)
Class org.gradle.internal.impldep.com.google.gson.FieldNamingPolicy$5                 : loaded 2 times (x 81B)
Class com.android.tools.idea.gradle.project.sync.AndroidProjectPathResolver           : loaded 2 times (x 68B)
Class com.intellij.openapi.externalSystem.model.project.dependencies.ProjectDependenciesImpl: loaded 2 times (x 75B)
Class com.android.tools.idea.gradle.project.sync.VariantDiscovery$prepareRequestedOrDefaultModuleConfigurations$$inlined$sortedBy$1: loaded 2 times (x 87B)
Class org.jetbrains.kotlin.idea.gradleTooling.model.samWithReceiver.SamWithReceiverModel: loaded 2 times (x 68B)
Class com.android.tools.idea.gradle.model.IdeArtifactName$Companion$WhenMappings      : loaded 2 times (x 69B)
Class com.android.tools.idea.gradle.project.sync.VariantSelectionKt                   : loaded 2 times (x 69B)
Class org.gradle.internal.impldep.com.google.common.collect.Iterators$9               : loaded 2 times (x 79B)
Class com.android.tools.idea.gradle.project.sync.AndroidProjectResult$V2Project       : loaded 2 times (x 75B)
Class org.jetbrains.kotlin.idea.gradleTooling.KotlinTaskPropertiesImpl                : loaded 2 times (x 76B)
Class org.jetbrains.plugins.gradle.tooling.serialization.GradleExtensionsSerializationService$3: loaded 2 times (x 74B)
Class com.android.tools.idea.gradle.project.sync.LibraryIdentity$LibraryIdentityProvider$special$$inlined$thenBy$1: loaded 2 times (x 88B)
Class org.gradle.internal.classloader.InstrumentingClassLoader                        : loaded 2 times (x 68B)
Class org.gradle.internal.classpath.TransformedClassPath                              : loaded 2 times (x 94B)
Class io.opentelemetry.api.trace.AutoValue_ArrayBasedTraceState                       : loaded 2 times (x 85B)
Class com.google.common.cache.CacheBuilder$NullListener                               : loaded 2 times (x 80B)
Class org.objectweb.asm.FieldWriter                                                   : loaded 2 times (x 76B)
Class kotlin.coroutines.jvm.internal.CoroutineDumpState                               : loaded 2 times (x 69B)
Class org.gradle.tooling.model.idea.IdeaContentRoot                                   : loaded 2 times (x 68B)
Class com.google.common.collect.ArrayListMultimap                                     : loaded 2 times (x 170B)
Class com.google.common.cache.CacheBuilder$3                                          : loaded 2 times (x 70B)
Class org.jetbrains.plugins.gradle.tooling.util.BiFunction                            : loaded 2 times (x 68B)
Class org.jetbrains.plugins.gradle.model.AbstractExternalDependency                   : loaded 2 times (x 104B)
Class com.android.tools.idea.gradle.model.IdeArtifactName                             : loaded 2 times (x 77B)
Class org.gradle.internal.impldep.com.google.gson.ToNumberPolicy$4                    : loaded 2 times (x 81B)
Class org.gradle.internal.impldep.com.google.gson.FieldNamingPolicy$6                 : loaded 2 times (x 81B)
Class org.gradle.internal.impldep.com.google.gson.LongSerializationPolicy             : loaded 2 times (x 78B)
Class org.jetbrains.kotlin.idea.gradleTooling.model.kapt.KaptGradleModelImpl          : loaded 2 times (x 75B)
Class org.jetbrains.kotlin.idea.gradleTooling.PrepareKotlinIdeaImportTaskModelBuilder$Messages: loaded 2 times (x 69B)
Class [Lcom.android.builder.model.v2.models.SourceType;                               : loaded 2 times (x 67B)
Class org.jetbrains.plugins.gradle.tooling.serialization.internal.IdeaProjectSerializationService$JdkGetter: loaded 2 times (x 73B)
Class com.intellij.gradle.toolingExtension.impl.model.dependencyGraphModel.GradleDependencyReportGenerator: loaded 2 times (x 71B)
Class gnu.trove.Equality                                                              : loaded 2 times (x 68B)
Class org.jetbrains.plugins.gradle.tooling.serialization.internal.IdeaProjectSerializationService$ResourceDirectoriesGetter: loaded 2 times (x 73B)
Class com.android.tools.idea.gradle.model.impl.IdeAndroidLibraryImpl                  : loaded 2 times (x 104B)
Class org.gradle.internal.impldep.com.google.gson.internal.bind.JsonTreeReader        : loaded 2 times (x 96B)
Class com.android.tools.idea.gradle.model.IdeAaptOptions$Namespacing                  : loaded 2 times (x 77B)
Class org.gradle.internal.impldep.com.google.gson.internal.Streams$AppendableWriter   : loaded 2 times (x 97B)
Class com.android.tools.idea.gradle.model.IdeApiVersion                               : loaded 2 times (x 68B)
Class org.gradle.internal.impldep.com.google.gson.internal.Primitives                 : loaded 2 times (x 69B)
Class org.jetbrains.kotlin.idea.gradleTooling.reflect.ParameterList                   : loaded 2 times (x 171B)
Class org.jetbrains.plugins.gradle.tooling.serialization.GradleExtensionsSerializationService$2: loaded 2 times (x 74B)
Class org.gradle.tooling.model.eclipse.EclipseExternalDependency                      : loaded 2 times (x 68B)
Class org.gradle.tooling.internal.adapter.ProtocolToModelAdapter$TypeSpecificMappingAction: loaded 2 times (x 79B)
Class io.opentelemetry.api.trace.TraceState                                           : loaded 2 times (x 68B)
Class org.gradle.tooling.model.eclipse.HierarchicalEclipseProject                     : loaded 2 times (x 68B)
Class org.gradle.tooling.internal.consumer.versioning.VersionDetails$R35VersionDetails: loaded 2 times (x 78B)
Class com.google.common.base.Suppliers$MemoizingSupplier                              : loaded 2 times (x 77B)
Class com.google.common.collect.CollectPreconditions                                  : loaded 2 times (x 69B)
Class sync_studio_tooling19523_4wqaf5shdu0ckvybegrevugwe                              : loaded 2 times (x 177B)
Class org.jetbrains.plugins.gradle.model.ModelFactory                                 : loaded 2 times (x 69B)
Class org.jetbrains.plugins.gradle.tooling.serialization.ToolingStreamApiUtilsKt      : loaded 2 times (x 69B)
Class com.google.common.collect.MapDifference                                         : loaded 2 times (x 68B)
Class org.gradle.internal.impldep.com.google.gson.internal.ConstructorConstructor$19  : loaded 2 times (x 74B)
Class org.gradle.internal.impldep.com.google.gson.FieldNamingPolicy$7                 : loaded 2 times (x 81B)
Class org.jetbrains.plugins.gradle.tooling.ModelBuilderContext$DataProvider           : loaded 2 times (x 68B)
Class org.gradle.internal.impldep.com.google.common.collect.AbstractIndexedListIterator: loaded 2 times (x 94B)
Class com.google.common.cache.LocalCache$Strength$3                                   : loaded 2 times (x 79B)
Class com.android.tools.idea.gradle.project.sync.IdeModelFactoryV2Kt                  : loaded 2 times (x 69B)
Class com.google.common.io.ByteStreams                                                : loaded 2 times (x 69B)
Class com.google.common.base.Splitter$1                                               : loaded 2 times (x 75B)
Class com.google.common.collect.TransformedIterator                                   : loaded 2 times (x 78B)
Class com.intellij.openapi.util.Pair                                                  : loaded 2 times (x 70B)
Class io.opentelemetry.context.LazyStorage                                            : loaded 2 times (x 69B)
Class [Lcom.google.common.io.FileWriteMode;                                           : loaded 2 times (x 67B)
Class com.google.common.collect.SortedMapDifference                                   : loaded 2 times (x 68B)
Class org.jetbrains.kotlin.tooling.core.KotlinToolingVersion$Maturity                 : loaded 2 times (x 77B)
Class com.google.common.collect.ComparisonChain$1                                     : loaded 2 times (x 79B)
Class com.android.tools.idea.gradle.model.IdeAndroidProjectType                       : loaded 2 times (x 77B)
Class com.android.tools.idea.gradle.project.sync.ModelCacheV2ImplKt$modelCacheV2Impl$variantCoreFrom$15: loaded 2 times (x 123B)
Class org.gradle.internal.impldep.com.google.gson.internal.bind.MapTypeAdapterFactory$Adapter: loaded 2 times (x 72B)
Class [Lcom.intellij.openapi.externalSystem.model.project.IExternalSystemSourceType;  : loaded 2 times (x 67B)
Class com.android.tools.idea.gradle.project.sync.ModelResult$Context                  : loaded 2 times (x 68B)
Class sync_studio_tooling14269_9fmip5h92agdlswnbrq4rfjpv                              : loaded 2 times (x 177B)
Class com.android.tools.idea.gradle.project.sync.IdeAndroidModels                     : loaded 2 times (x 70B)
Class com.android.tools.idea.gradle.project.sync.SyncProjectActionWorker$populateAndroidModels$3$1: loaded 2 times (x 123B)
Class gnu.trove.TObjectHashingStrategy                                                : loaded 2 times (x 68B)
Class com.android.tools.idea.gradle.model.IdeUnresolvedArtifactLibrary                : loaded 2 times (x 68B)
Class com.android.tools.idea.gradle.model.IdeBuildTasksAndOutputInformation           : loaded 2 times (x 68B)
Class [Lcom.android.tools.idea.gradle.model.IdeAndroidProjectType;                    : loaded 2 times (x 67B)
Class com.android.tools.idea.gradle.project.sync.DeliverableGradleModule$ModelConsumer: loaded 2 times (x 70B)
Class JetGradlePlugin$getJetModelBuilderOrRegisterIfAbsent                            : loaded 2 times (x 144B)
Class org.jetbrains.kotlin.idea.gradleTooling.KotlinDslScriptModelProvider            : loaded 2 times (x 77B)
Class com.google.common.io.Files                                                      : loaded 2 times (x 69B)
Class com.google.common.cache.LocalCache$WriteThroughEntry                            : loaded 2 times (x 77B)
Class com.google.common.cache.LocalCache$HashIterator                                 : loaded 2 times (x 84B)
Class com.google.common.cache.LocalCache$EntryFactory                                 : loaded 2 times (x 81B)
Class [Lorg.jetbrains.kotlin.idea.gradleTooling.reflect.Parameter;                    : loaded 2 times (x 67B)
Class com.intellij.gradle.toolingExtension.impl.util.GradleProjectUtil                : loaded 2 times (x 69B)
Class org.gradle.internal.impldep.com.google.gson.internal.sql.SqlTimestampTypeAdapter: loaded 2 times (x 74B)
Class org.jetbrains.kotlin.idea.gradleTooling.reflect.ReflectionReceiver              : loaded 2 times (x 68B)
Class org.gradle.internal.impldep.com.google.gson.internal.bind.ReflectiveTypeAdapterFactory$1: loaded 2 times (x 77B)
Class org.gradle.internal.impldep.com.google.gson.internal.bind.NumberTypeAdapter$1   : loaded 2 times (x 74B)
Class org.gradle.internal.impldep.com.google.gson.JsonIOException                     : loaded 2 times (x 80B)
Class org.gradle.internal.impldep.com.google.gson.internal.Excluder                   : loaded 2 times (x 73B)
Class org.jetbrains.kotlin.idea.gradleTooling.model.assignment.AssignmentModel        : loaded 2 times (x 68B)
Class com.intellij.openapi.externalSystem.model.project.dependencies.ComponentDependencies: loaded 2 times (x 68B)
Class org.jetbrains.plugins.gradle.tooling.ModelBuilderService$Ex                     : loaded 2 times (x 68B)
Class org.jetbrains.plugins.gradle.tooling.serialization.GradleExtensionsSerializationService$1: loaded 2 times (x 74B)
Class com.google.common.cache.LocalCache$Strength$2                                   : loaded 2 times (x 79B)
Class com.google.common.util.concurrent.SettableFuture                                : loaded 2 times (x 112B)
Class org.gradle.tooling.model.Task                                                   : loaded 2 times (x 68B)
Class org.jetbrains.kotlin.idea.gradleTooling.IdeaKotlinDependenciesContainer         : loaded 2 times (x 68B)
Class com.intellij.gradle.toolingExtension.impl.util.GradleExecutorServiceUtil$SimpleThreadFactory: loaded 2 times (x 73B)
Class com.intellij.platform.diagnostic.telemetry.rt.context.TelemetryContextGetter    : loaded 2 times (x 73B)
Class org.jetbrains.plugins.gradle.model.ProjectImportModelProvider$GradleModelConsumer$1: loaded 2 times (x 75B)
Class org.jetbrains.kotlin.idea.projectModel.ExtraFeatures                            : loaded 2 times (x 68B)
Class com.google.common.base.Splitter$1$1                                             : loaded 2 times (x 84B)
Class com.google.common.cache.LocalCache$AbstractReferenceEntry                       : loaded 2 times (x 105B)
Class com.android.tools.idea.gradle.project.sync.AndroidExtraModelProviderKt$flattenDag$2: loaded 2 times (x 93B)
Class org.gradle.internal.impldep.com.google.gson.internal.bind.TypeAdapterRuntimeTypeWrapper: loaded 2 times (x 72B)
Class com.android.tools.idea.gradle.model.IdeVariantBuildInformation                  : loaded 2 times (x 68B)
Class org.jetbrains.plugins.gradle.model.web.WebConfiguration                         : loaded 2 times (x 68B)
Class gnu.trove.TObjectCanonicalHashingStrategy                                       : loaded 2 times (x 76B)
Class com.android.tools.idea.gradle.model.impl.IdeBuildTasksAndOutputInformationImpl  : loaded 2 times (x 78B)
Class com.android.tools.idea.gradle.model.IdeMultiVariantData                         : loaded 2 times (x 68B)
Class com.android.tools.idea.gradle.project.sync.BuildTypeDef                         : loaded 2 times (x 70B)
Class com.android.tools.idea.gradle.project.sync.IdeModelFactoryV2                    : loaded 2 times (x 70B)
Class org.jetbrains.plugins.gradle.tooling.builder.DependencyAccessorsModelBuilder    : loaded 2 times (x 79B)
Class com.intellij.gradle.toolingExtension.impl.util.GradleIdeaPluginUtil             : loaded 2 times (x 69B)
Class org.gradle.internal.impldep.com.google.gson.internal.reflect.ReflectionHelper   : loaded 2 times (x 69B)
Class com.android.tools.idea.gradle.project.sync.SyncActionRunner$Companion           : loaded 2 times (x 69B)
Class com.android.tools.idea.gradle.project.sync.SyncActionRunner                     : loaded 2 times (x 74B)
Class io.opentelemetry.context.propagation.NoopTextMapPropagator                      : loaded 2 times (x 74B)
Class com.android.tools.idea.gradle.project.sync.GradleSyncStudioFlags                : loaded 2 times (x 70B)
Class org.objectweb.asm.SymbolTable                                                   : loaded 2 times (x 70B)
Class com.google.common.cache.CacheLoader$InvalidCacheLoadException                   : loaded 2 times (x 80B)
Class org.gradle.internal.classloader.SystemClassLoaderSpec                           : loaded 2 times (x 69B)
Class org.jetbrains.plugins.gradle.tooling.internal.VersionCatalogsModelImpl          : loaded 2 times (x 74B)
Class com.google.common.cache.LocalCache$Strength$1                                   : loaded 2 times (x 79B)
Class org.gradle.internal.impldep.com.google.gson.JsonNull                            : loaded 2 times (x 90B)
Class com.intellij.gradle.toolingExtension.impl.model.taskModel.DefaultGradleTaskModel: loaded 2 times (x 73B)
Class JetGradlePlugin$findJetModelBuilder$0                                           : loaded 2 times (x 144B)
Class com.android.tools.idea.gradle.project.sync.AndroidArtifactRef                   : loaded 2 times (x 70B)
Class org.objectweb.asm.ModuleVisitor                                                 : loaded 2 times (x 79B)
Class com.google.common.collect.Sets$4                                                : loaded 2 times (x 137B)
Class com.google.common.io.ByteArrayDataInput                                         : loaded 2 times (x 68B)
Class org.jetbrains.plugins.gradle.tooling.serialization.internal.adapter.InternalGradleEnvironment: loaded 2 times (x 74B)
Class com.android.tools.idea.gradle.model.impl.IdeSourceProviderImpl                  : loaded 2 times (x 86B)
Class com.android.tools.idea.gradle.model.IdeVariantHeader                            : loaded 2 times (x 68B)
Class [Lcom.android.tools.idea.gradle.model.IdeModuleWellKnownSourceSet;              : loaded 2 times (x 67B)
Class org.gradle.internal.impldep.com.google.common.collect.Iterators$5               : loaded 2 times (x 80B)
Class com.intellij.openapi.externalSystem.model.project.dependencies.UnknownDependencyNode: loaded 2 times (x 85B)
Class com.intellij.gradle.toolingExtension.impl.model.sourceSetModel.GradleSourceSetResolutionContext: loaded 2 times (x 71B)
Class com.google.common.cache.LocalCache$StrongEntry                                  : loaded 2 times (x 106B)
Class com.google.common.util.concurrent.AbstractFuture$TrustedFuture                  : loaded 2 times (x 112B)
Class com.google.common.cache.LoadingCache                                            : loaded 2 times (x 68B)
Class org.gradle.internal.impldep.com.google.gson.internal.sql.SqlTypesSupport$1      : loaded 2 times (x 72B)
Class com.intellij.gradle.toolingExtension.impl.model.sourceSetModel.GradleSourceSetModelBuilder$1: loaded 2 times (x 81B)
Class [Lorg.gradle.internal.impldep.com.google.gson.LongSerializationPolicy;          : loaded 2 times (x 67B)
Class com.intellij.compose.ide.plugin.gradleTooling.rt.ComposeResourcesExtension$Companion: loaded 2 times (x 69B)
Class org.jetbrains.kotlin.idea.gradleTooling.model.parcelize.ParcelizeGradleModel    : loaded 2 times (x 68B)
Class org.jetbrains.plugins.gradle.tooling.builder.AnnotationProcessingModelBuilder   : loaded 2 times (x 84B)
Class com.intellij.openapi.diagnostic.Logger$DefaultFactory                           : loaded 2 times (x 72B)
Class com.android.tools.idea.gradle.project.sync.LibraryIdentity$Companion            : loaded 2 times (x 69B)
Class org.gradle.internal.service.UnknownServiceException                             : loaded 2 times (x 81B)
Class com.android.tools.idea.gradle.project.sync.InternedModels                       : loaded 2 times (x 70B)
Class com.android.tools.idea.gradle.project.sync.BasicV2AndroidModuleGradleProject    : loaded 2 times (x 71B)
Class com.google.common.cache.LocalCache$LocalLoadingCache                            : loaded 2 times (x 132B)
Class com.google.common.util.concurrent.AbstractFuture$SafeAtomicHelper               : loaded 2 times (x 77B)
Class com.google.common.collect.Sets$3                                                : loaded 2 times (x 137B)
Class [Lorg.objectweb.asm.AnnotationVisitor;                                          : loaded 2 times (x 67B)
Class org.gradle.tooling.internal.consumer.connection.NestedActionAwareBuildControllerAdapter: loaded 2 times (x 99B)
Class org.gradle.tooling.internal.consumer.versioning.VersionDetails$R51VersionDetails: loaded 2 times (x 78B)
Class io.opentelemetry.api.trace.Span                                                 : loaded 2 times (x 68B)
Class org.gradle.tooling.model.gradle.GradleBuild                                     : loaded 2 times (x 68B)
Class org.gradle.tooling.internal.consumer.versioning.VersionDetails                  : loaded 2 times (x 78B)
Class com.google.common.base.Suppliers$NonSerializableMemoizingSupplier               : loaded 2 times (x 77B)
Class com.google.common.io.ByteStreams$LimitedInputStream                             : loaded 2 times (x 90B)
Class org.objectweb.asm.MethodWriter                                                  : loaded 2 times (x 104B)
Class [Lcom.google.common.cache.Weigher;                                              : loaded 2 times (x 67B)
Class com.google.common.base.AbstractIterator$State                                   : loaded 2 times (x 77B)
Class com.android.tools.idea.gradle.project.sync.SyncTestMode                         : loaded 2 times (x 77B)
Class org.jetbrains.plugins.gradle.model.ExternalSourceDirectorySet                   : loaded 2 times (x 68B)
Class com.android.tools.idea.gradle.project.sync.ModelCacheV2ImplKt$modelCacheV2Impl$variantCoreFrom$12: loaded 2 times (x 123B)
Class org.gradle.internal.impldep.com.google.gson.internal.sql.SqlTypesSupport$2      : loaded 2 times (x 72B)
Class com.intellij.gradle.toolingExtension.impl.model.sourceSetModel.GradleSourceSetModelBuilder$2: loaded 2 times (x 81B)
Class org.jetbrains.plugins.gradle.tooling.MessageReportBuilder                       : loaded 2 times (x 68B)
Class com.android.tools.idea.gradle.project.sync.DeliverableGradleModule              : loaded 2 times (x 74B)
Class com.intellij.openapi.diagnostic.LogLevel                                        : loaded 2 times (x 77B)
Class com.android.tools.idea.gradle.project.sync.ModelResult$Companion                : loaded 2 times (x 69B)
Class com.android.tools.idea.gradle.project.sync.VariantDiscoveryKt                   : loaded 2 times (x 69B)
Class com.android.tools.idea.gradle.project.sync.AndroidProjectResultKt               : loaded 2 times (x 69B)
Class com.google.common.collect.Cut                                                   : loaded 2 times (x 86B)
Class com.android.tools.idea.gradle.project.sync.ModuleConfiguration                  : loaded 2 times (x 70B)
Class com.android.tools.idea.gradle.model.IdePrivacySandboxSdkInfo                    : loaded 2 times (x 68B)
Class com.google.common.collect.AbstractMapBasedMultimap$RandomAccessWrappedList      : loaded 2 times (x 203B)
Class com.google.common.collect.ImmutableMultimap$1                                   : loaded 2 times (x 80B)
Class org.gradle.internal.impldep.com.google.common.collect.Iterators$4               : loaded 2 times (x 80B)
Class org.jetbrains.plugins.gradle.tooling.Message$Kind                               : loaded 2 times (x 77B)
Class com.intellij.gradle.toolingExtension.impl.model.sourceSetModel.GradleSourceSetModelBuilder$3: loaded 2 times (x 81B)
Class org.gradle.internal.impldep.com.google.gson.TypeAdapterFactory                  : loaded 2 times (x 68B)
Class org.gradle.internal.impldep.com.google.gson.annotations.JsonAdapter             : loaded 2 times (x 68B)
Class org.jetbrains.kotlin.idea.gradleTooling.reflect.KotlinMultiplatformImportReflection: loaded 2 times (x 68B)
Class com.android.tools.idea.gradle.project.sync.VariantDetails                       : loaded 2 times (x 70B)
Class com.google.common.collect.Range$RangeLexOrdering                                : loaded 2 times (x 113B)
Class org.gradle.api.internal.ClassPathProvider                                       : loaded 2 times (x 68B)
Class [Lorg.gradle.api.internal.ClassPathProvider;                                    : loaded 2 times (x 67B)
Class com.google.common.collect.Sets$2                                                : loaded 2 times (x 137B)
Class com.google.common.collect.Maps$ViewCachingAbstractMap                           : loaded 2 times (x 123B)
Class com.android.builder.model.AndroidProject                                        : loaded 2 times (x 68B)
Class io.opentelemetry.api.OpenTelemetry                                              : loaded 2 times (x 68B)
Class com.google.common.collect.TreeRangeSet                                          : loaded 2 times (x 113B)
Class com.google.common.collect.ImmutableMultimap$2                                   : loaded 2 times (x 79B)
Class com.google.common.collect.RegularImmutableBiMap                                 : loaded 2 times (x 147B)
Class com.google.common.cache.LocalCache$ValueReference                               : loaded 2 times (x 68B)
Class com.android.tools.idea.gradle.project.sync.DefaultVariantsKt$getDefaultVariant$$inlined$thenBy$2: loaded 2 times (x 88B)
Class com.android.tools.idea.gradle.model.impl.IdeAndroidProjectImpl                  : loaded 2 times (x 105B)
Class com.android.tools.idea.gradle.project.sync.VariantDiscovery                     : loaded 2 times (x 70B)
Class org.jetbrains.plugins.gradle.model.tests.ExternalTestSourceMapping              : loaded 2 times (x 68B)
Class [Lcom.android.tools.idea.gradle.model.IdeModuleSourceSet;                       : loaded 2 times (x 67B)
Class com.android.tools.idea.gradle.project.sync.VariantDependenciesCompat            : loaded 2 times (x 70B)
Class com.android.tools.idea.gradle.project.sync.DependencyGraphCompat                : loaded 2 times (x 69B)
Class com.android.tools.idea.gradle.model.IdeDependenciesInfo                         : loaded 2 times (x 68B)
Class com.android.tools.idea.gradle.project.sync.IdeAndroidSyncIssuesAndExceptions    : loaded 2 times (x 70B)
Class com.intellij.gradle.toolingExtension.impl.model.utilTurnOffDefaultTasksModel.TurnOffDefaultTasksModelBuilder: loaded 2 times (x 84B)
Class org.jetbrains.kotlin.idea.gradleTooling.KotlinMPPGradleModelBuilder             : loaded 2 times (x 84B)
Class org.jetbrains.plugins.gradle.tooling.serialization.internal.adapter.InternalProjectIdentifier: loaded 2 times (x 74B)
Class io.opentelemetry.api.trace.PropagatedSpan                                       : loaded 2 times (x 110B)
Class com.intellij.util.ExceptionUtilRt$1                                             : loaded 2 times (x 127B)
Class com.google.common.hash.PrimitiveSink                                            : loaded 2 times (x 68B)
Class com.google.common.base.PatternCompiler                                          : loaded 2 times (x 68B)
Class com.google.common.util.concurrent.AbstractFuture$Failure                        : loaded 2 times (x 70B)
Class com.google.common.base.Equivalence$Equals                                       : loaded 2 times (x 80B)
Class com.google.common.collect.Hashing                                               : loaded 2 times (x 69B)
Class com.intellij.gradle.toolingExtension.impl.model.dependencyModel.auxiliary.AuxiliaryConfigurationArtifacts: loaded 2 times (x 72B)
Class org.jetbrains.plugins.gradle.model.DefaultGradleConfiguration                   : loaded 2 times (x 77B)
Class org.gradle.internal.impldep.com.google.gson.LongSerializationPolicy$2           : loaded 2 times (x 78B)
Class com.intellij.gradle.toolingExtension.impl.model.dependencyModel.GradleDependencyTraverser$Itr: loaded 2 times (x 81B)
Class org.gradle.api.internal.DefaultClassPathProvider                                : loaded 2 times (x 74B)
Class org.objectweb.asm.AnnotationVisitor                                             : loaded 2 times (x 76B)
Class org.gradle.internal.impldep.com.google.gson.internal.bind.ReflectiveTypeAdapterFactory: loaded 2 times (x 73B)
Class com.google.common.collect.Sets$1                                                : loaded 2 times (x 137B)
Class com.google.common.base.Splitter                                                 : loaded 2 times (x 70B)
Class org.gradle.tooling.internal.consumer.converters.ConsumerTargetTypeProvider      : loaded 2 times (x 74B)
Class [Lcom.android.tools.idea.gradle.model.ResolverType;                             : loaded 2 times (x 67B)
Class com.android.tools.idea.gradle.project.sync.LibraryIdentity                      : loaded 2 times (x 70B)
Class com.android.tools.idea.gradle.model.IdeVariantCore                              : loaded 2 times (x 68B)
Class com.google.common.collect.Cut$BelowValue                                        : loaded 2 times (x 86B)
Class com.google.common.collect.Iterators$PeekingImpl                                 : loaded 2 times (x 87B)
Class com.android.tools.idea.gradle.project.upgrade.AndroidGradlePluginCompatibilityKt: loaded 2 times (x 69B)
Class com.android.tools.idea.gradle.project.sync.BasicIncompleteAndroidModule         : loaded 2 times (x 71B)
Class com.android.tools.idea.gradle.project.sync.JavaModule                           : loaded 2 times (x 72B)
Class com.android.tools.idea.gradle.project.sync.DefaultVariantsKt$getDefaultVariant$$inlined$thenBy$1: loaded 2 times (x 88B)
Class com.android.tools.idea.gradle.project.sync.ActionToRun$toSafeController$1       : loaded 2 times (x 84B)
Class org.gradle.tooling.model.GradleTask                                             : loaded 2 times (x 68B)
Class com.android.builder.model.v2.models.TestSuiteDependenciesAdjacencyList          : loaded 2 times (x 68B)
Class com.google.common.collect.ImmutableSet$SerializedForm                           : loaded 2 times (x 71B)
Class io.opentelemetry.api.trace.TraceFlags                                           : loaded 2 times (x 68B)
Class org.jetbrains.kotlin.idea.gradleTooling.model.allopen.AllOpenModel              : loaded 2 times (x 68B)
Class com.google.common.io.CharSink                                                   : loaded 2 times (x 77B)
Class org.objectweb.asm.Label                                                         : loaded 2 times (x 71B)
Class org.objectweb.asm.CurrentFrame                                                  : loaded 2 times (x 71B)
Class org.objectweb.asm.ClassTooLargeException                                        : loaded 2 times (x 81B)
Class com.google.gson.stream.JsonReader                                               : loaded 2 times (x 95B)
Class org.jetbrains.plugins.gradle.model.tests.DefaultExternalTestsModel              : loaded 2 times (x 75B)
Class org.jetbrains.kotlin.idea.gradleTooling.reflect.TypeToken$Companion             : loaded 2 times (x 69B)
Class org.jetbrains.plugins.gradle.tooling.Message$FilePosition                       : loaded 2 times (x 73B)
Class org.gradle.internal.impldep.com.google.gson.LongSerializationPolicy$1           : loaded 2 times (x 78B)
Class com.google.common.collect.ImmutableEnumMap                                      : loaded 2 times (x 124B)
Class com.google.common.collect.ListMultimap                                          : loaded 2 times (x 68B)
Class org.jetbrains.kotlin.idea.gradleTooling.model.parcelize.ParcelizeModelBuilderService: loaded 2 times (x 79B)
Class JetGradlePlugin                                                                 : loaded 2 times (x 94B)
Class org.objectweb.asm.tree.ClassNode                                                : loaded 2 times (x 89B)
Class org.jetbrains.kotlin.idea.projectModel.KotlinTarget$Companion                   : loaded 2 times (x 69B)
Class org.gradle.tooling.internal.adapter.ProtocolToModelAdapter$ClassMixInMethodInvoker: loaded 2 times (x 74B)
Class com.android.tools.idea.gradle.project.sync.VariantNameResolutionKt$buildVariantNameResolver$1: loaded 2 times (x 73B)
Class com.android.tools.idea.gradle.model.impl.IdeVariantBuildInformationImpl         : loaded 2 times (x 74B)
Class com.android.tools.idea.gradle.model.IdeBaseArtifactCore                         : loaded 2 times (x 68B)
Class com.android.tools.idea.gradle.model.IdeViewBindingOptions                       : loaded 2 times (x 68B)
Class com.android.tools.idea.gradle.project.sync.SyncProjectActionWorker$populateAndroidModels$2$variantDiscovery$1: loaded 2 times (x 76B)
Class com.android.tools.idea.gradle.model.IdeModuleWellKnownSourceSet                 : loaded 2 times (x 82B)
Class com.android.tools.idea.gradle.model.impl.IdeUnresolvedLibraryTable              : loaded 2 times (x 68B)
Class com.intellij.gradle.toolingExtension.impl.util.GradleModelProviderUtil          : loaded 2 times (x 69B)
Class com.google.common.collect.Table                                                 : loaded 2 times (x 68B)
Class com.google.common.collect.Maps$IteratorBasedAbstractMap                         : loaded 2 times (x 123B)
Class org.objectweb.asm.Frame                                                         : loaded 2 times (x 71B)
Class org.objectweb.asm.MethodVisitor                                                 : loaded 2 times (x 103B)
Class com.google.common.cache.LocalCache$EntryFactory$1                               : loaded 2 times (x 81B)
Class [Lcom.google.common.cache.RemovalListener;                                      : loaded 2 times (x 67B)
Class org.gradle.internal.impldep.com.google.common.collect.Iterators$1               : loaded 2 times (x 79B)
Class com.intellij.openapi.externalSystem.model.project.dependencies.DependencyNode   : loaded 2 times (x 68B)
Class org.gradle.api.internal.classpath.EffectiveClassPath                            : loaded 2 times (x 88B)
Class org.jetbrains.kotlin.gradle.idea.tcs.IdeaKotlinDependencyCoordinates            : loaded 2 times (x 68B)
Class org.jetbrains.kotlin.idea.gradleTooling.OrphanSourceSetImportingChecker         : loaded 2 times (x 72B)
Class com.android.tools.idea.gradle.project.sync.SyncVariantResult                    : loaded 2 times (x 70B)
Class com.intellij.gradle.toolingExtension.impl.model.sourceSetDependencyModel.GradleSourceSetDependencyModelProvider: loaded 2 times (x 77B)
Class com.android.tools.idea.gradle.model.impl.IdeVectorDrawablesOptionsImpl          : loaded 2 times (x 73B)
Class org.jetbrains.kotlin.idea.gradleTooling.model.kapt.KaptSourceSetModel           : loaded 2 times (x 68B)
Class com.android.builder.model.v2.models.TestSuiteSource                             : loaded 2 times (x 68B)
Class com.android.tools.idea.gradle.model.IdeBuildTypeContainer                       : loaded 2 times (x 68B)
Class org.gradle.tooling.internal.consumer.versioning.VersionDetails$R28VersionDetails: loaded 2 times (x 78B)
Class com.google.common.cache.LocalCache$EntryFactory$2                               : loaded 2 times (x 81B)
Class org.gradle.api.internal.classpath.GlobalCacheRootsProvider                      : loaded 2 times (x 68B)
Class org.gradle.internal.impldep.com.google.common.base.Objects                      : loaded 2 times (x 69B)
Class com.android.tools.idea.gradle.model.impl.IdeJavaArtifactCoreImpl                : loaded 2 times (x 89B)
Class org.jetbrains.kotlin.tooling.core.Interner                                      : loaded 2 times (x 68B)
Class com.intellij.gradle.toolingExtension.impl.model.dependencyModel.DefaultModuleIdentifier: loaded 2 times (x 76B)
Class org.gradle.internal.impldep.com.google.gson.internal.bind.ReflectiveTypeAdapterFactory$Adapter: loaded 2 times (x 75B)
Class org.gradle.internal.classloader.ClassLoaderVisitor                              : loaded 2 times (x 74B)
Class com.google.common.base.CharMatcher$None                                         : loaded 2 times (x 110B)
Class org.jetbrains.kotlin.idea.gradleTooling.model.lombok.LombokModelBuilderService  : loaded 2 times (x 85B)
Class io.opentelemetry.context.Scope                                                  : loaded 2 times (x 68B)
Class com.android.ide.common.gradle.Component$Companion                               : loaded 2 times (x 69B)
Class com.android.tools.idea.gradle.model.IdeLintOptions                              : loaded 2 times (x 68B)
Class org.gradle.tooling.model.kotlin.dsl.EditorPosition                              : loaded 2 times (x 68B)
Class com.android.tools.idea.gradle.project.sync.DefaultVariantsKt$getDefaultVariant$$inlined$compareBy$1: loaded 2 times (x 88B)
Class com.android.builder.model.v2.dsl.ClassField                                     : loaded 2 times (x 68B)
Class com.google.common.collect.Cut$BelowAll                                          : loaded 2 times (x 86B)
Class com.android.tools.idea.gradle.project.sync.AndroidExtraModelProviderWorkerKt    : loaded 2 times (x 69B)
Class com.android.tools.idea.gradle.model.IdePreResolvedModuleLibrary                 : loaded 2 times (x 68B)
Class org.jetbrains.plugins.gradle.tooling.util.ClassMap                              : loaded 2 times (x 70B)
Class org.jetbrains.plugins.gradle.tooling.builder.ExternalTestsModelBuilderImpl      : loaded 2 times (x 76B)
Class io.opentelemetry.context.propagation.ContextPropagators                         : loaded 2 times (x 68B)
Class com.google.common.collect.CollectCollectors                                     : loaded 2 times (x 69B)
Class org.objectweb.asm.ModuleWriter                                                  : loaded 2 times (x 80B)
Class com.google.common.cache.LocalCache$EntryFactory$3                               : loaded 2 times (x 81B)
Class com.google.common.base.Ticker$1                                                 : loaded 2 times (x 70B)
Class com.google.common.collect.Maps$BiMapConverter                                   : loaded 2 times (x 88B)
Class org.jetbrains.plugins.gradle.tooling.DefaultMessageBuilder                      : loaded 2 times (x 82B)
Class org.gradle.internal.impldep.com.google.gson.internal.bind.DateTypeAdapter$1     : loaded 2 times (x 73B)
Class org.jetbrains.kotlin.idea.gradleTooling.reflect.GradleReflectionLogger          : loaded 2 times (x 73B)
Class org.gradle.internal.impldep.com.google.gson.internal.reflect.ReflectionHelper$RecordHelper: loaded 2 times (x 73B)
Class org.gradle.internal.classloader.DefaultClassLoaderFactory                       : loaded 2 times (x 80B)
Class com.google.common.base.Suppliers                                                : loaded 2 times (x 69B)
Class [Lcom.google.common.cache.CacheBuilder$OneWeigher;                              : loaded 2 times (x 67B)
Class com.android.tools.idea.gradle.model.IdeAndroidArtifactCore                      : loaded 2 times (x 68B)
Class com.android.tools.idea.gradle.model.impl.IdeApiVersionImpl                      : loaded 2 times (x 75B)
Class com.android.tools.idea.gradle.project.sync.AndroidProjectResult$Companion       : loaded 2 times (x 69B)
Class org.objectweb.asm.MethodTooLargeException                                       : loaded 2 times (x 81B)
Class com.google.common.collect.SortedLists$KeyPresentBehavior$1                      : loaded 2 times (x 78B)
Class org.gradle.tooling.model.kotlin.dsl.EditorReportSeverity                        : loaded 2 times (x 77B)
Class com.intellij.gradle.toolingExtension.impl.modelAction.GradleDaemonModelHolder$ConvertedModel: loaded 2 times (x 70B)
Class org.gradle.tooling.internal.consumer.converters.EclipseExternalDependencyUnresolvedMixin: loaded 2 times (x 71B)
Class org.gradle.tooling.model.BuildableElement                                       : loaded 2 times (x 68B)
Class org.gradle.tooling.model.HasGradleProject                                       : loaded 2 times (x 68B)
Class org.gradle.tooling.internal.consumer.versioning.VersionDetails$R44VersionDetails: loaded 2 times (x 78B)
Class org.jetbrains.kotlin.idea.projectModel.KotlinPlatform                           : loaded 2 times (x 77B)
Class [Lcom.intellij.gradle.toolingExtension.modelAction.GradleModelFetchPhase;       : loaded 2 times (x 67B)
Class com.google.common.cache.LocalCache$EntryFactory$4                               : loaded 2 times (x 81B)
Class com.intellij.gradle.toolingExtension.impl.model.dependencyModel.GradleDependencyTraverser: loaded 2 times (x 78B)
Class com.google.common.base.Platform$JdkPatternCompiler                              : loaded 2 times (x 73B)
Class com.intellij.gradle.toolingExtension.impl.model.sourceSetDependencyModel.DefaultGradleSourceSetDependencyModel: loaded 2 times (x 75B)
Class org.jetbrains.kotlin.idea.gradleTooling.AbstractKotlinGradleModelBuilder$Companion: loaded 2 times (x 69B)
Class com.android.tools.idea.gradle.model.IdeArtifactLibrary                          : loaded 2 times (x 68B)
Class com.intellij.gradle.toolingExtension.impl.modelAction.GradleDaemonModelHolder   : loaded 2 times (x 74B)
Class com.android.tools.idea.gradle.model.impl.IdeLintOptionsImpl                     : loaded 2 times (x 101B)
Class com.android.tools.idea.gradle.model.IdeSourceProviderContainer                  : loaded 2 times (x 68B)
Class com.google.common.collect.SortedLists$KeyPresentBehavior$2                      : loaded 2 times (x 78B)
Class io.opentelemetry.api.GlobalOpenTelemetry                                        : loaded 2 times (x 69B)
Class org.gradle.tooling.model.kotlin.dsl.EditorReport                                : loaded 2 times (x 68B)
Class org.gradle.tooling.internal.consumer.connection.NestedActionAwareBuildControllerAdapter$1: loaded 2 times (x 74B)
Class com.android.tools.idea.gradle.model.IdeBaseConfig                               : loaded 2 times (x 68B)
Class com.android.tools.idea.gradle.project.sync.GradleModelCollection                : loaded 2 times (x 68B)
Class com.intellij.gradle.toolingExtension.impl.model.sourceSetModel.GradleSourceSetModelProvider: loaded 2 times (x 77B)
Class org.gradle.tooling.model.build.BuildEnvironment                                 : loaded 2 times (x 68B)
Class com.google.common.io.ByteStreams$1                                              : loaded 2 times (x 83B)
Class com.google.common.cache.LocalCache$EntryFactory$5                               : loaded 2 times (x 81B)
Class org.jetbrains.kotlin.idea.gradleTooling.KotlinMPPGradleModelBinaryBuilder       : loaded 2 times (x 84B)
Class org.jetbrains.kotlin.idea.gradleTooling.model.noarg.NoArgModel                  : loaded 2 times (x 68B)
Class [Lcom.intellij.openapi.externalSystem.model.project.ExternalSystemSourceType;   : loaded 2 times (x 67B)
Class [Lorg.gradle.internal.impldep.com.google.gson.ReflectionAccessFilter$FilterResult;: loaded 2 times (x 67B)
Class org.gradle.internal.impldep.com.google.gson.internal.bind.ReflectiveTypeAdapterFactory$RecordAdapter: loaded 2 times (x 75B)
Class org.gradle.internal.impldep.com.google.gson.internal.bind.DefaultDateTypeAdapter: loaded 2 times (x 72B)
Class org.jetbrains.plugins.gradle.tooling.serialization.internal.IdeaProjectSerializationService$TargetBytecodeVersionGetter: loaded 2 times (x 73B)
Class [Lcom.android.tools.idea.gradle.model.IdeTestOptions$Execution;                 : loaded 2 times (x 67B)
Class org.gradle.internal.impldep.com.google.gson.ToNumberStrategy                    : loaded 2 times (x 68B)
Class com.google.common.collect.SortedLists$KeyPresentBehavior$3                      : loaded 2 times (x 78B)
Class org.gradle.internal.impldep.com.google.common.base.Present                      : loaded 2 times (x 79B)
Class org.gradle.tooling.internal.consumer.connection.HasCompatibilityMapping         : loaded 2 times (x 71B)
Class org.gradle.internal.impldep.com.google.gson.internal.sql.SqlTypesSupport        : loaded 2 times (x 69B)
Class org.objectweb.asm.ClassVisitor                                                  : loaded 2 times (x 86B)
Class org.gradle.tooling.internal.consumer.connection.InternalBuildActionAdapter      : loaded 2 times (x 78B)
Class [Lorg.objectweb.asm.Symbol;                                                     : loaded 2 times (x 67B)
Class com.google.common.cache.LocalCache$EntryFactory$6                               : loaded 2 times (x 81B)
Class org.gradle.internal.installation.CurrentGradleInstallationLocator               : loaded 2 times (x 69B)
Class io.opentelemetry.api.internal.OtelEncodingUtils                                 : loaded 2 times (x 69B)
Class org.gradle.internal.impldep.com.google.gson.internal.bind.TreeTypeAdapter       : loaded 2 times (x 73B)
Class org.gradle.internal.impldep.com.google.gson.internal.bind.DefaultDateTypeAdapter$DateType$1: loaded 2 times (x 71B)
Class [Lorg.gradle.internal.impldep.com.google.gson.FieldNamingStrategy;              : loaded 2 times (x 67B)
Class org.gradle.internal.impldep.com.google.gson.JsonPrimitive                       : loaded 2 times (x 91B)
Class com.android.tools.idea.gradle.model.impl.IdePrivacySandboxSdkInfoImpl           : loaded 2 times (x 78B)
Class com.android.tools.idea.gradle.project.sync.AllKotlinModels                      : loaded 2 times (x 70B)
Class org.jetbrains.plugins.gradle.tooling.serialization.internal.adapter.kotlin.dsl.InternalKotlinDslScriptsModel: loaded 2 times (x 74B)
Class com.android.tools.idea.gradle.model.IdeModuleSourceSet                          : loaded 2 times (x 68B)
Class org.gradle.tooling.internal.consumer.converters.IdeaModuleDependencyTargetNameMixin: loaded 2 times (x 71B)
Class com.google.common.collect.SortedLists                                           : loaded 2 times (x 69B)
Class [Lcom.google.common.collect.SortedLists$KeyPresentBehavior;                     : loaded 2 times (x 67B)
Class com.google.common.collect.SortedLists$KeyPresentBehavior$4                      : loaded 2 times (x 78B)
Class com.android.tools.idea.gradle.project.sync.AgpVersionsMismatch                  : loaded 2 times (x 80B)
Class com.android.builder.model.NativeAndroidProject                                  : loaded 2 times (x 68B)
Class org.gradle.tooling.model.idea.IdeaJavaLanguageSettings                          : loaded 2 times (x 68B)
Class org.gradle.tooling.internal.adapter.ProtocolToModelAdapter$ChainedMethodInvoker : loaded 2 times (x 74B)
Class [Lcom.android.tools.idea.gradle.project.sync.ModelFeature;                      : loaded 2 times (x 67B)
Class com.android.tools.idea.gradle.project.sync.ModelCache$V2                        : loaded 2 times (x 68B)
Class kotlin.jvm.internal.FunctionAdapter                                             : loaded 2 times (x 68B)
Class com.google.common.collect.ImmutableMultimap$Builder                             : loaded 2 times (x 84B)
Class org.objectweb.asm.ClassReader                                                   : loaded 2 times (x 92B)
Class com.google.common.collect.Maps$KeySet                                           : loaded 2 times (x 135B)
Class com.google.common.cache.LocalCache$EntryFactory$7                               : loaded 2 times (x 81B)
Class com.google.common.collect.ImmutableSet$EmptySetBuilderImpl                      : loaded 2 times (x 74B)
Class org.gradle.internal.service.DefaultServiceLocator                               : loaded 2 times (x 81B)
Class ijJvmDebugger1_1u0w1a1rh5o515wpih2583zw6$_run_closure1                          : loaded 2 times (x 137B)
Class sync_studio_tooling9898_1vtuz1rmrboppk24b90n5j1p1                               : loaded 2 times (x 177B)
Class org.jetbrains.kotlin.idea.gradleTooling.KotlinGradlePluginVersion$Companion     : loaded 2 times (x 69B)
Class com.android.ide.common.gradle.Module$Companion                                  : loaded 2 times (x 69B)
Class com.android.tools.idea.gradle.model.impl.IdePreResolvedModuleLibraryImpl        : loaded 2 times (x 79B)
Class org.jetbrains.plugins.gradle.model.ear.EarConfiguration                         : loaded 2 times (x 68B)
Class org.gradle.internal.impldep.com.google.gson.internal.bind.ReflectiveTypeAdapterFactory$FieldReflectionAdapter: loaded 2 times (x 75B)
Class org.gradle.internal.impldep.com.google.gson.internal.bind.TypeAdapters$20       : loaded 2 times (x 73B)
Class org.gradle.internal.impldep.com.google.gson.FieldNamingPolicy                   : loaded 2 times (x 81B)
Class org.gradle.internal.impldep.com.google.gson.JsonElement                         : loaded 2 times (x 90B)
Class org.jetbrains.kotlin.idea.gradleTooling.reflect.KotlinCompilerArgumentsResolverReflectionKt: loaded 2 times (x 69B)
Class org.jetbrains.plugins.gradle.tooling.builder.ScalaModelBuilderImpl              : loaded 2 times (x 79B)
Class org.jetbrains.plugins.gradle.tooling.ModelBuilderContext                        : loaded 2 times (x 68B)
Class com.android.tools.idea.gradle.project.sync.VariantNameResolutionKt              : loaded 2 times (x 69B)
Class com.google.gson.stream.MalformedJsonException                                   : loaded 2 times (x 80B)
Class com.google.common.collect.SortedLists$KeyPresentBehavior$5                      : loaded 2 times (x 78B)
Class com.google.common.collect.ComparisonChain$InactiveComparisonChain               : loaded 2 times (x 78B)
Class com.google.common.io.ByteArrayDataOutput                                        : loaded 2 times (x 68B)
Class io.opentelemetry.context.ContextStorageProvider                                 : loaded 2 times (x 68B)
Class org.jetbrains.plugins.gradle.model.FilePatternSet                               : loaded 2 times (x 68B)
Class org.jetbrains.plugins.gradle.model.GradleLightProject                           : loaded 2 times (x 68B)
Class io.opentelemetry.api.trace.SpanContextKey                                       : loaded 2 times (x 69B)
Class com.android.tools.idea.gradle.project.sync.AdditionalClassifierArtifactsActionOptions: loaded 2 times (x 70B)
Class org.gradle.tooling.internal.consumer.connection.ToolingParameterProxy           : loaded 2 times (x 74B)
Class com.google.common.collect.Maps$EntrySet                                         : loaded 2 times (x 134B)
Class com.google.common.collect.ImmutableMultimap$EntryCollection                     : loaded 2 times (x 126B)
Class com.google.common.cache.LocalCache$EntryFactory$8                               : loaded 2 times (x 81B)
Class org.gradle.internal.installation.CurrentGradleInstallation                      : loaded 2 times (x 71B)
Class org.jetbrains.kotlin.idea.gradleTooling.KotlinTasksPropertyUtilsKt              : loaded 2 times (x 69B)
Class com.android.tools.idea.gradle.project.sync.VariantDef                           : loaded 2 times (x 70B)
Class org.gradle.internal.impldep.com.google.gson.internal.bind.TypeAdapters$21       : loaded 2 times (x 73B)
Class com.android.tools.idea.gradle.project.sync.ClasspathIdentifier                  : loaded 2 times (x 70B)
Class com.android.tools.idea.gradle.project.sync.VariantDiscovery$toTraverseAction$1$1$moduleDependencies$1: loaded 2 times (x 123B)
Class com.intellij.openapi.externalSystem.model.project.dependencies.ProjectDependencyNode: loaded 2 times (x 68B)
Class com.intellij.gradle.toolingExtension.impl.modelBuilder.DefaultMessageReportBuilder: loaded 2 times (x 92B)
Class org.jetbrains.plugins.gradle.model.scala.ScalaModel                             : loaded 2 times (x 68B)
Class com.intellij.openapi.externalSystem.model.project.dependencies.ProjectDependencyNodeImpl: loaded 2 times (x 91B)
Class com.android.tools.idea.gradle.model.IdeUnknownLibrary                           : loaded 2 times (x 68B)
Class org.gradle.internal.impldep.com.google.gson.FieldNamingStrategy                 : loaded 2 times (x 68B)
Class com.android.tools.idea.gradle.project.sync.LibraryIdentity$LibraryIdentityProvider$special$$inlined$compareBy$1: loaded 2 times (x 88B)
Class org.gradle.internal.impldep.com.google.gson.stream.JsonWriter                   : loaded 2 times (x 96B)
Class org.gradle.internal.impldep.com.google.gson.internal.bind.TypeAdapters$29       : loaded 2 times (x 73B)
Class com.intellij.gradle.toolingExtension.impl.model.dependencyModel.GradleDependencyResolver: loaded 2 times (x 70B)
Class com.android.tools.idea.gradle.project.sync.GradleInjectedSyncActionRunner       : loaded 2 times (x 68B)
Class org.gradle.api.internal.classpath.ManifestUtil                                  : loaded 2 times (x 69B)
Class com.google.common.util.concurrent.ExecutionError                                : loaded 2 times (x 80B)
Class com.google.common.collect.ImmutableEnumSet                                      : loaded 2 times (x 144B)
Class org.gradle.tooling.model.gradle.ProjectPublications                             : loaded 2 times (x 68B)
Class org.jetbrains.kotlin.idea.projectModel.KotlinTargetJar                          : loaded 2 times (x 68B)
Class com.google.common.cache.CacheLoader$1                                           : loaded 2 times (x 73B)
Class org.gradle.util.internal.GUtil                                                  : loaded 2 times (x 69B)
Class org.jetbrains.plugins.gradle.model.DefaultGradleExtensions                      : loaded 2 times (x 86B)
Class com.google.common.collect.AbstractMapBasedMultimap$WrappedCollection            : loaded 2 times (x 122B)
Class com.intellij.gradle.toolingExtension.modelProvider.GradleClassProjectModelProvider: loaded 2 times (x 78B)
Class [Lio.opentelemetry.api.trace.ImmutableTraceFlags;                               : loaded 2 times (x 67B)
Class org.gradle.internal.impldep.com.google.gson.internal.bind.TypeAdapters$22       : loaded 2 times (x 73B)
Class org.gradle.internal.impldep.com.google.gson.ToNumberPolicy                      : loaded 2 times (x 81B)
Class com.android.tools.idea.gradle.model.IdeVectorDrawablesOptions                   : loaded 2 times (x 68B)
Class com.intellij.gradle.toolingExtension.impl.model.dependencyDownloadPolicyModel.DefaultGradleDependencyDownloadPolicy: loaded 2 times (x 75B)
Class com.android.tools.idea.gradle.model.IdeSourceProvider                           : loaded 2 times (x 68B)
Class com.android.tools.idea.gradle.model.IdeTestOptions                              : loaded 2 times (x 68B)
Class com.intellij.openapi.diagnostic.DefaultLogger                                   : loaded 2 times (x 98B)
Class com.android.tools.idea.gradle.project.sync.AndroidSdkBootClasspathUtilKt        : loaded 2 times (x 69B)
Class com.android.tools.idea.gradle.model.impl.IdeVariantCoreImpl                     : loaded 2 times (x 104B)
Class com.android.tools.idea.gradle.model.impl.IdeExtraSourceProviderImpl             : loaded 2 times (x 74B)
Class com.intellij.openapi.diagnostic.Attachment                                      : loaded 2 times (x 70B)
Class com.android.tools.idea.gradle.project.sync.AgpVersionTooOld                     : loaded 2 times (x 80B)
Class com.android.tools.idea.gradle.project.sync.GradleProject$ModelConsumer          : loaded 2 times (x 70B)
Class io.opentelemetry.api.trace.TraceId                                              : loaded 2 times (x 69B)
Class com.google.common.io.ByteSource                                                 : loaded 2 times (x 82B)
Class com.google.common.util.concurrent.AbstractFuture$SetFuture                      : loaded 2 times (x 73B)
Class com.google.common.cache.AbstractCache$StatsCounter                              : loaded 2 times (x 68B)
Class ijKotlinCoroutineJvmDebugInit1_29t5pof51w8m2ewngr6waol9e                        : loaded 2 times (x 177B)
Class org.jetbrains.kotlin.idea.gradleTooling.reflect.KotlinSourceSetReflectionImpl   : loaded 2 times (x 80B)
Class org.gradle.internal.impldep.com.google.gson.internal.bind.TypeAdapters$23       : loaded 2 times (x 73B)
Class com.intellij.gradle.toolingExtension.impl.model.sourceSetModel.DefaultGradleSourceSetModel: loaded 2 times (x 78B)
Class com.intellij.gradle.toolingExtension.impl.model.utilDummyModel.DefaultDummyModel: loaded 2 times (x 71B)
Class com.android.tools.idea.gradle.model.impl.IdeSourceProviderImplKt                : loaded 2 times (x 69B)
Class org.gradle.internal.impldep.com.google.gson.JsonSyntaxException                 : loaded 2 times (x 80B)
Class org.gradle.internal.impldep.com.google.gson.internal.bind.TypeAdapters$28       : loaded 2 times (x 73B)
Class com.android.builder.model.v2.ide.TestSuiteTarget                                : loaded 2 times (x 68B)
Class org.gradle.internal.classloader.ClassLoaderHierarchy                            : loaded 2 times (x 68B)
Class com.google.common.io.FileWriteMode                                              : loaded 2 times (x 77B)
Class [Lcom.google.common.base.AbstractIterator$State;                                : loaded 2 times (x 67B)
Class org.gradle.tooling.model.gradle.BasicGradleProject                              : loaded 2 times (x 68B)
Class org.gradle.tooling.internal.consumer.converters.IncludedBuildsMixin             : loaded 2 times (x 72B)
Class io.opentelemetry.api.internal.ImmutableSpanContext                              : loaded 2 times (x 89B)
Class com.android.tools.idea.gradle.model.impl.IdeUnknownLibraryImpl                  : loaded 2 times (x 81B)
Class org.jetbrains.plugins.gradle.tooling.serialization.internal.IdeaProjectSerializationService$11: loaded 2 times (x 74B)
Class com.android.tools.idea.gradle.model.ndk.v1.IdeNativeAndroidProject              : loaded 2 times (x 68B)
Class com.intellij.gradle.toolingExtension.impl.util.collectionUtil.GradleCollectionVisitor: loaded 2 times (x 68B)
Class org.objectweb.asm.Context                                                       : loaded 2 times (x 70B)
Class org.gradle.internal.installation.GradleInstallation                             : loaded 2 times (x 73B)
Class org.jetbrains.plugins.gradle.model.DefaultFileCollectionDependency              : loaded 2 times (x 108B)
Class com.intellij.gradle.toolingExtension.impl.model.dependencyGraphModel.GradleDependencyGraphModelBuilder: loaded 2 times (x 80B)
Class com.intellij.gradle.toolingExtension.impl.model.utilTurnOffDefaultTasksModel.DefaultTurnOffDefaultTasks: loaded 2 times (x 69B)
Class org.gradle.internal.impldep.com.google.gson.internal.bind.TypeAdapters$24       : loaded 2 times (x 73B)
Class com.intellij.util.ExceptionUtilRt$RethrownStack                                 : loaded 2 times (x 80B)
Class com.intellij.gradle.toolingExtension.impl.util.javaPluginUtil.ExtensionJavaPluginAccessor: loaded 2 times (x 80B)
Class org.gradle.internal.impldep.com.google.gson.internal.bind.TypeAdapters$27       : loaded 2 times (x 73B)
Class com.android.tools.idea.gradle.project.sync.StandaloneDeliverableModel$Companion : loaded 2 times (x 69B)
Class org.gradle.internal.impldep.com.google.gson.internal.reflect.ReflectionHelper$RecordNotSupportedHelper: loaded 2 times (x 76B)
Class com.android.tools.idea.gradle.project.sync.AgpCompatibilityKt                   : loaded 2 times (x 69B)
Class org.gradle.internal.classloader.FilteringClassLoader                            : loaded 2 times (x 103B)
Class com.google.common.base.Equivalence$Identity                                     : loaded 2 times (x 80B)
Class io.opentelemetry.api.trace.DefaultTracer                                        : loaded 2 times (x 72B)
Class org.gradle.tooling.internal.adapter.ProtocolToModelAdapter$2                    : loaded 2 times (x 76B)
Class com.google.common.base.PairwiseEquivalence                                      : loaded 2 times (x 81B)
Class com.google.common.base.Splitter$Strategy                                        : loaded 2 times (x 68B)
Class org.jetbrains.plugins.gradle.tooling.util.GradleContainerUtil                   : loaded 2 times (x 69B)
Class org.jetbrains.plugins.gradle.model.DefaultGradleExtension                       : loaded 2 times (x 78B)
Class org.jetbrains.kotlin.idea.gradleTooling.reflect.KotlinCompilerArgumentsResolverReflectionImpl: loaded 2 times (x 73B)
Class org.jetbrains.plugins.gradle.model.ProjectImportModelProvider$GradleModelConsumer: loaded 2 times (x 68B)
Class com.android.tools.idea.gradle.project.sync.ModelFeature                         : loaded 2 times (x 77B)
Class com.android.tools.idea.gradle.model.impl.IdeBuildTypeImpl                       : loaded 2 times (x 90B)
Class com.android.tools.idea.gradle.model.impl.IdeAndroidArtifactCoreImpl             : loaded 2 times (x 100B)
Class com.android.tools.idea.gradle.project.sync.ArtifactDependenciesCompat           : loaded 2 times (x 70B)
Class org.gradle.internal.impldep.com.google.gson.internal.bind.TypeAdapters$25       : loaded 2 times (x 73B)
Class org.jetbrains.plugins.gradle.tooling.serialization.internal.IdeaProjectSerializationService$10: loaded 2 times (x 74B)
Class org.jetbrains.plugins.gradle.tooling.Message                                    : loaded 2 times (x 70B)
Class org.jetbrains.kotlin.idea.gradleTooling.AbstractKotlinGradleModelBuilder        : loaded 2 times (x 79B)
Class org.gradle.internal.impldep.com.google.gson.TypeAdapter$1                       : loaded 2 times (x 72B)
Class org.gradle.internal.impldep.com.google.gson.internal.bind.TypeAdapters          : loaded 2 times (x 69B)
Class org.gradle.internal.impldep.com.google.gson.internal.bind.TypeAdapters$26       : loaded 2 times (x 73B)
Class org.gradle.internal.impldep.com.google.gson.internal.bind.CollectionTypeAdapterFactory$Adapter: loaded 2 times (x 72B)
Class com.android.tools.idea.gradle.model.impl.IdeDependenciesInfoImpl                : loaded 2 times (x 73B)
Class com.intellij.gradle.toolingExtension.impl.model.dependencyModel.DefaultModuleComponentIdentifier: loaded 2 times (x 84B)
Class org.gradle.tooling.model.internal.Exceptions                                    : loaded 2 times (x 69B)
Class org.gradle.tooling.UnsupportedVersionException                                  : loaded 2 times (x 81B)
Class com.intellij.gradle.toolingExtension.impl.model.buildScriptClasspathModel.GradleBuildScriptClasspathModelProvider: loaded 2 times (x 77B)
Class com.intellij.gradle.toolingExtension.impl.modelAction.GradleModelFetchAction    : loaded 2 times (x 84B)
Class org.gradle.tooling.BuildAction                                                  : loaded 2 times (x 68B)

---------------  S Y S T E M  ---------------

OS:
 Windows 11 , 64 bit Build 26100 (10.0.26100.4768)
OS uptime: 2 days 9:00 hours
Hyper-V role detected

CPU: total 12 (initial active 12) (6 cores per cpu, 2 threads per core) family 6 model 165 stepping 2 microcode 0xe2, cx8, cmov, fxsr, ht, mmx, 3dnowpref, sse, sse2, sse3, ssse3, sse4.1, sse4.2, popcnt, lzcnt, tsc, tscinvbit, avx, avx2, aes, erms, clmul, bmi1, bmi2, adx, fma, vzeroupper, clflush, clflushopt, hv, rdtscp, f16c
Processor Information for the first 12 processors :
  Max Mhz: 2496, Current Mhz: 2496, Mhz Limit: 2496

Memory: 4k page, system-wide physical 8013M (735M free)
TotalPageFile size 32589M (AvailPageFile size 66M)
current process WorkingSet (physical memory assigned to process): 1134M, peak: 1204M
current process commit charge ("private bytes"): 1569M, peak: 1577M

vm_info: OpenJDK 64-Bit Server VM (21.0.7+-13880790-b1038.58) for windows-amd64 JRE (21.0.7+-13880790-b1038.58), built on 2025-08-04T20:56:21Z by "builder" with MS VC++ 16.10 / 16.11 (VS2019)

END.
